Log Temuan,Kategori
"1. Saat klik reset, input tahun tidak ikut ter reset (gambar 1)<br><br>2. setelah input semua field &gt; kemudian klik reset &gt; kemudian klik simpan (kondisi hanya input ""cakupan pemeriksaan""), data berhasil tersimpan meski beberapa field masih kosong. dan yang tersimpan data sebelum reset (gambar 2)<br><br>3. <b>Sandi KAP</b> tidak auto terisi (gambar 5)<br>",Mayor
1. tidak ada kolom Sektor pada mockup<br><br>2. tidak ada filter Sektor pada Detail Risiko Bawaan<br><br>3. belum ada button Kembali ke Halaman Sebelumnya<br>,Mayor
"Saat klik reset, input tahun tidak ikut ter reset<br>",Mayor
1. keterangan error saat gagal edit data belum sesuai (gambar 1)<br><br>2. belum ada keterangan penyebab gagal edit saat mengosongkan field (gambar 1)<br>,Minor
belum ada delete button<br>,Mayor
Tampilan form tambah &amp; edit belum sesuai mockup<br>,Minor
Urutan list data tabel pada hasil export excel tidak sesuai aplikasi<br>,Minor
1. text belum sesuai mockup (gambar 1)<br><br>2. text pada tabel belum sesuai struktur data (gambar 2)<br><br>3. buat header tabel rata tengah<br>,Kosmetik
"Informasi teknis builder web tidak dibutuhkan, sebaiknya di takeout. (SS)",Kosmetik
belum ada tanda mandatory (*)<br>,Kosmetik
terdapat perbedaan nama kolom antara struktur data dan aplikasi<br>,Kosmetik
Fitur sorting error (gambar 1)<br>,Mayor
1. tidak ada kolom Sektor pada mockup<br><br>2. tidak ada filter Sektor pada Detail Risiko Bawaan<br>,Minor
belum ada delete button<br>,Mayor
"1. Saat klik reset, input tahun tidak ikut ter reset (gambar 1)
<br><br>2. setelah input semua field &gt; kemudian klik reset &gt; kemudian klik simpan, data berhasil tersimpan meski beberapa field masih kosong (gambar 2)<br>",Mayor
"pada list dropdown status tidak ada status ""Tidak Aktif Sementara"" padahal pada data terdapat data dengan status ""Tidak Aktif Sementara""<br>",Mayor
"Saat klik reset, input tahun tidak ikut ter reset<br>",Mayor
"pada list dropdown status tidak ada status ""Tidak Aktif Sementara"" padahal pada data terdapat data dengan status ""Tidak Aktif Sementara""<br>",Mayor
belum ada keterangan penyebab gagal edit saat mengosongkan field (gambar 1)<br>,Minor
Tampilan form tambah &amp; edit belum sesuai mockup<br>,Minor
Urutan list data tabel pada hasil export excel tidak sesuai aplikasi<br>,Minor
"Tombol Download berantakan, tidak rata baik komponen semua, atau semua industri&nbsp;",Kosmetik
tulisannya masih SIPM Fixed Report dll. belum sesuai dengan nama aplikasi saat ini (SIPKK),Mayor
"Idealnya tab username, password dan captcha kosong. Kondisi existing sudah terisi (SS). Kondisi idealnya harusnya (SS1)<br>",Kosmetik
saat di klik belum berfungsi,Mayor
"1. Jumlah pada tabel ""Data rekapitulasi informasi risk asesmen KAP"" seharusnya hanya mengambil berdasarkan data 6 tahun terakhir di tabel ""Data Riwayat Pemeriksaan KAP"" (Gambar 1)<br><br>2. Beberapa KAP pada kolom ""Kepatuhan"" masih belum menampilkan jumlah yang sesuai (gambar 2)<br><br>3. Jika datanya kosong, data tertulis berbeda, ada yang - atau 0 (gambar 3)<br><br>4. data pada kolom ""Sanksi administrasi"" belum sesuai (gambar 4)<br>",Mayor
notif gagal import dimohon untuk menggunakan Bahasa Indonesia<br>,Kosmetik
"Fungsi pagination belum sesuai, mohon dicek kembali, cek semua pagination apda setiap menu",Mayor
"Ketika pilih pada Page Size, tampil Internal Server Error",Mayor
Typo di header<br><br>Adjust ke semua risiko<br><br>Adjust ke export PDF dan excel,Kosmetik
"1. Konten rasio blm sesuai dengan template (SS)<br><br>2. Numbering blm urut (SS1, SS2)<br><br>Adjust ke export PDF dan excel",Minor
1. Fitur search error (gambar 1)<br><br>2. Hasil search tidak sesuai input (gambar 2)<br>,Mayor
"Ketika klik Delete, tidak ada respon apaun dari server",Mayor
Saat merubah Perusahaan dan periode laporan muncul error seperti pada ss,Fatal
harusnya pada drafter belum ada tombol SETUJUI,Mayor
"Posisi saat ini sedang review, namun pada tabel Konseptor, list adanya drafter dan approver, dan username belum sesuai. cek lampiran",Mayor
"1. Field mandatory belum diberikan simbol&nbsp;<b>* (lakukan untuk semua field yang mandatory)</b><br>2. saat tambah data, reset tidak mereset sektor<br>3. klik detail data, pilih salah satu data, lalu klik ubah data, notifikasi pada kata di ubah harusnya <b>diubah</b><br>4. Field mandatory pada <b>tambah data</b> belum diberikan simbol <b>*</b><br>5. Saat tambah data, notifikasi pada kata di tambahkan seharusnya <b>ditambahkan</b>",Minor
"1. Konten rasio blm sesuai dengan template (SS)<br><br>2. Numbering blm urut (SS1, SS2)<br><br>Adjust ke export PDF dan excel",Minor
"Saat berhasil menambahkan data, notifikasi pada kata di tambahkan harusnya&nbsp;<b>ditambahkan</b>",Kosmetik
"ketika mau ajukan proses, tampil modal ajukan proses, namun tulisan AJUKAN APPROVER atau AJUKAN CHECKER tidak utuh (bertumpuk dengan radio button)",Minor
"Ketika klik Delete, tidak ada respon apapun dari server",Mayor
Semua fungsi filter tidak berjalan. Muncul notif error (SS).&nbsp;<br><br>Adjust ke export PDF dan excel,Mayor
Kolom riwayat konseptor harusnya engga bisa diisi (SS)<br><br>Adjust ke export PDF dan excel,Minor
"Drafter submited ke checker, klik export PDF/excel muncul error (SS)",Fatal
"1. Kalo udh submited dr drafter, harusnya konseptor disini akan diisi detail role yg akan bekerja (tp ini yg ke record cuma drafter &amp; approver), checkernya ilang (SS)<br><br>2. Typo (SS1)<br><br>Adjust ke export PDF dan excel",Minor
"Ajukan Proses > Ajukan Checker > Klik Pilih, modal tampil dibelakang modal Ajukan Proses",Mayor
"tanggal penunjukan, antara tanggal dan jam belum terdapat pemisah, kasih jarak atau separator",Kosmetik
"1. Penamaan PIC sektor tidak konsisten (IKNB)<br><br>2. Ketika melakuan filter data IKNB, data tidak muncul dikarenakan penamaan tidak konsisten<br>",Mayor
1. Klik Batal&gt;muncul notif gagal&gt;tp aksinya ga aktif (harusnya aksinya akan muncul 3 button lg) (SS),Fatal
"nilai awal, koreksi, akhir, untuk akun rasio belum ada.",Mayor
"Based on konfirmasi dari DPEA. Seharusnya button yg muncul setiap role sbb:<br>1. Drafter dan Reviewer: Simpan, Submit, Preview<br>2. Approver: Revisi dan Setujui",Minor
"Based on konfirmasi dari DPEA. Seharusnya button yg muncul setiap role sbb:<br>1. Drafter dan Reviewer: Simpan, Submit, Preview<br>2. Approver: Revisi dan Setujui",Minor
"kondisi setelah approve, klik tombol batal > Submit

tampil, Data Gagal disimpan",Fatal
"pada header tabel komponen posisi, nilaiAwal, NilaiKoreksi, NilaiAkhir belum ada pemisah atau spasi",Kosmetik
"1. Text belum sesuai mockup (gambar 1)
<br><br>2. header tabel buat rata tengah<br>",Kosmetik
"1. belum ada kolom ""Sandi KAP"" sesuai struktur data (gambar 1)<br>",Minor
1. Fitur sorting tidak bekerja (gambar 1)<br>,Mayor
"Nilai pada Nilaiwal,koreksi,akhir sebaiknya rata kanan",Minor
"ketika akses http://10.224.60.106/PeerGroup tanpa melalui login terlebih dahulu, tampil error (seharusnya force ke halaman login)<br><br><i style="""">Object reference not set to an instance of an object.</i>",Mayor
Tombol submit filter dan reset filter pada sub menu Rekapitulasi Perbandingan DPP dan Penerimaan tidak berfungsi<br>,Mayor
"Based on konfirmasi dari DPEA. Seharusnya button yg muncul setiap role sbb:<br>1. Drafter dan Reviewer: Simpan, Submit, Preview<br>2. Approver: Revisi dan Setujui",Minor
"Data sudah dipilih, tp tidak ada update status (SS)",Mayor
"drafter sudah submit komponen posisi, pada reviewer belum ada notifikasi",Mayor
tombol export tidak dapat melakukan export data<br>,Mayor
"1. Export data belum terdapat kolom status<br>2. Export data tambahkan <b>header </b>sesuai dengan menunya contoh <b>Master Data - Nilai Probabilitas</b><br>3. Pada<b>&nbsp;</b><b>export&nbsp;</b><b>nilai probabilitas detil, belum terdapat kolom status, </b>tambahkan <b>header </b>contoh <b>Master Data - Nilai Probabilitas Sektor xxx Tahun xxx versi xx</b>",Mayor
"filter : apabila hanya diisi periode awal, maka klik filter tampil error",Mayor
tidak dapat delete data,Mayor
data yang berhasil di-import belum tampil<br>,Mayor
"pilih pada Filter <b>tidak aktif</b>, lalu pilih salah satu data dan ubah status menjadi <b>aktif</b>, muncul <b>notifikasi berhasil ubah status</b>, namun <b>status tidak berubah</b>",Fatal
Setiap proses pengajuan/review/approver seharusnya muncul notif (SS)<br><br>Adjust ke All Rasio,Minor
1. Konten rasio blm sesuai dengan template (SS)<br><br>2. Numbering blm urut (SS)<br><br>Adjust ke export PDF dan excel,Minor
1. Konten rasio blm sesuai dengan template (SS)<br><br>2. Numbering blm urut&nbsp;<br><br>Adjust ke export PDF dan excel,Minor
1. Konten rasio blm sesuai dengan template (SS)<br><br>2. Numbering blm urut&nbsp;<br><br>Adjust ke export PDF dan excel,Minor
"1. Seharusnya kalo udh di approve, tiap kolom akan muncul data terkait (SS)",Minor
1. Konten rasio blm sesuai dengan template (SS)<br><br>2. Numbering blm urut&nbsp;<br><br>Adjust ke export PDF dan excel,Minor
"terdapat icon tidak diperlukan, lebih baik dihapus saja. (SS)",Kosmetik
1. Konten rasio blm sesuai dengan template (SS)<br><br>2. Numbering blm urut&nbsp;<br><br>Adjust ke export PDF dan excel,Minor
"1. Ketika dilakukan sortir Ascending / Descending, penomoran pada item tidak berubah. (SS)<br><br>2. Setelah dilakukan sortir tsb, hasil export tidak mengikuti perubahan urutan secara Ascending / Descending. (SS)",Mayor
"label mandatory belum ada, mohon ditambahkan. (SS)",Minor
"Fungsi sortir pada kolom ""No."" tidak berfungsi. (SS)",Minor
"1. Ketika dilakukan sortir Ascending / Descending, penomoran pada item tidak berubah. (SS)<br><br>2. Setelah dilakukan sortir tsb, hasil export tidak mengikuti perubahan urutan secara Ascending / Descending. (SS)",Mayor
"untuk dati I dan dati II masih berupa sandi, tolong dibuatkan sesuai nama dati tsb",Minor
"setting pada CAM pengumuman tanggal 05/02/2025 namun pada Beranda SIPKK tidak tampil, tapi tampil pada LIHAT SEMUA PENGUMUMAN",Mayor
Periode 2025 masih blm ada di dropdown (SS),Minor
"Ketika berada Halaman Lihat Semua Pengumuman, 
tidak dapat mengakses / expand sub Menu",Mayor
Periode 2025 masih blm ada di dropdown (SS)&nbsp;,Minor
"kondisi: sedang pada halaman beranda, notifikasi Pesan tampil angka 1, 
kondisi: ketika pada halaman selain beranda, notifikasi pesan tidak tampil angka",Mayor
Header pada export excel masih blm sesuai di web,Minor
kolom isi pesan belum tidak rapi,Mayor
Header pada export excel masih blm sesuai di web,Minor
"Ketika klik log koreksi, breadcrumb masih tidak sesuai, krn jadi berubah (SS)",Minor
header dibuat center,Kosmetik
"tidak ada panah sub menu Profil, Ganti peran ketika sedang berada pada halaman todolist atau halaman selain beranda",Mayor
inkonsisten penggunaan Scrollbar dan Pagination,Minor
"ketika aksi ubah paramater, klik Ubah, tampil halaman error",Mayor
Header dibuat center,Kosmetik
Nilai Rasio pada Risiko - ITE <br>- Likuiditas<br>- Pasar<br>- Permodalan<br>- Rentabilitas<br>- Kredit<br><br>belum tampil,Fatal
"1. By default, seharusnya kalo blm ada periode yang di filter, maka interface akan kosong (SS)<br><br>2. Kalo klik reset, idealnya interface data akan kosong",Minor
nama kolom mohon untuk diratatengahkan<br>,Kosmetik
"Tombol Download berantakan, tidak rata<br><br><br>(K)",Kosmetik
nama kolom mohon untuk diratatengahkan (aplikasi dan hasil export)<br>,Kosmetik
"1. tombol ""submit filter"" dan ""reset filter"" tidak berfungsi<br><br>2. Data hasil export tidak sesuai dengan data yang ada pada aplikasi<br>",Mayor
Konten rasio blm sesuai dengan template (ss)<br><br>Nama kolom pada bulan masih belom sesuai (ss1)<br><br>(K),Minor
Header pada export excel masih blm sesuai di web,Minor
belum terdapat log/catatan terkait upaya log on yang gagal dan berhasil,Fatal
dapat login tidak sesuai dengan passwordnya,Fatal
radio button dan label tumpang tindih,Kosmetik
"Role Perizinan masih dapat mengakses halaman 'Risk Assesment', seharusnya tidak bisa sesuai T11. (SS)",Fatal
"Ketika klik Delete, tidak ada respon apapun dari server
<br><br>(K)",Mayor
"1. nama kolom mohon untuk diratatengahkan (aplikasi dan hasil export)<br><br>2. Saat Tambah Data Sanksi KAP, mohon untuk isian yang dapat diisi/edit tidak berwarna gelap<br>",Kosmetik
Saat hapus salah satu baris hasil dari unggah template terdapat error,Mayor
unduh template P2PL isinya bkn P2PL,Mayor
"1. Ketika klik tambah data likuiditas (berhubung ada delay), dan button tambah data masih bisa diklik sehingga menyebabkan data muncul double. <br><br>Idealnya ketika klik tambah data seharusnya muncul sign loading dan button tambah data harusnya disable (SS)",Minor
sdh klik simpan pada unggah metadata output namun sheet tidak muncul di list,Mayor
"1. Seharusnya edit data tidak bisa dihapus (SS). Kalopun memang bisa dihapus, button hapus tidak berfungsi&nbsp;<br>",Minor
"1. tombol ""reset filter"" tidak berfungsi<br><br>2. header pada kolom hasil export belum rata tengah seperti pada web<br><br>3. tombol ""reset"" pada aksi edit data tidak berfungsi<br>",Mayor
"tampilkan sheet, pilih summary keuangan, cari pada nama data laba, lalu hapus salah satu data yg tampil, muncul notifikasi berhasil, namun data ttp ada pada list detil",Mayor
"Kolom nama tidak konsisten, ada yg menampilkan sandi ada yg tidak<br>",Mayor
Tidak ada list dropdown versi<br>,Mayor
Field mandatory belum diberikan simbol * (lakukan untuk semua field yang mandatory)<br>,Minor
nama kolom mohon untuk diratatengahkan untuk aplikasi dan hasil exportnya<br>,Kosmetik
Data tidak tampil walaupun sudah diproses (menggunakan data september 2024 dan desember 2024),Mayor
Belum ada tombol kembali seperti pada mockup pada halaman edit dan detail<br>,Mayor
teks navigasi belum sesuai mockup.&nbsp;<b>lakukan untuk semua halaman master data</b><br>,Kosmetik
teks navigasi belum sesuai mockup.&nbsp;<b>lakukan untuk semua halaman master data</b><br>,Kosmetik
"1. Fitur sorting pada kolom No tidak bekerja (gambar 1)
<br><br>&nbsp;2. Fitur sorting pada kolom No akan hilang setelah melakukan sorting pada kolom lainnya
<br><br>3. Urutan list data tabel pada hasil export excel tidak sesuai aplikasi (gambar 2)<br>",Mayor
Konten rasio blm sesuai dengan template (ss)<br><br>(K),Minor
Konten rasio blm sesuai dengan <br>template (ss)<br><br>(K),Minor
teks navigasi belum sesuai mockup.&nbsp;<b>lakukan untuk semua halaman master data</b><br>,Kosmetik
"1. Fitur sorting pada kolom No tidak bekerja (gambar 1)
<br><br>2. Fitur sorting pada kolom No akan hilang setelah melakukan sorting pada kolom lainnya
<br><br>3. Urutan list data tabel pada hasil export excel tidak sesuai aplikasi (gambar 2)<br>",Mayor
"1. Jika klik Simpan tanpa mengisi form dengan status mandatory, Sandi KAP, STTD KAP, Nama KAPA/OAA dan Sandi KAPA/OAA terhapus<br><br>2. Dokumen Pendukung yang ditambahkan tidak tersimpan saat ditambahkan<br><br>3. saat Simpan data, belum ada notifikasi/popup data berhasil disimpan jika data berhasil disimpan<br><br>4. Nama kolom pada hasil Export mohon diratatengahkan&nbsp;<br>",Mayor
Konten rasio blm sesuai dengan<br>template (ss)<br><br>(K),Minor
1. Header pada kolom hasil export belum rata tengah seperti pada web<br><br>2.&nbsp; Data tahun LPKJ dan Tahun EKAP tidak menghilang ketika dilakukan reset filter<br>,Mayor
"Konten rasio blm sesuai dengan template (ss)
<br><br>saat baru melakukan tambah data seharusnya belum ada user create dan approved (ss1)<br><br>&nbsp;(K)",Minor
Konten rasio blm sesuai dengan template (ss)<br><br>saat baru melakukan tambah data seharusnya belum ada user create dan Reviewer (ss1)<br><br>&nbsp;(K),Minor
Konten rasio blm sesuai dengan template (ss)<br><br>saat baru melakukan tambah data seharusnya belum ada user create dan Reviewer (ss1)<br><br>&nbsp;(K),Minor
teks navigasi belum sesuai mockup.&nbsp;<b>lakukan untuk semua halaman master data</b><br>,Kosmetik
"1. Belum ada fitur sorting pada kolom No (gambar 1)<br><br>2. setelah klik tombol ubah status kemudian tidak jadi mengubahnya, ikon berubah menjadi tanda tanya ?&nbsp;<b>lakukan di semua tombol ubah status</b>&nbsp;(gambar 2)<br><br>3. Default sorting saat status&nbsp;<b>aktif&nbsp;</b>seharusnya&nbsp;<b>berdasarkan data yg baru ditambahkan</b>&nbsp;(gambar 3)<br><br>4. Default sorting saat status&nbsp;<b>tidak aktif</b>&nbsp;seharusnya&nbsp;<b>berdasarkan data yg baru dinonaktifkan</b>&nbsp;(gambar 4)<br>",Mayor
Urutan list data tabel pada hasil export excel tidak sesuai aplikasi<br>,Minor
"1. Tidak ada kolom status pada data hasil export seperti pada aplikasi<br><br>2. Data ""Pilih Sektor"" tidak tereset ketika menekan tombol reset ketika tambah data<br><br>3. Icon berubah ketika tidak jadi mengubah status dari aktif menjadi tidak aktif maupun sebaliknya<br>",Mayor
teks navigasi belum sesuai mockup.&nbsp;<b>lakukan untuk semua halaman master data</b><br>,Kosmetik
"User Create, User Reviewer dan User Approved tidak tampil<br><br>(K)",Mayor
"jika klik button Reset Filter setelah melakukan filter, indikator loading tidak kunjung hilang<br>",Minor
"1. saat edit data yg statusnya <b>aktif </b>kemudian langsung klik simpan tanpa edit apapun data bisa tersimpan, namun pada data yg statusnya <b>tidak aktif </b>saat langsung klik simpan<b>&nbsp;</b>terkena validasi<br><br>2. Default sorting saat status&nbsp;<b>tidak aktif</b>&nbsp;seharusnya&nbsp;<b>berdasarkan data yg baru dinonaktifkan</b>&nbsp;(gambar 1)<br>",Mayor
seharusnya ketika data aktif -&gt; pake ikon <b>Centang </b>(enable to disable) dan ketika data tidak aktif -&gt; pake ikon <b>X </b>(disable&nbsp;to&nbsp;enable)<br>,Minor
teks navigasi belum sesuai mockup.&nbsp;<b>lakukan untuk semua halaman master data</b><br>,Kosmetik
"1. belum ada fitur sorting pada kolon <b>No </b>(gambar 1)
<br><br>2. pada kolom sektor, sorting tidak bisa sorting <b>desceding </b>(gambar 1)<br><br>3. Default sorting saat status <b>aktif </b>seharusnya <b>berdasarkan data yg baru ditambahkan</b> (gambar 2)<br><br>4. setelah klik tombol ubah status kemudian tidak jadi mengubahnya, ikon berubah menjadi tanda tanya (?)&nbsp;<b>lakukan di semua tombol ubah status</b> (gambar 3)<br><br>5. Default sorting saat status <b>tidak aktif</b> seharusnya&nbsp;<b>berdasarkan data yg baru dinonaktifkan</b>&nbsp;(gambar 4)<br>",Mayor
Export data belum terdapat kolom <b>status </b>+ tambahkan header contoh <b>Master Data - Bobot Risiko</b>&nbsp;+ buat header excel dan aplikasi rata tengah (gambar 1)<br>,Mayor
nama kolom mohon diratatengahkan pada aplikasi dan hasil export<br>,Kosmetik
1. Icon berubah ketika tidak jadi mengubah status<br><br>2. Icon ubah status data seharusnya menggunakan icon tanda silang<br>,Kosmetik
1. ukuran Font tidak sesuai dengan yang lain<br><br>2. untuk isian yang bisa diedit mohon diubah ke warna putih<br>,Kosmetik
teks navigasi belum sesuai mockup.&nbsp;<b>lakukan untuk semua halaman master data</b><br>,Kosmetik
"1. Tidak ada kolom status pada data hasil export seperti pada aplikasi<br><br>2. Data ""Pilih Sektor"" tidak tereset ketika menekan tombol reset ketika tambah data<br><br>3. Icon berubah ketika tidak jadi mengubah status dari tidak aktif menjadi aktif maupun sebaliknya<br>",Minor
"1. sorting nilai selalu asceding (gambar 1)<br><br>2. Hasil export belum ada kolom status + tambahkan header contoh&nbsp;<b>Master Data - Bobot Risiko Sektor xxx Tahun xxx versi xx&nbsp;</b>+ buat header excel dan aplikasi rata tengah<b>&nbsp;</b>(gambar 2)<br><br>3. seharusnya tidak bisa tambah &amp; edit data bila deskripsinya sama dengan data sebelumnya (gambar 3)<br><br>4. Default sorting saat status&nbsp;<b>tidak aktif</b>&nbsp;seharusnya&nbsp;<b>berdasarkan data yg baru dinonaktifkan</b>&nbsp;(gambar 4)<br><br>5. saat membuka halaman detail, muncul pesan error + data tabel tidak tampil<br>",Mayor
1. Jumlah items di sebelah page masih salah (SS)<br><br>2. Klik button dropdown page size masih muncul notif error (SS1)<br>,Mayor
1. Jumlah items di sebelah page masih salah (SS)<br><br>2. Klik button dropdown page size masih muncul notif error (SS)<br><br>3. Kolom login dan logout masih kosong (SS1)<br><br>4. Coba login &amp; logout tgl 7 Februari tp data tidak terupdate (SS),Mayor
radio button dan label tumpang tindih (SS),Kosmetik
1. Tidak ada kolom status pada data hasil export seperti pada aplikasi<br><br>2. Icon berubah ketika tidak jadi mengubah status dari aktif menjadi tidak aktif maupun sebaliknya pada Supervisory Attention Index Detail<br>,Minor
setelah melakukan tes dan posting tapi datanya masih&nbsp;belom&nbsp;tampil<br><br>(K),Mayor
"saat baru buka menu berikut, muncul pesan error + gagal menampilkan&nbsp;data&nbsp;tabel<br>",Mayor
Data dari SIPO belum bisa diuji<br>,Mayor
"nama file export pada hasil export Riwayat Teguran/Peringatan Tertulis berdasarkan POJK AP/KAP dalam 2 Tahun terakhir dan Riwayat Pembekuan dalam 3 Tahun terakhir, file extentionnya double<br>",Kosmetik
hasil export tab Riwayat Pembekuan dalam 3 Tahun Terakhir belum tampil<br>,Mayor
"Pada<b>&nbsp;</b><b>export&nbsp;</b><b>nilai probabilitas detil,&nbsp;</b>&nbsp;<b>header&nbsp;</b>kurang sektor sesuai yang dipilih&nbsp; harusnya&nbsp;Master Data - Nilai Probabilitas<b> Sektor</b> <b>IKNB</b> Tahun 2025 versi 1",Minor
nama kolom pada hasil export mohon untuk diratatengahkan<br>,Kosmetik
teks navigasi belum sesuai mockup. <b>lakukan untuk semua halaman master data</b><br>,Kosmetik
"1. Fitur sorting pada kolom <b>Tahun </b>dan <b style="""">Versi </b>tidak bekerja (gambar 1)<br><br>2. fitur sorting pada kolom <b>No </b>belum ada (gambar 1)<br><br>3. setelah klik tombol ubah status kemudian tidak jadi mengubahnya, ikon berubah menjadi tanda tanya ?&nbsp;<b>lakukan di semua tombol ubah status</b>&nbsp;(gambar 2)<br><br>4. Default sorting saat status&nbsp;<b>aktif&nbsp;</b>seharusnya&nbsp;<b>berdasarkan data yg baru ditambahkan</b><br><br>5. Default sorting saat status&nbsp;<b>tidak aktif</b>&nbsp;seharusnya&nbsp;<b>berdasarkan data yg baru dinonaktifkan</b><br>",Mayor
Idealnya interface pada SS yg ini masih bisa diubah filter IJK &amp; periode nyaa (SS)<br>,Minor
Export data belum terdapat kolom status + tambahkan header contoh Master Data - Nilai Dampak + buat header excel dan aplikasi rata tengah (gambar 1)<br>,Mayor
buat header tabel pada excel dan <b>aplikasi </b>rata tengah<br>,Minor
buat header tabel pada excel dan <b>aplikasi</b> rata tengah<br>,Minor
teks navigasi belum sesuai mockup. <b>lakukan untuk semua halaman master data</b><br>,Kosmetik
1. Export data <b>belum terdapat kolom status</b> + tambahkan header contoh Master Data - <b>Nilai Dampak&nbsp;Sektor xxx Tahun xxx versi xx</b>&nbsp;+ buat header excel&nbsp;&nbsp;<b>rata tengah</b> (gambar 1)<br><br>2. Urutan list data tabel pada hasil export excel tidak sesuai aplikasi (gambar 1)<br>,Mayor
"Tombol ubah status berubah, ketika batal melakukan perubahan status. (SS)
<br><br>*Mohon sesuaikan untuk semua jenis fitur yg sama",Minor
penulisan contoh total nilai belum sesuai mockup<br>,Kosmetik
"1. seharusnya hanya Jenis Sanksi ""<b>Sanksi - Denda</b>"" dan ""<b>Upaya Penagihan - Surat Teguran 1 terkait Denda/Pungutan</b>""<br><br>2. jika edit dokumen, isi <b>Dokumen Pendukung</b> pindah ke&nbsp;<b>Upload Surat Sanksi </b>dan Dokumen Pendukung jadi kosong<br>",Mayor
"1. labeling <b>""jenis aksi""</b> pada tabel belum disesuaikan dengan labeling <b>""aksi""</b> pada&nbsp;filter&nbsp;data<br><br>2. Penulisan kata <b>""Aktifitas""</b> seharusnya menjadi <b>""Aktivitas""<br></b><br>3. Urutan data pada file hasil export dan pada aplikasi berbeda<br>",Minor
seharusnya ketika data aktif -&gt; butten ubah&nbsp;pake ikon <b>Centang</b> (enable to disable) dan ketika data tidak aktif -&gt; pake ikon <b>X </b>(disable to enable)<br>,Minor
"data yg statusnya <b>tidak aktif</b>, setelah klik ubah status datanya tidak berubah jadi <b>aktif<br></b>",Mayor
seharusnya ketika data aktif -&gt; button ubah pake ikon <b>Centang </b>(enable to disable) dan ketika data tidak aktif -&gt; pake ikon <b>X </b>(disable to enable)<br>,Minor
"1. header tabel aplikasi dan file excel export buat rata tengah<br><br>2. pada menu sektor, list urutan data di excel tidak sesuai dengan aplikasi.<br><br>3. pada menu sektor, buat kolom <b>No </b>melekat dengan datanya saat di sorting<br>",Mayor
Hasil Export masih menampilkan html code. (SS),Minor
"Typo pada ""Body Content"". (SS)",Kosmetik
list urutan data di excel tidak sesuai dengan aplikasi. seharusnya urut dari tanggal terbaru<br>,Mayor
masih bisa tambah atau edit&nbsp;<b>Total Nilai</b> dengan nilai asal (tidak seperti&nbsp;contoh)<br>,Mayor
Detail Data tidak bisa diakses<br>,Mayor
Detail Data tidak bisa diakses<br>,Mayor
Tidak bisa di akses<br>,Mayor
"Kenapa kalo proses loading udah selesai, muncul notif loading di last page (SS)",Minor
search blm berfungsi,Mayor
"1. untuk isi tabel, slain Nilai Pendanaan Outstanding dibuat rata kiri<br><br>2. footer pada export pdf dibuat pada seluruh halaman<br>",Minor
Kata <i>Summary</i> pada header dibuat italic<br>,Kosmetik
Edit Upload Surat Sanksi dan Dokumen Pendukung tidak bisa menggunakan extention ZIP<br>,Mayor
Judul tabel dibuat center,Kosmetik
Judul tabel dibuat center,Kosmetik
Judul tabel dibuat center,Kosmetik
"1. pada kolom informasi masih terdapat redundan no contoh informasi <b>1. Kas dan Setara Kas </b>padahal sdh ada kolom no<br><br>2. bulan tidak urut&nbsp;<br><br>3. pada export pdf, footer dibuat pada seluruh halaman<br><br>4.apabila data tidak tersedia sebaiknya tidak memunculkan laporan langsung diberikan message ""Data Tidak Tersedia""",Minor
List versi seharusnya diurutkan dari terkecil<br>,Minor
"1. pada kolom informasi masih terdapat redundan no contoh informasi&nbsp;<b>1. Pendapatan atas Komisi/Ujrah&nbsp;</b>padahal sdh ada kolom no<br><br>2.pada export pdf, footer dibuat pada seluruh halaman<br><br>4.apabila data tidak tersedia sebaiknya tidak memunculkan laporan langsung diberikan message ""Data Tidak Tersedia""",Minor
"1. pada kolom informasi masih terdapat redundan no contoh informasi&nbsp;<b>4. Deviden&nbsp;</b>padahal sdh ada kolom no<br><br>2.pada export pdf, footer dibuat pada seluruh halaman<br><br>3.apabila data tidak tersedia sebaiknya tidak memunculkan laporan langsung diberikan message ""Data Tidak Tersedia""",Minor
parameter <b>bobot risiko</b> belum tampil (gambar 1)<br>,Mayor
"1. pada kolom informasi masih terdapat redundan no contoh informasi&nbsp;<b>1.&nbsp;</b><b>Arus Kas Masuk dari Kegiatan Pembiayaan </b>padahal sdh ada kolom no<br><br>2.pada export pdf, footer dibuat pada seluruh halaman<br><br>3.apabila data tidak tersedia sebaiknya tidak memunculkan laporan langsung diberikan message ""Data Tidak Tersedia"" ",Minor
"1. Tulisain <i><b>Inclusivity </b></i>dibuat italic&nbsp;<br><br>2. Bulan tidak urut<br><br>3. Pada filter terdapat <b>jenis laporan</b>, sebaiknya Jenis Laporan dimunculkan juga pada tampilan laporan dan export.<br><br>4. Terdapat informasi yang belum ada pada aplikasi namun di template ada (<b>pastikan lagi sesuai template</b>)<br><br>5. No masih banyak yg kosong<br><br>6. Pada export pdf, footer dibuat pada seluruh halaman<br>",Mayor
1. penulisan header tabel belum sesuai mockup (gambar 1)<br><br>2. Button seharusnya <b>Reset</b>&nbsp;sesuai mockup (gambar 2)<br><br>3. seharusnya kolom <b>Rating </b>tidak ada <b>% </b>nya sesuai struktur data (gambar 3)<br>,Kosmetik
"1. Bulan tidak urut<br><br>2. Pada filter terdapat&nbsp;<b>jenis laporan</b>, sebaiknya Jenis Laporan dimunculkan juga pada tampilan laporan dan export.<br><br>3. Pada export pdf, footer dibuat pada seluruh halaman<br><br>4. Tulisan <i style=""font-weight: bold;"">Transaction Value </i>dibuat italic<br><br>5. No masih banyak yg kosong<br><br>6. Beberapa data tidak sesuai template <b>(pastikan lg sesuai template, ada data2 double pada bagian atas)</b>",Mayor
"1. <b>Periode sd Filter</b> terlalu keatas hingga menutupi <b>informasi rahasia</b><br><br>2. Pada akhir halaman report yg tampil di web, belum tersedia <b>dicetak oleh</b> dan <b>tanggal cetak</b><br><br>3. Pada export PDF, footer dibuat pada seluruh halaman, info dicetak oleh dan tanggal cetak berada pada halaman isi<br><br>4. Pada export pdf, informasi rahasia paling atas terpotong<br><br>5. beberapa informasi tidak sesuai template mengakibatkan laporan yang dihasilkan tidak sesuai&nbsp;<b>(pastikan lagi sesuai template)</b>",Mayor
"jumlah Akumulasi Teguran/Peringatan Tertulis berdasarkan POJK AP/KAP dalam 2 Tahun terakhir, Akumulasi  Pembekuan dalam 3 Tahun terakhir dan Akumulasi AP dikenakan Sanksi Batal belum sesuai dengan data pada Detail Data<br>",Mayor
Saat Export data&nbsp; header excel dan aplikasi dibuat rata tengah<br>,Kosmetik
"1.&nbsp;Header excel dan aplikasi rata tengah (gambar 1)
<br>2. list urutan data di excel tidak sesuai dengan aplikasi",Minor
Sanksi Denda yang ditambahkan pada Sanksi Lanjutan tidak masuk ke Sanksi Berstatus Aktif<br>,Mayor
Terdapat tanda garis miring (/) yang tidak perlu pada teks navigasi. perbaiki di semua  halaman (gambar 1)<br>,Kosmetik
Format tanggal log dan jam blm sesuai dengan di web (SS),Kosmetik
1. Terdapat perbedaan urutan antara data hasil export dan data pada web<br><br>2. header tabel pada aplikasi belum center<br>,Minor
"By default, harusnya flow persetujuan dari darfter&gt;reviewer&gt;approver<br><br>Tp kondisi eksisting yg muncul dari drafter&gt;approver (SS)",Minor
"1. Tulisan <i><b>Outstanding</b> </i>dibuat italic<br><br>2. Tulisan <i><b>Unique Account</b></i>, <b>Borrower </b>dibuat italic<br><br>3. Di template tidak ada <b>D Institusi - Badan Hukum Lainnya&nbsp;</b>namun di aplikasi ada, mengakibatkan laporan yg dihasilkan tidak sesuai<br><br>4. pada export pdf, footer dibuat pada seluruh halaman<br><br>5. apabila data tidak tersedia sebaiknya tidak memunculkan laporan langsung diberikan message ""Data Tidak Tersedia""",Mayor
"1.Tulisan&nbsp;<i><b>Outstanding</b>&nbsp;</i>dibuat italic<br><br>2. Tulisan <b><i>Unique Borrower</i></b> dibuat italic<br><br>3. Di template ada <b>D</b>, di aplikasi tidak ada (pastikan untuk seluruh) mengakibatkan laporan yang dihasilkan tidak sesuai&nbsp;<b>(pastikan lagi sesuai template)</b><br><br>4. Pada aplikasi terdapat baris kosong no 5 (diatas Total Pendanaan)<br><br>5. Pada export pdf, footer dibuat pada seluruh halaman<br><br>6. Apabila data tidak tersedia sebaiknya tidak memunculkan laporan langsung diberikan message ""Data Tidak Tersedia""",Mayor
Terdapat perbedaan antara template dengan aplikasi pada no 22,Kosmetik
"1. Belum ada validasi periode sampai, saat isi periode dari January 2025, periode sampai masih dapat diisi dengan data sblm January 2025 (pada fix report lainnya sdh ada)<br><br>2.Tulisan&nbsp;<i><b>Outstanding</b>&nbsp;</i>dibuat italic<br><br>3. Pada data paid ratio dan unpaid ratio di template terdapat %, pada aplikasi dan hasil export tidak ada %",Mayor
"1. Pada template terdapat beberapa informasi yang bold, namun di aplikasi belum<br><br>2. No urut tidak sesuai template, sehingga kebawahnya menjadi salah<br><br>3. Terdapat informasi yang tidak sesuai template <b>beban yang masih harus dibayar&nbsp;</b>mengakibatkan laporan yg dihasilkan tidak sesuai",Mayor
"Pada informasi terkait <b>jumlah </b>pada template dibold, namun di aplikasi dan export tidak",Kosmetik
"Pada informasi terkait&nbsp;<b>Saldo&nbsp;</b>pada template dibold, namun di aplikasi dan export tidak",Kosmetik
"Pada template&nbsp;informasi&nbsp; dibeberapa bold, namun di aplikasi dan export tidak&nbsp;",Kosmetik
"setelah melakukan posting pada bagian posting koreksi, tetapi data SIPKK nya belum muncul, dan tidak ada riwayat di table nya<br><br>(K)",Mayor
"1. dropdown&nbsp;<b>level of important</b>&nbsp;belum tampil sesuai master bobot risiko (gambar 2)<br><br>2. nilai pada kolom <b>status </b>belum sesuai input <b>nominal.</b>&nbsp;<b>status </b>belum sesuai dengan kondisi bila nominal tidak di set pada master apakah ikut level atas atau level bawah (gambar 1)<br><br>3. tabel <b>Risk Impact </b>kolom&nbsp;<b>Risk Impact&nbsp;</b>belum sesuai + header tabel belum rata tengah (gambar 3)<br><br>4. Data pada tabel belum sesuai (gambar 4)<br><br>5. Baris F2 belum default sesuai F1 (gambar 5)<br><br>6. setelah edit baris F2 secara manual, baris F1 datanya jadi hilang (gambar 6)<br><br>7. saat ubah data F2 manual, perubahan tidak tersimpan (gambar 7)<br><br><b>KAP:&nbsp;KAP Drs. Afrizal Sy</b><br>",Mayor
Button kembali tidak berfungsi (SS),Minor
"1. jika lakukan edit, Nama KAP berubah menjadi Gindo Poltak Perluhutan walaupun bukan memilih&nbsp;&nbsp;Gindo Poltak Perluhutan<br><br>2. Edit yang dilakukan pada Data Terkecil dan Data Terbesar pada Data Acuan Risiko Pengendalian (Sandi/KAP) tidak tersimpan.<br>",Mayor
Klik revisi muncul double label terkait ajukan approver dan ajukan checker (SS),Minor
"Sudah Coba Proses Ficor, namun ketika melakukan cek Log Proses Ficor, belum tampil",Mayor
"kondisi: Batal persetujuan dari sipbu3, kembali ke checker sipbu2,
<br><br>&nbsp;pada sipbu2, tidak terdapat tombol edit",Mayor
ketika klik batal masih ada radio buttin ajukan approver/checker,Mayor
Header tabel blm rata tengah,Kosmetik
"setelah klik Goto, otomatis masuk ke halaman FICOR - Komponen Posisi, namun pada Menu Masih Todo List",Mayor
Ketika membuka sub menu rekapitulasi perbandingan dpp dan penerimaan muncul pesan error<br>,Minor
"Semua kata <b><i>Unique Lender, Unique Borrower, Borrower Credit Account, credit Account, Borrower,&nbsp; Lender Lending Account dan Borrower Credit Account</i></b>&nbsp;dibuat italic",Kosmetik
"pada a, b, c, d, e dibuat <b>bold</b> kalimatnya sesuai template (lakukan pada a,b,c,d,e yang diatas2nya)",Kosmetik
Fitur search pada kolom nama KAP error<br>,Mayor
"1. hasil export tab <b>Riwayat Pembekuan dalam 3 Tahun Terakhir</b>&nbsp;, tambahkan header contoh Riwayat Pembekuan dalam 3 Tahun Terakhir -KAP xxx<br><br>2. isi field <b>dibuat&nbsp; tanggal </b>pada <b>export </b>terdapat <b>jam</b>, sebaiknya sesuaikan dengan aplikasi<br><br>3. isi field <b>diubah tanggal</b> pada <b>export </b>terdapat <b>jam</b>, sebaiknya sesuaikan dengan aplikasi",Minor
data pada tab Riwayat Pembekuan dalam 3 Tahun Terakhir belum sesuai<br>,Mayor
1. Header di log perubahan nilai blm sesuai (SS)<br><br>2. Kolom Nilai Awal kosong (SS)<br><br>Tolong adjust ke export PDF dan excel<br>,Minor
"pada form tambah, saat klik button reset, input sektor tidak ikut tereset<br>",Mayor
"gagal edit data, padahal yg di input belum pernah ditambahkan<br>",Mayor
"1. Kolom Pendanaan Belum ada sehingga laporan yang dihasilkan kurang sesuai<br><br>2. Kata berikut tlg di italic:<br><b style=""font-style: italic;"">Borrower</b><br><b style=""font-style: italic;"">Lender</b><br><b style=""font-style: italic;"">Treatment</b><br><b style=""font-style: italic;"">Quality</b><br><br>3.<b style=""font-style: italic;"">&nbsp;</b>Pada export pdf, informasi rahasia paling atas terpotong",Mayor
"No sesuaikan dengan template, seluruhnya terisi no",Kosmetik
"saat klik reset pada Tambah Data, Pilih KAP belum ikut ter-reset<br>",Mayor
belum ada notif berhasil edit<br>,Minor
log posting konglomerasi masih belum bisa memfilter konglomerasi yang di pilih<br><br>Posting Global (SS)<br>Posting Koreksi&nbsp; (SS1) walaupun sudah memilih konglomerasi tetap tidak berubah<br><br><br>(K),Minor
hasil Proses FICOR belum tampil pada tabel history dan belum bisa memfilter history,Minor
"ketika download PDF/excel Komponen posisi (Semua), nilai pada pdf/excel belum sesuai, masih banyak duplicate, cek kembali",Mayor
role admin 3 sektor seharusnya hanya bisa read<br>,Mayor
"1. saat klik reset pada Tambah Data, Pilih KAP belum ikut ter-reset<br><br>2. belum ada notif berhasil edit<br>",Minor
Log Proses FICOR belum tampil,Mayor
item paling bawah belum ada nilai&nbsp;- 1-<b>cession ratio</b>,Mayor
1. Kalo rasio posisi dan rasio trend memang tidak ada button edit di samping rasio<br><br>Maka seharusnya tidak perlu ada button revisi di atas (SS),Minor
Data hasil export dengan data pada aplikasi tidak sesuai urutannya<br>,Minor
1. Kalo approve harusnya ga perlu ada opsi untuk ajukan ke approver/checker,Minor
Data hasil export dengan data pada aplikasi tidak sesuai urutannya<br>,Minor
"1. Data Detail Risiko Pengendalian ter-duplicate<br><br>2. saat tambah data dengan menambah versi, nilai data belum default 0<br>",Minor
Susunan date pada tanggal lapor dan tanggal batas waktu berbeda antara data pada web dan data hasil export<br>,Minor
"setelah input koreksi pada salah satu nilai, lalu proses ficor, nilai koreksi hilang",Mayor
1. Data hasil export dengan data pada aplikasi tidak sesuai urutannya<br><br>2. Susunan date pada tanggal lapor dan tanggal batas waktu berbeda antara data pada web dan data hasil export<br>,Minor
1. Data hasil export dengan data pada aplikasi tidak sesuai urutannya<br><br>2. Susunan date pada tanggal lapor dan tanggal batas waktu berbeda antara data pada web dan data hasil export<br>,Minor
"Ketika Batal (setelah melakukan approved) dan telah disubmit, cek Riwayat ternyata kolom <b>Approved-approver</b> hilang dan diganti dengan <b>Canceled Approver </b>namun catatan pengawas masih setuju (bukankah catatan nya harusnya tetap ada yang persetujuan sebelum dibatalkan?)&nbsp; jadi tetap ada keduanya",Mayor
"1. saat klik reset pada Tambah Data, Pilih KAP belum ikut ter-reset<br><br>2. belum ada notif berhasil edit<br>",Minor
"Data yang kosong, mohon diubah dengan status '0'.",Minor
sadsad,Mayor
dd,Mayor
"1. Data yg masuk blm real time. Ketika pengujian dilakukan pada 19 Feb, tp data blm muncul (SS)<br><br>Tolong makesure ke semua log",Minor
sadsad,Mayor
sadsad,Mayor
dd,Mayor
dasdasd,Minor
Data hasil export dengan data pada aplikasi tidak sesuai urutannya<br>,Minor
&nbsp;hasil export tab&nbsp;<b>Riwayat Pembekuan dalam 3 Tahun Terakhir<br></b><br>1. Typo pada nama file PENTAUSAHAAN seharusnya PENATAUSAHAAN<br><br>2. Typo pada headernya,Kosmetik
1. Data hasil export dengan data pada aplikasi tidak sesuai urutannya<br><br>2. Header pada data hasil export dan data pada aplikasi berbeda<br>,Minor
"1. Export excel, data blm semua ada&nbsp;<br><br><br>Tolong makesure ke semua log terutama untuk newest data",Minor
belum ada Log Aksi untuk Upload Dokumen di <b>menu Import Penatausahaan PPL</b><br>,Mayor
"Penulisan kata&nbsp;<b>""Aktifitas""</b>&nbsp;seharusnya menjadi&nbsp;<b>""Aktivitas""</b><br>",Kosmetik
1. Data filter jenis tidak tereset ketika menekan tombol reset<br><br>2. Nama file hasil export berbeda dengan nama sub menu<br>,Minor
data Year-1 berulang,Mayor
"untuk nilai nominal, datanya turun kebawah, mgkn bisa disesuaikan kolom alokasi aset di perkecil, sehingga nilai nominal bisa lebih cukup di pdf",Kosmetik
Angka Data pada chart tidak terupdate sesuai data sumber. (SS)<br><br>Periode: Nov (DPLK Syariah),Minor
Huruf antar kata dibuat kapital,Kosmetik
"Pada diagram, Laba (Rugi) Pelapasan Investasi blm ada pada keterangan 0% nya",Minor
"Iuran Normal Pemberi Kerja, Iuran Normal Peserta, Iuran Tambahan harusnya tidak muncul pada DPLK",Mayor
"Ketika memilih sub menu data statistik KAP, filter status langsung terpilih aktif<br>",Minor
"1. saat export data yang di filter, urutan menjadi tidak sesuai.
<br><br>2. nilai Akumulai Teguran/Peringatan Tertulis Berdasarkan POJK AP/KP dalam 2 Tahun Terakhir belum sesuai<br>",Mayor
"1. saat export data yang di filter, urutan menjadi tidak sesuai.<br><br>2. <b>nilai </b>Akumulasi Teguran/Peringatan Tertulis Bedasarkan POJK AP/KAP Dalam 2 Tahun Terakhir dan nilai Akumulasi Pembekuan Dalam 3 Tahun Terakhir<b> belum sesuai</b><br>",Mayor
Kolom Proyeksi harusnya Tahun tsb,Mayor
&nbsp;Data hasil export dengan data pada aplikasi tidak sesuai urutannya<br>,Kosmetik
"1. File excel hasil export beberapa cell datanya masih belum tampil (gambar 1)
<br><br>2. kolom keterangan pada file excel belum sesuai aplikasi. masih tertulis keterangan dummy (gambar 2)<br>",Mayor
"1. Sanksi -  Pembatalan pendaftaran belum masuk ke tab Riwayat Pembekuan dalam 3 Tahun Terakhir
<br><br>2. jika klik Simpan saat menambahkan data, belum ada notif popup data berhasil disimpan<br>",Mayor
<b>tab Sanksi Berstatus Aktif:</b><br>1. urutan data hasil export berbeda dengan yang di aplikasi<br><br>2. format tanggal berbeda<br><br><b>tab Riwayat Teguran/Peringatan Berdasarkan POJK AP/KAP Dalam 2 Tahun Terakhir</b><b>:</b><br>3. urutan data hasil export berbeda dengan yang di aplikasi<br><br>4. format tanggal berbeda<br>,Kosmetik
"Pada form edit AP, belum ada button ""Lihat File"" pada data yg sebelumnya sudah pernah upload file LHP seperti pada form edit di menu KAP (gambar 1)<br>",Mayor
"1. text pada header tabel pada file excel belum sesuai aplikasi (gambar 1 &amp; 2)
<br><br>2. belum ada header tabel ""RISIKO BAWAAN (INHERENT RISK)"" pada file excel sesuai aplikasi (gambar 3)<br>",Minor
"Pada tabel di file excel, belum ada kolom Sandi KAP seperti di aplikasi, sandi KAP di excel masih di gabung dengan kolom nama KAP (gambar 1)<br>",Mayor
1. Tidak bisa mengubah data dari status tidak aktif menjadi aktif<br><br>2.&nbsp;Icon berubah ketika tidak jadi mengubah status<br>,Minor
"1. saat tambah atau edit data, Status Sanksi Denda seharusnya tidak dapat diubah hanya saat Nomor Surat Sanksi mengambil dari SIPO<br><br>2. saat Export Rekapitulasi AP, nilai Akumulasi&nbsp; Pembekuan dalam 3 Tahun terakhir belum sesuai<br>",Mayor
1. Nama file hasil download belum ada spasi<br><br>2. Kapa Oaa seharusnya KAPA OAA<br>,Kosmetik
buat kolom No melekat dengan datanya saat di sorting<br>,Minor
"header tabel typo ""Pemeriksaan""<br>",Kosmetik
Nilai Rasio pada Risiko&nbsp;<br>- Likuiditas<br><br>belum sesuai dengan formula yang diberikan pada template,Mayor
&nbsp;Format data terkait angka di kolom nilai awal dan nilai koreksi antara di web &amp; export excel masih blm sesuai (SS),Kosmetik
"kondisi telah dilakukan Approve oleh approver, selanjutnya link detail, diforce jadi link update Detail > Update, maka masih bisa edit dan simpan",Mayor
Urutan data hasil export dengan data pada aplikasi berbeda<br>,Minor
data yg baru ditambahkan tidak berada di urutan pertama tabel<br>,Mayor
"pada form tambah alert typo, seharusnya ""Sektor yang Melakukan Pemeriksaan"" + buat semua awalan kata kapital<br>",Kosmetik
pesan error belum sesuai<br>,Kosmetik
"pada form tambah, saat klik button reset, input sektor tidak ikut tereset<br>",Mayor
"Jenis sanksi yang baru ditambahkan belum muncul pada ""Status Sanksi"" di menu Rekapitulasi Sanksi KAP. (SS)",Mayor
1. Rumus pada kolom PCT masih blm sesuai (SS),Minor
"saat ini ketika diubah pada level drafter, nilai koreksi langsung berubah menjadi nilai akhir",Mayor
"1. setelah klik simpan, halaman menjadi halaman error tetapi data berhasil disimpan.<br><br>2. belum ada notif berhasil simpan data<br>",Mayor
"1. jika klik Edit pada data yang menggunakan SIPO, muncul notif berhasil dan jika klik Edit pada data yang tidak menggunakan nomor surat dari SIPO, muncul notif gagal<br><br>2. belum ada notif saat berhasil edit<br>",Minor
Perlu disediakan user per masing-masing kelompok pengguna (SS),Mayor
"Poin e.	Untuk beberapa pos yang sama (cth: total aset, total kredit/pembiayaan, sektor ekonomi) cukup dilakukan koreksi pada salah satu pos, maka pos yang lain dengan deskripsi yang sama akan otomatis terisi nilai yang sama (berlaku untuk proses koreksi dari pengawas) belum sesuai",Mayor
Pesan Session Timeout masih belum ada. (SS),Minor
tidak dapat diapprove oleh approver setelah dicheck oleh reviewer,Mayor
"Ketika klik informasi ""Statistik Pengguna Aplikasi"", redirect ke halaman login.<br><br>Seharusnya tidak ter-logout. (SS)",Minor
"Ketika submit lalu pilih ajukan checker, approver slalu sudah terisi, sebaiknya direset juga karena mgkn terkirim ke slainnya yang merupakan kewenangannya",Minor
"Kolom ""Penambahan"" dan ""Pengurangan"" belum diberi highlight pembeda.
<br><br>harap diberi highlight untuk mempermudah pengguna dalam pembacaan data. (SS)",Minor
"1. Rows untuk ""Liabilitas Manfaat Pensiun"" belum ada. (SS)<br><br>2. Mohon untuk highlight kolom disesuaikan. (SS2)",Minor
"1. Data belum ada, mohon di inject. (SS)<br><br>2. value dalam kurung masih kosong. (SS)",Minor
"<b>Kas Masuk</b>, <b>Kas Keluar</b> dan <b>KM / KK</b> mohon diberi highlight penunjuk spt di mapping. (SS)",Minor
"Peserta Aktif, Pasif, dan Total Peserta mohon dibold / highlight untuk membedakan dengan sub-value. (SS)",Kosmetik
"Data pengurus belum ada, mohon inject data untuk keabsahan fungsi. (SS)",Minor
"Tampil Notifikasi alert DataTables warning: table id=list-data - Cannot reinitialise DataTable. For more information about this error, please see http://datatables.net/tn/3<br><br>tulisannya juga keluar dari tabel/kolom",Mayor
"setelah melakukan update kode kegiatan, masuk pada audit trail, namun eventnya Insert, sebaiknya update",Minor
"pada fungsi pencarian, saat ini akan triger melakukan pencarian ketika tiap onkeyrelease terjadi. sebaiknya dilakukan triger ketika beberapa detik setelah onkeyrelaease terakhir. jadi tidak setiap onkeyrelease langsung melakukan triger",Minor
"Download Excel, CSV<br><br>- Kode Kegiatan <br>- Rekap Kode Kegiatan<br><br>belum tercatat pada audit trail",Mayor
"Pada Chrome, color Font warna biru, pada Mozila, color Font warna putih. mohon dapat disesuaikan",Kosmetik
"Kondisi ketika Melakukan filter, lalu download excel, hasil antara Tampilan di web dan excel , jumlah row tidak sesuai",Mayor
"tampilan halaman login belum rapi, terutama box login",Minor
"Setelah User_sit4 melakukan klaim kegiatan, belum terdapat record pada rekap klaim kode kegiatan",Mayor
asdd,Fatal
ddd,Fatal
"1. Filter trend data user dengan beda tahun maka muncul alert (SS)<br><br>2. Defaultnya kalo emg 3 huruf, harap konsisten (SS1)<br><br>3. Font size pada chart terlalu kecil, tidak standardize (SS1)",Minor
1. Tahun nya duplicate untuk filter per tahun (SS)<br>,Minor
"1. Grafik statistik demografi chartnya blm aktif (uncolored)<br><br>2. Kode Kegiatan masih kosong datanya<br><br>3. Beberapa grafik statistiknya kadang chartnya aktif, kadang chartnya jd (uncolored)<br><br>Coba makesure ke semua dropdown, krn kadang chart colored tp kadang uncolored",Minor
Export kode kegiatan dan datanya masih kosong,Minor
ketika simpan draft tidak muncul tombol aksi apapun,Mayor
"Format zoom in 100% emg blm standard seperti biasa ya?

Zoom in 125% in normal mode",Kosmetik
Pemisah angkanya pake titik atau koma?<br><br>tolong konsisten yaa,Kosmetik
"Pesan validasi tertera gagal, namun data berhasil masuk / tersimpan. (SS)",Mayor
1. Konsistensi dalam penulisan<br><br>2. Penulisan periode perlu ada spasi<br><br>adjust ke export excel,Kosmetik
"1. Ketika klik box diluar tabel tambah data kelas academy tiba2 otomatis nge-close. Idealnya tidak akan ke close kalo tidak klik batal&nbsp;<br><br>2. Metode kelas blm ada&nbsp;<br><br>3. Kalo dropdown wajibkan pretest=tidak, maka dropdown pada ""pretest mulai saat"" dan ""pretest selesai saat"" baiknya di-hide. Minimalisir user salah isi&nbsp;",Minor
Header di web pd kolom # seharusnya diisi kolom No (format header di file excel udh sesuai),Kosmetik
Filter di rekap kelas hanya bisa untuk kolom nama kelas. Idealnya filter bisa ke semua kolom&nbsp;<br><br>,Minor
Fitur download ke excel blm berfungsi di tab rekap peserta dan rekap kelas,Mayor
"Tambah data masih bisa diisi <b>null</b> dan tidak ada pesan error, padahal terdapat pesan error ""tidak boleh null"" di fungsi tambah data via <b>Upload Template</b>.<br><br>Seharusnya tidak bisa null",Mayor
"pada fungsi pencarian, saat ini akan triger melakukan pencarian ketika tiap onkeyrelease terjadi. sebaiknya dilakukan triger ketika beberapa detik setelah onkeyrelaease terakhir. jadi tidak setiap onkeyrelease langsung melakukan triger",Minor
Tanggal akhir dapat diisi lebih kecil dari tanggal awal,Mayor
"Pilih add data, tanpa input apapun lalu pilih Save Changes, langsung kembali ke menu login",Mayor
belum ada untuk skenario<br><br>1.&nbsp;Kelola Banner<br>2.&nbsp;Ubah Kelola Hadiah Widget Mystery Box,Mayor
"saat ini yang tampil hanya 4 user, seharusnya ada 5 sesuai judul",Mayor
Batas atas dapat diisi lebih kecil dari Batas Bawah,Mayor
"Bahasa pop up sebaiknya hanya menampilkan ""Gagal Menyimpan Data""",Minor
Mohon item judul pada kolom agar diseragamkan (diberi bold). (SS),Kosmetik
BE udh di setting 15 menit sblm waktu pretest. Tp di FE setelah klik pretest ada pop up diminta hubungin admin&nbsp;,Minor
1. Selalu muncul pop up invalid parameter&nbsp;<br><br>2. Klik button save and nothing happened. Emg ga ada notif berhasil disimpan?,Minor
Nama tabel belum sesuai mapping. (SS),Kosmetik
Header Row Pertama belum di bold. (SS),Kosmetik
Pesan Alert Session Timeout belum ada. (SS),Minor
"After finishing post test, idealnya muncul pop up notification&nbsp;",Minor
Kode POS tidak terisi otomatis bila melakukan perubahan pada kelurahan,Mayor
Data masih dapat redundant dengan data yang sudah diinputkan sebelumnya. (SS)<br><br>Minta tolong disesuaikan juga utk Syariah,Mayor
1. Jumlah sertifikat tidak muncul. Padahal score sudah 100. Syarat mendapatkan sertifikat yaitu score post test minimal 50<br><br>2. Seharusnya muncul pop up notifikasi kalo dapat score 100&nbsp;,Mayor
"Ketika Klik Kirim, hanya tampil loading terus menerus, tidak ada aksi lanjutan",Mayor
Email terkait mendapatkan sertifikat blm masuk,Mayor
"Pilih add data, tanpa input apapun lalu pilih Save Changes, data dapat tersimpan",Mayor
"Edit data, isi pada batas atas dan bawah dengan nilai 1, lalu tanggal awal nov 2025, tanggal akhir Jan 2025, pesan error tidak sesuai",Mayor
atas atas dan bawah masih bisa bernilai sama&nbsp;,Mayor
Terdapat kolom YtD (%) namun pada file template tidak terdapat YtD,Mayor
"1. Seharusnya label yg muncul kalo based on T11 ""Daftar Sekarang""<br><br>2. Ada typo, harusnya deskipsi kelas",Kosmetik
Idealnya button re-attempt quiz hanya muncul apabila nilai dibawah 50,Minor
"1. Seharusnya user akan menerima email permintaan feedback atas kelas yang telah diikuti.<br><br>2. Setelah seluruh aktivitas LMSKU Academy selesai, maka user akan menerima link feedback yang masuk ke email seperti link feedback setelah mengerjakan modul dimana selain notifikasi lewat email, terdapat juga notif pada LMS user.",Minor
"Export excel dan pdf, nama filenya tidak ada bedanya, mohon disesuaikan dengan list tabelnya, saat ini semua file namanya <b>List Platform - 130325</b>",Minor
Pop up notification typo,Kosmetik
"Pola filter/sortir masih belum urut/konsisten. (SS)
<br><br>Mohon adjust juga utk kolom2 yg lain.",Mayor
"Data berikut belum ada, mohon disiapkan untuk pengujian:<br><br>-&nbsp;
User dengan peringkat tertinggi (1-5) akan dibatasi dalam menerima Widget Mystery Box yaitu maksimal 3 (tiga) kali dalam satu periode<br>atau satu tahun (Januari-Desember).<br> 
<br>-&nbsp;
Informasi peringkat tertinggi (1-5) akan diambil per tanggal 28 bulan berjalan dimana ke-5 user tersebut akan mendapatkan Widget Mystery<br>Box. Apabila frekuensi peringkat user lebih dari 3 (tiga) kali dalam setahun, maka user tersebut akan otomatis berada pada peringkat 6<br>(enam) atau seterusnya.<br> 
<br>-&nbsp;
Peringkat diukur berdasarkan perbandingan nilai akumulasi post test modul yang telah diakses dengan rentang waktu pengerjaan modul<br>dalam waktu 1 (satu) tahun serta keaktifan aktivitas di LMS seperti mengakses fitur-fitur lms selain pengerjaan modul dalam waktu 1<br>(satu) tahun. 
<br style=""font-variant-numeric: normal; font-variant-east-asian: normal; font-variant-alternates: normal; font-variant-position: normal; font-variant-emoji: normal; line-height: normal; text-align: -webkit-auto; text-size-adjust: auto;"">",Mayor
Indensasi belum sejajar jika row width dipendekkan. (SS),Kosmetik
Item 'Beban Kerjasama' belum ada. (SS),Minor
"Kolom ""Target Pinjaman"" hilang ketika window browser dikecilkan. (SS)",Kosmetik
"Setelah Reviewer submit ke Approver, halaman FER tidak dapat diakses pada akun Approver. (SS)",Fatal
"Pada akun Approver dan Reviewer, tidak ada button action untuk melakukan upload file seperti halnya pada akun Konseptor. (SS)",Mayor
"ketika klik notifikasi, direct link ke&nbsp;<br><br>http://10.224.60.36:802/Merchandise<br><br>seharusnya ke<br><br>http://10.224.60.36:802/RedeemPoint<br><br>dan status masih 0 pada merchandise ditukar",Mayor
Ketika berhasil&nbsp;<b>hapus </b>peer dan <b>tambah peer&nbsp;</b>belum ada notifikasi,Minor
Ketika berhasil&nbsp;<b>hapus </b>peer dan <b>tambah peer&nbsp;</b>belum ada notifikasi,Minor
Ketika export terdapat kolom <b>description </b>padahal di tabel tidak terdapat kolom tsb,Mayor
Ketika export terdapat kolom <b>description </b>padahal di tabel tidak terdapat kolom tsb,Mayor
Saat klik export harusnya tidak perlu ada notifikasi <b>Perubahan Berhasil Disimpan</b><br>karena tidak melakukan perubahan apapun,Minor
Saat klik export harusnya tidak perlu ada notifikasi&nbsp;<b>Perubahan Berhasil Disimpan</b><br>karena tidak melakukan perubahan apapun,Minor
untuk User testersitfeb pop up tidak tampil,Mayor
kolom yang tampil antara BE dan FE terkait nama dan username sebaiknya sama agar tidak membingungkan,Mayor
"Klik sertifikat, maka muncul pesan error&nbsp;",Minor
Seharusnya user akan menerima email permintaan feedback atas kelas yang telah diikuti.<br><br>Email nya engga real time nyaa? kalo ada delay brp lama?,Minor
untuk user user_sit4 poin belum masuk pada history learning point untuk kegiatan class academy sesuai lampiran,Mayor
tampilan Konfirmasi Alamat Pengiriman pada simulasi Devtools browser dengan tipe A51/71 atau dengan panjang layar yang lebih pendek tidak dapat discroll ke bawah (tombol kirim ke Hide),Mayor
Muncul pesan error setelah klik button pretest,Mayor
1.&nbsp;Pengecekan Notifikasi Pengingat Kelas Baru blm ada&nbsp;&nbsp;,Minor
Pengecekan Notifikasi Pengingat Kelas Yang Diikuti blm muncul&nbsp;,Minor
"saat hanya input <b>salah satu field&nbsp;</b>, muncul pesan error <b>entityID </b>dan xxx, sementara kolom entityID tidak terdapat pada inputan",Minor
Pesan kesalahan untuk upload template mohon dapat dibuat lebih sederhana & mudah dimengerti oleh pengguna. (SS),Kosmetik
1. Full red screen&nbsp;<br><br>2. Nama Kelas yg bisa di daftarkan tidak muncul semua. Harus klik lihat selengkapnya kemudian auto direct ke website,Mayor
klik menu pendidikan formal tampil error basis data,Fatal
"Typo pada Nama Lengkap, saat ini tertulis <b>Nam Lengkap</b>",Kosmetik
"terdapat tulisan error  PHP Error was encountered
",Mayor
"saat isi email hanya huruf saja tanpa @, belum ada notifikasi. Tolong tambahkan validasi (saat ini button daftarnya inactive)",Minor
"OTP sudah expired, maka saat validasi email sudah terdaftar, sebaiknya tambahkan info, untuk lgsg mencoba login",Minor
"Telah melakukan pendaftaran tahap 1, <b>harusnya </b>berdasarkan lampiran pada profil tertulis <b>Belum Terverifikasi</b>, pada aplikasi tertulis Belum Tervalidasi",Minor
"ketika klik daftar sekarang pada FE, tampil error ",Fatal
"Banner ""<b>Syarat &amp; Ketentuan</b>"" muncul setiap saat ketika akses aplikasi, walau sebelumnya telah ""Setuju"". (SS)",Minor
"Pop up konfirmasi utk keluar aplikasi tidak berjalan setelah pengguna mengakses menu ""<b>Layanan Informasi</b>"" via sidebar menu. (SS)",Minor
1. waktu yang tercatat masih salah<br>2. Terdapat 2 kolom IP Address,Mayor
"Tulisannya tidak ada yang Ekstrak Konten, tulisannya Lihat Detail semua pada semua konten (berbeda dengan skenario)<br><br>dan ketika klik lihat detail, ada tulisan&nbsp;10.224.60.36&nbsp;refused to connect.",Mayor
klik Daftar Sekarang tidak ada respon,Fatal
"Cover, Nama E-Learning, Kategori Bidang, Tag, Deskripsi, Tanya Jawab belum terdapat asterix <b>(*)</b> tanda required dan langsung bisa lanjut ke syarat sertifikat",Mayor
"setelah klik simpan pada tab syarat sertifikat, tampil tulisan berhasil simpan namun setelahnya silahkan isi kolom nilai",Mayor
"setelah klik simpan pada tab syarat sertifikat, bukannya bisa lanjut ke import konten? mohon informasi yang jelas, sebaiknya lanjut atau simpan, dan saat ini tidak bisa klik import konten",Mayor
"Typo, seharusnya 'Aplikasi' , bukan '<b>Applikasi</b>'. (SS)",Kosmetik
"Pada setiap halaman belum ada tombol ""back"" selayaknya standar aplikasi. <br><br>Mohon ditambahkan fungsi back button untuk ke previous activity.",Minor
"validasi jumlah minimal/maximal peserta dan peserta yang ditambahkan seharusnya di halaman tersebut, saat ini muncul ketika Simpan dan Terbitkan",Minor
"Button ""<b>Upgrade &amp; Verifikasi</b>"" belum ada action ke fungsi terkait / tidak bisa berfungsi. (SS)",Minor
"Field ""<b>No KTP</b>"" belum ada",Mayor
"Jika akun dalam status <b>belum tervalidasi</b>, Mohon tambahkan <b>alert untuk melakukan verifikasi</b> sebelum mengatur ""<b>Biometrik</b>"" dan ""<b>PIN</b>"".
<br><br>Dikarenakan pengguna yg <b>belum tervalidasi</b>, belum memiliki <b>PIN</b> utk digunakan (sementara syarat mengatur <b>PIN</b> dan <b>Biometrik</b> harus menginputkan <b>PIN</b> terlebih dahulu).",Mayor
"Fungsi ubah foto profil belum ada, jika memang tidak bisa ubah foto profil, sebaiknya tidak menyertakan icon profile picture. (SS)",Minor
"Width image belum sejajar, mohon untuk disejajarkan / disamakan. (SS)",Minor
"Width image belum sejajar, mohon untuk disejajarkan / disamakan. (SS)<br><br>Mohon sesuaikan juga untuk ""<b>Informasi Umum</b>"" (Potensi Kesalahan sama).",Minor
"""Hapus Akun"" belum sejajar dengan posisi grid menu lain, mohon disejajarkan. (SS)",Kosmetik
"Validasi ""password lama"" masih belum berjalan (Masih dapat memasukkan password yg tidak sesuai password asli). (SS)",Fatal
Kriteria non-alphanumeric (symbol) untuk standar minimum password masih belum ada. (SS),Mayor
1. Tanggal lahir masih bisa diisi dengan tanggal terkini&nbsp;,Mayor
tampil error datatables warning,Mayor
"Pada menu profil sudah tertulis <b>terverifikasi</b>, namun saat pilih icon <b>rumah,&nbsp;</b>awal muncul  <b>Anda belum melakukan verifikasi data lengkap</b>",Mayor
"ketika sudah melakukan verifikasi dokumen oleh admin pelatihan, dan kemudian lihat kembali, isi kolom alasan, yang tampil adalah Alasan yang diisi oleh learning partner, bukankah seharusnya yang ditampilkan alasan dari admin pelatihan",Mayor
"Mengganti foto profil, tampilannya menjadi rotate",Minor
"Lokasi dan Negara,&nbsp;Jangka Waktu Pendidikan&nbsp;belum mandatory (meskipun sudah ada asterix red)",Minor
error,Fatal
belum ada Audit Log untuk: <br><br>- Pengajuan Izin Definitif,Mayor
belum ada tombol simpan sebagai draft,Mayor
Keterangan tenggat tanggal dan waktu masih hardcode (tidak tergenerate). (SS),Minor
File hasil download masih belum ada extension secara default. Mohon ditambahkan extension default (SS),Mayor
"Timestamp Waktu (<b>Jam</b>) masih belum sesuai pada section ""<b>Tanggal Permintaan</b>"". (SS)",Mayor
Belum ada re-type untuk perubahan password baru. (SS),Mayor
nothing happen kalo di klik kirim feedback,Mayor
Klik Perform Backup tidak ada respon apapun (selajutnya error),Fatal
"Klik Kelola > Upload materi, yang tampil adalah Edit Pelatihan IHT",Fatal
"Edit > syarat sertifikat, nilainya belum tersimpan ketika dilihat pada edit.",Mayor
"pegawai yang sudah didaftarkan muncul status ""sedang dalam verifikasi admin""",Mayor
form yang sudah diunggah admin pelatihan saat create sertifikasi profesi tidak muncul,Mayor
"saat mengetik Tempat lahir, alamat sesuai ktp, alamat domisili langsung dibuat uppercase agar konsisten seperti input nama",Kosmetik
"Saat input provinsi, kota, kelurahan, kecamatan dengan yang baru dibuat di web terdapat error",Fatal
"Terdapat data yang tidak sesuai, NIK yg digunakan&nbsp;<br>3275900000000131<br>",Mayor
preview jadwal muncul halaman bahwa user tidak diizinkan mengakses halaman ini,Mayor
Kolom keahlian pada Narasumber eksternal tidak muncul setelah tersimpan,Mayor
Narasumber Internal pada kolom keahlian berhasil tersimpan saat simpan data namun menjadi null di halaman edit,Mayor
Upload dokumen gagal - error connecting to the server,Fatal
Gambar thumbnail yang ditampilkan berbeda dengan yang diunggah,Mayor
OTP sdh expired lewat 60 detik masih bisa digunakan dan berhasil mendaftar,Mayor
"Provinsi tertulis no item found!, sebaiknya tetap memunculkan data, membuat misspersepsi dengan tulisan tersebut",Mayor
thumbnail tidak muncul,Mayor
Edit data OTP muncul error,Mayor
"tidak mengisi <b>ulangi password</b>, lalu klik daftar, pesan error tidak sesuai harusnya <b>""Ulangi password harus diisi""</b>",Minor
"Pada informasi tertulis proses permintaan ideb yang telah selesai akan dikirim melalui email, namun saat ini blm terdapat email terkait hal tsb",Mayor
"klik tambah, tanpa isi apapun, bisa disimpan dan masuk kedalam list, belum ada mandatory juga",Mayor
Status layanan belum sesuai dengan template T11,Mayor
"1. Validasi sebaiknya diawal, jgn ketika setelah melakukan foto, dan tidak bisa kembali untuk memperbaiki ketika ada kesalahan&nbsp;<br>2. Kabupaten, Kecamatan, Kelurahan masih biasa diisi tanpa dari combo<br>3. Validasi nama slalu muncul tidak boleh mengandung angka, padahal nama yg diinput tidak mengandung angka",Fatal
"Tombol 'akun' masih <b>unclickable </b>/ <b>belum&nbsp;redirect</b> ke halaman profile, sebaiknya diredirect ke halaman profile. (SS)",Minor
Pesan Alert mohon disesuaikan dengan standar keamanan password OJK / MPSI. (SS),Kosmetik
"Ketika memasukkan nomor yg berbeda untuk OTP, pesan error memunculkan <b>url backend yg seharusnya tidak boleh ditampilkan</b> (Concern security). (SS)",Fatal
"Nomor HP seharusnya dapat diubah diawal agar tidak terjadi <b>deadlock flow</b> aplikasi.
<br><br>Jika tidak dapat diubah, maka pengguna tidak akan dapat melanjutkan proses Upgrade &amp; Verifikasi. (SS)",Mayor
Password msh bisa sama dengan yang sebelumnya,Mayor
"Pesan Validasi kurang jelas untuk user umum, mohon diperjelas. (SS)
<br><br>Kondisi: Field daerah sengaja tidak diisi",Minor
"saat proses capture, tolong disediakan tarikan data dari masing2 kolom ini",Minor
Tolong sediakan periode data yg bisa mengakomodir data pada chart supaya bisa tampil,Minor
Tolong sediakan periode data yg bisa mengakomodir data pada chart supaya bisa tampil,Minor
"1. To do list IHT masih menampilkan informasi non IHT
2. Saat pegawai mengajukan laporan IHT sudah benar di to do list bertambah 1 jumlahnya namun saat 1 pekerjaan sudah ditindaklanjuti, pada to do list belum berkurang",Mayor
Tolong sediakan periode data yg bisa mengakomodir data pada chart supaya bisa tampil,Minor
"1. File hasil Download belum memiliki extension.
<br><br>2. Penamaan File mohon disesuaikan agar lebih ringkas / bukan kode generate.
<br><br>(SS)",Mayor
"Sesuai konfirmasi, seluruh notifikasi (baik generate hasil dari web / otomatis dari aplikasi) dicatatkan pada menu notifikasi. (SS)",Minor
nilai pada kolom Topik Riset tidak sama pas diinput sebelumnya,Mayor
"Data tidak tampil pada Learning Partner (tidak bisa lanjut), dan jumlah pada beranda dan monitoring tidak sama",Fatal
"Belum verifikasi, lalu pilih icon tambah, pilih setuju, masukan no hp sesuai yang saat daftar, lalu klik verifikasi kode, notifikasinya salah Permintaan OTP untuk Ganti Nomor Telepon Berhasil<br><br>Usul, <b>jika blm verifikasi, icon tambah dibuat disable</b>",Mayor
Klik upload tp nothing happend,Mayor
"Ketika meminta OTP dari nomor hp baru, kemudian klik 'Back', nomor sudah otomatis terubah (padahal belum memasukkan kode OTP).

Seharusnya tidak berubah jika belum memasukkan kode OTP. (SS)",Fatal
"input provinsi, kota, kelurahan, kecamatan saat ini masih bisa ditambah tulisan walopun sdh memilih dari combo, sehingga yg tersimpan tidak sama dengan yg diinput",Mayor
"klik hapus salah satu data, muncul konfirmasi berhasil, namun data tidak terhapus",Mayor
Muncul error,Mayor
"Apakah bisa ditambahkan data yg mandatory apa saja, supaya terinfo ke user mana saja yg wajib diisi",Minor
"Klik&nbsp; buat baru, tidak muncul form untuk isi soalnya&nbsp;",Mayor
Melihat jumlah yang tampil seharusnya label adalah Persetujuan Usulan TNA,Kosmetik
data kelima yang muncul beda dengan data pada kelola Pelatihan,Mayor
"Terdapat tombol upload, yang seharusnya tidak tampil apabila masih didalam periode izin prinsip",Mayor
belum ada Audit Log untuk: <br><br>- ketika Simpan Pembelajaran Mandiri (E-Learning),Mayor
"pada Info Kursus, lampiran referensi, belum dapat didownload (gagal),<br><br>Deskripsi tulisannya menjadi lebih banyak dan random",Mayor
Section Kontak 157 masih belum ada title. (SS),Minor
"Banner belum muncul pada aplikasi, posisi sudah input banner di Web. (SS)",Mayor
"1. Belum ada penomoran pada section ""Harap Diperhatikan Bahwa""
<br><br>2. Tata cara masih belum clickable.&nbsp; <br><br>(SS)",Minor
berikan tanda * pada field yang mandatory&nbsp;,Minor
penulisan iDeb tidak konsisten,Kosmetik
"Validasi nama muncul tidak boleh mengandung angka, padahal <b>nama</b> yg diinput <b>tidak mengandung angka</b>",Mayor
1. Field Alamat Debitur dan Alamat Lain Debitur belum ada<br>2. Status Validasi Dukcapil dan Tanggal Validasi Dukcapil belum ada<br>3. Tanggal Upgrade/Validasi user belum ada<br>4. IP Address Upgrade belum ada<br>5. Koordinat Lokasi upgrade belum ada,Mayor
"Ketika klik perform backup, tidak ada respon apapun dari web/aplikasi",Mayor
"nama pegawai pada Beranda monitoring, tidak sama dengan pada detail",Mayor
"1. data berbeda antara beranda dan data di menu kelola e-learning
2. pada menu kelola e-learning, setelah difilter tahun 2025 muncul data november 2024 ",Mayor
"saat sort nama pegawai munculnya tidak urut, cek sort kolom lain",Minor
"sort nama pelatihan belum urut, cek sort kolom lainnya",Minor
tulisan pagination double ketika coba klik tab dan balik lagi definitif,Mayor
"ketika klik Simpan (disetujui atau pun tolak) sebagai Admin Pelatihan, tidak respon (hanya loading)",Fatal
"ketika catatan dinas dan surat tugas sudah disimpan, lalu klik simpan lagi, catatan dinas dan ST menjadi kosong, dan status berubah lagi menjadi ",Mayor
warna pada status belum sesuai dengan status lampiran,Mayor
terdapat kolom upload dokumen pada role admin pelatihan,Minor
"Ketika klik tolak, tidak ada respon dari web/aplikasi (hanya loading cursor)<br><br>pada aksi setujui juga sama",Mayor
"kondisi: ketika ditolak, lalu pengajuan izin kembali, tampil double pada halaman role admin pelatihan",Mayor
"pada halaman persetujuan izin dalam studi pada admin pelatihan, format tanggal pengajuan belum rapi",Minor
tombol selesaikan masih ada ketika sudah klik tombol selesaikan oleh admin,Minor
filter pada halaman monitoring belum berjalan<br><br>unduh excel belum ada tombolnya,Mayor
nama pegawai dengan NIP yang sama untuk kebutuhan pengujian untuk disesuaikan,Mayor
"1. Data export bank soal blm muncul di file csv<br><br>2. kalo klik back ke previous page, interface blm berubah. tetep stay di interface yg di klik",Mayor
"Klik import file .csv, muncul error",Mayor
Setelah download format import dan isi data based on master data. ketika import excel tidak ada data yg bertambah di list peserta&nbsp;,Mayor
"1. klik simpan dan lanjutkan, tp data tidak ke save dan no respon. tidak ada notif kalo data berhasil disimpan<br><br>2. data yg muncul redundent hingga 11x<br><br>3. data yg sudah diisi sblmnya ada yg kosong&nbsp;",Fatal
"1. klik simpan dan lanjutkan, tp data tidak ke save dan no respon. tidak ada notif kalo data berhasil disimpan<br>",Fatal
"Daftar kualitas lebih besar dari 1, namum kualitas yg ditampilkan kualitas 1",Mayor
"Isi password sudah terdiri dari minimal 8 karakter, huruf kecil, huruf kapital,  tp tetep tidak bisa, sebaiknya validasi dibuat lebih jelas jika blm menggunakan alphanumeric<b>&nbsp;harus menggunakan karakter alphanumeric</b>",Mayor
"Pesan Kesalahan dengan makna yg sama, sebaiknya diseragamkan. (SS)",Minor
klik detail pada pendidikan formal yang telah ditolak tampil beberapa php error,Mayor
"klik simpan dan lanjutkan, tp data tidak ke save dan no respon. tidak ada notif kalo data berhasil disimpan",Fatal
format tanggal belum sampai jam/menit/detik,Minor
data belum sesuai,Mayor
"Untuk mempermudah User Experience, sebaiknya ditambahkan button back utk menutup sidebar menu. <br><br>walau sebenarnya sudah ada button home utk kembali, namun belum tentu pengguna awam paham. (SS)",Minor
"pegawai dengan Skim 1,2,3,5 tapi tertulis skim 1",Mayor
tampil error PHP pada halaman verifikasi izin defintif,Mayor
Mohon clickable area button disesuaikan kembali (SS),Minor
"contoh: pada upload dokumen catatan dinas, ketika sudah upload, lalu delete (x) pas upload lagi, tidak ada respon",Minor
belum terdapat audit trail untuk Laporan Nilai & Rencana Studi,Mayor
"Syarat minimum belum terpenuhi, namun tetap berhasil ubah password",Mayor
untuk kolom persetujuan dan/atau kolom dokumen masih terdapat ikon sort,Minor
Audit trail belum ada untuk tolak izin studi oleh admin,Mayor
Typo,Kosmetik
Filter belum sesuai (coba salah satu kata pencarian malah tidak ditemukan),Mayor
"saat menambahkan nama sertifikasi yang sama dan muncul notifikasi tidak dapat menambahkan nama yang sama, seharunya tetap berada pada form pengisian.",Minor
"Typo penulisan Jenis Pengajuan ""Sertifikasi Profesi"" pada Menu Riwayat Pelatihan",Kosmetik
"1. Data Jenis Pengembangan, Jenis Skill dan Jenis Kompetensi tidak muncul&nbsp;2. Terdapat tombol Lanjut yang terdisable di kanan bawah
",Mayor
"pada data&nbsp;PT BNI Asset Management (Unaudited),(Laporan Laba Rugi ) pada huruf asing tidak bercetak miring (G1,G2)",Kosmetik
Pegawai masih bisa mengubah data,Mayor
"ketika melakukan tambah data, jenis laporan tidak ada spasi",Kosmetik
Tidak bisa mengisi field-field yang tersedia saat ingin upload materi,Mayor
"Ketika melakukan tambah data emiten lain dengan jenis laporan audited, lalu klik aksi edit, data tidak muncul tetapi ketika tambah data dengan jenis laporan unaudited data muncul",Mayor
ketika masuk ke emiten dengan jenis laporan Laporan Keuangan Tahunan (Unaudited) ataupun Laporan Keuangan Tahunan (Audited) tetapi masuk nya kehalaman Laporan Keuangan Tengah Tahun (Audited / Non Audited)<br>,Mayor
"Ketika menghapus data ""PT INTRU NUSANTARA"" pada audit trail tidak ada catatan log",Mayor
Ketika export data (Excel &amp; PDF) LPE catatan log tidak ada<br>(G1 Setelah export data)<br>(G2 catatan log),Mayor
Masa Sertifikasi tidak sesuai,Minor
Muncul notif error ketika filter data,Mayor
"Tidak berfungsinya : Tabel Penilaian<br>Kolom Mohon Menuliskan Kritik
Kolom Mohon Menuliskan Saran &amp; Usulan",Mayor
harusnya kalo select akan muncul hovernya pada dropdown menu satuan kerja dan unit kerja,Kosmetik
Input Surat Tugas timed out,Mayor
terdapat typo nama field pada Nama Perusahaan,Kosmetik
Terdapat perbedaan nama kolom antara aplikasi dengan template<br>,Kosmetik
"Ketika Logout &amp; ubah data, sebaiknya diberi pop up konfirmasi tambahan. Misal: <b>""Apakah anda yakin?""</b>",Kosmetik
belum ada audit trail ketika unduh excel,Mayor
"point 5 dan 7 terdapat rencana tindak lanjut pada aplikasi, sedangkan pada template tidak ada<br>",Minor
"pada ""PT Sinarmas Asset Management (Audited/ Non Audited)"" Tidak bisa melakukan catatan pada laporan Analisa LPK, LLR, LAK",Minor
"1. Audit Trail akun pegawai 00372 tidak muncul<br>2. Audit trail saat klik upload materi (menu informasi dan kelola kelas) tidak muncul, cek saat menambah materi<br>Mohon dicek untuk semua audit trail baik pegawai maupun admin untuk proses Sertifikasi Profesi",Mayor
"Ketika melakukan tambah data, opsi pilihan Jenis Laporan belum sesuai",Minor
Terdapat perbedaan nama kolom pada poin nomor 5 dan 6<br>,Minor
table pada point 11 tidak sesuai antara template dan aplikasi<br>,Minor
Terdapat perbedaan nama kolom pada point 12 antara template dan aplikasi<br>,Minor
Isi kesimpulan pada aplikasi masih belum sesuai dengan template<br>,Kosmetik
isi kesimpulan pada aplikasi masih belum sesuai dengan template<br>,Kosmetik
"Typo penulisan seharusnya ""Menambah Nomor Surat Tugas"" pada kolom Keterangan",Kosmetik
"saat buat sertifikasi baru tanggal konfirmasi tidak boleh lebih dari tanggal mulai, namun saat edit masih bisa menyimpan tanggal tersebut",Mayor
"Keterangan verifikasi bagian ""oleh"" tidak muncul setelah pengajuan disetujui",Mayor
Tidak ada keterangan yang berbeda antara Disetujui dengan Ditolak,Minor
"1. Saat pegawai absensi, tidak muncul di audit trail",Mayor
"sudah tambah kelas namun tidak muncul di Pegawai (SIT 15 AP), dan tidak ada tombol submit saat pegawai mau absen (case tanggal training diubah)",Mayor
"Salah pada form awal, nama tidak boleh mengandung angka (padahal tidak ada angka, tp karakter khusus), namun tidak bisa back untuk memperbaiki, stuck pada form buat PIN baru",Fatal
"Ketika melakukan tambah data, beberapa mi ketika memilih laporan keuangannya masih ada opsi yang double",Minor
Ketika export pdf tetapi nama dokumen nya excel.,Kosmetik
"pada tab laporan perubahan ekuitas, belum ada kolom keterangan dan aksi, lalu pada analisa LPE belum ada kolom untuk mengisi analisa LPE",Mayor
"ketika melakukan perubahan isian keterangan di data keuangan MI, tanggal/waktu yang tertera belum terupdate ketika selesai melakukan perubahan",Minor
belum ada fungsi ekspor pada Tabel Perbandingan Pegawai yang sudah ikut Pelatihan dan Belum pada fitur Learning Partner,Mayor
Tidak bisa menyimpan data dan no respon,Fatal
belum ada fungsi unduh data,Mayor
belum ada filter pada tab Pelaksanaan dan Keanggotaan,Mayor
"Untuk tab menu ""Data Umum"" tidak ada button export excel dan export pdf.",Mayor
"ketika klik Lihat Detail, pada tabel Riwayat Sertifikasi belum di tampilan row untuk aksi pengajuan/pendaftaran Sertifikasi Profesi, dengan dokumen formulir pengajuan dan keterangan verifikasi diterima atau ditolak (beserta alasannya)",Mayor
belum bisa unggah formulir .doc,Minor
pada log proses tidak terdapat kode dan nama MI nya,Minor
Ketika melakukan export excel tanpa filter maupun menggunakan filter tidak tercatat pada log audit trail,Minor
Ketika melakukan export pdf maupun excel pada bagian setelah kesimpulan itu untuk kolom nomor tidak urut dan kolom tanggal pada approver tanggal nya berbeda dengan yang lain,Minor
"saat baru diklik langsung muncul error message ""Periode harus diisi""",Minor
"perbedaan nama kolom di file download csv dan excell seperti kolom ""No"" di excell sedangkan di csv jadi ""FIN""",Kosmetik
"1. Idealnya kalo udh select tanggal, tanpa klik refresh harusnya pilihan di dropdown nama MI dan nama produk muncul&nbsp;&nbsp;<br>",Minor
"Pada web ""Kelas EBA"" berbeda dengan hasil download yaitu ""Kelas EBA (Arus Kas tetap Kelas A/Arus Kas tidak tetap Kelas B)""
Pada web ""Jenis Pendapatan (tetap/tidak tetap)"" berbeda dengan hasil download yaitu ""Jenis Pendapatan (Arus Kas tetap/Arus Kas tidak tetap)""<br>PT BNI Asset 01-2025 (Y)",Kosmetik
Hasil Download kolom Jangka Waktu Jatuh Tempo EBA (Dalam Bulan) angka 0 dibelakang koma tidak muncul pada hasil download berbeda dengan web (Y),Kosmetik
"Penulisan pada web \""Sampai Dengan Akhir Periode Laporan\"" berbeda dengan hasil download \""Sampai Dengan Akhir Periode Pelaporan\"" tidak Proper (Huruf besar pada awal kata)
Kolom (52), (57), (58) (Y)<br>",Kosmetik
"Ketika melakukan filter dengan MI. PT BNI Aseet Manajemen lalu refresh dan memilih nama EBA, muncul 2 opsi nama EBA lalu ketika nama MI di ganti ke PT SEA Asset dan PT Shinhan lalu klik refresh, opsi nama EBA masih tetap muncul pilihan MI BNI -(tidak ter-refresh)- (y)",Mayor
hasil preview print tabel terpotong,Minor
"Pada saat memilih salah satu nama MI keterangannya menjadi \""5 selected\"" dan nama MI tersebut tidak memiliki kode LJK (T)",Mayor
penempatan tabel pada preview belum sesuai dengan web,Minor
hasil preview belum sesuai dengan web,Minor
belum ada validasi apabila tanggal End lebih kecil dari tanggal start,Minor
"Pada saat memilih beberapa nama MI yg tidak ada kode LJKnya, keterangannya tidak sesuai jumlah yang dipilih (T)",Mayor
"ketika menggunakan filter, data yang keluar adalah semua data",Mayor
Terdapat kesalahan penamaan pada export CSV,Kosmetik
"filter tanggal, format input tanggal berbeda dengan kolom tabel. pada tabel DD-MM-YYYY sedangkan pada input MM/DD/YYYY<br><br>menyebabkan kalo input manual sesuai dengan kolom maka pencarian tidak ditemukan",Minor
"hasil view report, export excel dan export csv memiliki banyak kolom yang tidak sesuai tempatnya dan berantakan",Minor
tampilan opsi nama EBA tidak sesuai dengan jumlah hasil yang tampil-T,Mayor
pada filter awas muncul data normal,Minor
"perbedaan nama kolom di file download csv dan excell seperti kolom ""No"" di excell sedangkan di csv jadi ""FIN"" dan juga data nya tidak tergenerate semua",Kosmetik
"perbedaan nama kolom di file download csv dan excell seperti kolom ""No"" di excell sedangkan di csv jadi ""FIN"" dan ""Entity Name""",Kosmetik
deskripsi audit trail untuk download belum tahu apa expor excel/pdf untuk Reksadana atau BK atau MI,Mayor
"Penulisan sub judul ""Investor"" berbeda dengan hasil download file excel",Kosmetik
"Tampilan pada opsi Profil KIK EBA opsi Nama EBA (1) muncul full tetapi saat memilih Manajer Investasi &amp; Nama EBA pada Informasi Profil penulisan nama terpoton, mohon disesuaikan di sub menu lainnya",Minor
Angka yang berhasil terdownload berbeda dengan yang di web pada kolom (52),Minor
log ke double untuk delete catatan pengawas,Mayor
"memasukan no telp yg sdh terdaftar, muncul notifikasi, namun ttp diminta untuk isi otp, <b>sebaiknya jika no telp sdh terdaftar jgn masuk ke isi otp</b>",Mayor
Penulisan tanggal pada hasil download tidak sesuai dengan format tanggal dd/mm/yyyy,Kosmetik
"Pada poin 7-9 jika kosong tampilan yg muncul berupa 0 tapi jika dilihat keterangannya bukan berupa angka, biasanya menggunakan tanda -",Kosmetik
"1. Seharusnya muncul tarikan datanya, untuk makesure apakah datanya ketarik atau tidak&nbsp;<br><br>makesure semua tab dan content sudah ada datanya",Minor
beberapa nama MI tidak ada kode LJK nya (T),Mayor
Saat memilih MI : PT BNI &gt; Nama EBA EBA BNI-AM CF-01 (yang ke-2) lalu klik preview hasilnya eror,Mayor
Tampilan pada web Profil KIK EBA tab Informasi profil s.d Informasi Pembayaran isiannya tidak sejajar,Kosmetik
"1. Kode Kecamatan, Nama Kecamatan, Kode Kelurahan, Nama Kelurahan blm ada kolomnya<br>2. <b>Diubah oleh</b> kolomnya ada 2, salah satunya terisi tanggal",Mayor
"Ketika <b>isi informasi</b> dikosongkan, lalu pilih simpan, pesan blm ada kl isi informasi wajib diisi",Minor
"Pada saat memilih salah satu nama MI keterangannya menjadi \""5 selected\"" dan nama MI tersebut tidak memiliki kode LJK (T)",Mayor
"1. Deskripsi harusnya tidak mandatory<br>2. Pilih data yg baru dibuat, lalu klik kirim muncul error",Mayor
"1. pilih salah satu data, lalu klik lihat, nama field masih blm sesuai dengan lampiran T11<br>2. Field status dukcapil sd koordinat lokasi (cek SS) pengkinian blm ada",Mayor
"berhasil unduh belum masuk ke web <b>pemantauan status layanan</b> di web dengan status layanan ""<b>Ideb telah diunduh pengguna</b>""",Mayor
pada filter awas muncul data siaga,Minor
filter awas data yang muncul normal,Minor
filter belum sesuai,Minor
Page PIN di halaman ini belum ada 'lupa pin' seperti Page PIN yang ada di halaman lain. (SS),Minor
Pada Hasil Download poin 7-9 hasil yang muncul tidak seperti pada web yang menggunakan tanda -&nbsp;<br>,Kosmetik
1. Label filter di Summary Pengawasan Produk blm sesuai lampiran usreq<br><br>2. Urutkan label sesuai dengan acuan template usreq. Masih terdapat beberapa label yg blm muncul&nbsp;<br><br>3. Seharusnya label profesi penunjang dan informasi material menu dan sub menunya menyesuaikan dengan yg ada di lampiran usreq<br><br>makesure semua tab dan content sudah ada datanya<br>,Minor
dasdsd,Minor
Penulisan 0 dan .00 (desimal)&nbsp;pada hasil download berbeda dengan di web (berlaku untuk semua sheet form),Kosmetik
"Pada View Report tidak terdapat informasi ""Jumlah Dana Pensiun yang lapor"" dan ""Jumlah Dana Pensiun yang disubtitusi"" sesuai dengan mockup",Minor
nama pengawas masih angka,Mayor
"Pada View Report tidak terdapat informasi ""Jumlah Dana Pensiun yang lapor"" dan ""Jumlah Dana Pensiun yang disubtitusi"" sesuai dengan mockup",Minor
1. Label blm sesuai dengan lampiran usreq<br><br>makesure semua tab dan content sudah ada datanya<br>,Minor
"Perbedaan nama kolom pada csv ""textbox40"" dengan kolom pada excell dan mockup ""jangka waktu""",Kosmetik
1. Typo? Diatribusikan atau didistribusikan?<br><br>2. Data di kolom informasi akun tidak sesuai dengan yg di lampiran usreq<br><br>makesure semua tab dan content sudah ada datanya<br>,Minor
sfsfs,Mayor
dfvfvvfvfv,Minor
Hasil download pada Profil KIK EBA ada tambahan sheet berbeda dengan yang ada di Web (tidak ada kolom tsb),Kosmetik
"Format date pada web dan hasil download excel/pdf berbeda

di web DD-MM-YYYY
sedangkan hasil download
DD/MM/YYYY",Kosmetik
Penulisan 0 dan .00 (desimal) pada hasil download berbeda dengan di web,Kosmetik
1. Label blm sesuai dgn di lampiran usreq<br><br>makesure semua tab dan content sudah ada datanya<br>,Minor
Hasil download berbeda dengan di web,Minor
Penulisan 0 dan .00 (desimal) pada hasil download berbeda dengan di web,Kosmetik
Semua temuan di atas terkait summary tolong di adjust ke menu export PDF dan export excel,Minor
Penamaan header kolom tabel Agunan dan Kredit masih belum sesuai dengan template,Kosmetik
hasil download urutannya berbeda antar display web dan excel/pdf,Minor
"Kolom tanggal mulai melanggar dan jumlah hari melanggar, NAB, unit penyertaan belum ada",Mayor
hasil masih sama semua untuk row data yang berbeda,Mayor
Ketika memilih data untuk diantrikan dengan mengklik request muncul pesan error,Mayor
Perbedaan Judul dan Isi Kolom tabel pada Fix Report dengan Mockup,Minor
"Menggunakan provinsi yg diubah dari web prov: acehubah, kabupaten: aceh selatanubah <br>kelurahan <b>tidak ada sama sekali,</b> seharusnya di web saat menambah kecamatan harus ada langsung mengisi ke kelurahan, karena jadi tidak bisa lanjut verifikasi",Mayor
"Ketika melakukan upload data muncul pesan notifikasi berhasil, namun file tidak terupload",Mayor
Terdapat data kosong pada tabel dan untuk loading view report dan export tergolong lama dibandingkan fix report lain,Minor
Perbedaan isi kolom pada tabel View Report dengan Mockup,Minor
Terdapat kolom kosong pada tabel,Kosmetik
Hasil View Report akan selalu menampilkan semua perusahaan walaupun sudah difilter nama perusahaan,Minor
Terdapat kesalahan penulisan pada export CSV,Kosmetik
"pada web terdapat kolom ""No"" sedangkan pada mockup tidak ada",Minor
"pada view reksa dana, MI, dan BK (web) muncul kolom kode MI, kode BK, kode RD tidak sesuai dengan lampiran PKSI (T)<br>",Mayor
typo nama kolom pada grid data detail MI (T),Kosmetik
judul pada tabel belum sesuai dengan mockup ,Minor
ketika klik LJK tidak muncul,Mayor
Ketika klik LJK tidak ada data yang muncul,Mayor
Ketika klik LJK tidak ada data yang muncul,Mayor
ketika klik LJK tidak muncul data,Mayor
"Penulisan tanggal pada hasil download Excel &amp; pdf, sheet Summary berbeda dengan web",Kosmetik
Terdapat kesalahan penulisan pada export CSV,Kosmetik
"Hasil download excel berbeda dengan web, penulisan desimal .00 tidak muncul",Kosmetik
"Penulisan desimal tidak sesuai pada hasil download Pergerakan NAB/UP, YtD, Dana Kelolaan &amp; Unit Penyertaan, Informasi Keuangan, Rasio Keuangan",Minor
"Keterangan ""dicetak oleh"" dan ""tanggal cetak"" tidak pada posisinya",Kosmetik
Nama tabel belum sesuai dengan mockup,Kosmetik
"Judul pada tabel berbeda, pada web ""Nilai"" sedangkan pada hasil download ""Jumlah SID""",Minor
Terdapat kesalahan penulisan export CSV,Kosmetik
"Terdapat tulisan error di view report dan duplikat tulisan periode akhir, loading report dan export juga tergolong lama",Minor
"Kurang kolom ""Jenis Surat Berharga"" pada View Report",Minor
Terdapat kesalahan penulisan export CSV,Kosmetik
Pada hasil Download judul grafik berbeda dengan web,Minor
hasil print pdf kolom belum sesuai,Kosmetik
Ada teks yang tertutup dan tidak ada data untuk View Report nya,Minor
"File export excel ketika di tab cluster supervisory, maka data yang muncul hanya dari tab tsb. Tab Cluster umum datanya tidak ketarik",Minor
Perbandingan Performance dengan rata-rata delta NAB/UP berada di Cluster Aktivitas seharusnya di Cluster Keuangan&nbsp;,Mayor
Typo pada kolom tabel,Kosmetik
Tidak muncul isian pada hasil download&nbsp; pdf (Y),Minor
Pada hasil download pdf & excel nama KAP & AP tidak muncul,Minor
Isi data aplikasi terdapat % namun pada hasil ekspor pdf tidak terdapat %,Kosmetik
log tidak sesuai dengan tab yang di export excel dan pdf (T),Minor
Judul Kolom tidak terdapat pada export XLXS,Minor
fungsi filter kategori pemenuhan belum sesuai,Minor
"Tidak dapat menghapus baris data pada saat upload metadata output(ss1)<br><br>ketika hendak hapus baris data di bagian ""unggah metadata output"" dan hendak memilih list data.<br>case ingin hapus<br>list nama data ""tes hapus baris"" menampilkan keterangan berhasil dihapus, akan tetapi data baris tidak langsung hilang dari list data, dan ketika disimpan, baris yang ingin di hapus tersebut ikut tersimpan dan terunggah seperti pada dokumentasi (ss2)",Minor
Ketika menghapus baris pada data yang diupload muncul pesan error (ss terlampir),Mayor
Nilai pada indikator PAN tidak muncul pada analisa indikator pan,Minor
"OTP ketika telah expired, tidak bisa minta otp, slalu terinfo, masih ada otp yg aktif, padahal sdh lebih dr 1 menit (menggunakan yg dev OJK)",Mayor
"Validasi ""Link"" mohon disesuaikan sesuai dengan ketentuan character ""link"" pada umumnya.
<br><br>saat ini tidak dapat pakai ""://"" dan ""."" yg seringkali digunakan penulisan URL. (SS)",Minor
data pengguna yang sudah dihapus sebaiknya tidak ditampilkan di sisi User Interface. (SS),Minor
belum ada alert email untuk < 10 investor (bisa sampling),Mayor
"Tombol back perlu diadjust sesuai diskusi di wa grup.
<br><br>Tombol back difungsikan dan diberi alert konfirmasi bahwa proses verifikasi foto akan diulang.",Minor
Fungsi lihat terdapat <br>error,Mayor
1. Label blm sesuai dengan template excel,Minor
"Jika image banner tidak ada, mohon tidak ditampilkan pada aplikasi. (SS)",Minor
"alert masa tunggu pengajuan idebku terlalu cepat, mohon diadjust agak lama sekitar 5 detik.",Kosmetik
"1. Pelanggaran yang tercetak doubled.
<br><br>2. belum ada separator ribuan untuk Denda",Minor
"masukan pin, tidak bisa lanjut, proses terus",Mayor
"1. Saat pilih Pihak pada Detail Sanksi dengan pilihan <b>Pengurus</b>, sort by pada kolom dan kolom pencarian belum berfungsi<br><br>2. Pada pilihan <b>Lembaga</b>, keterangan tertulis ada 14 data, tapi yang muncul di table list hanya 1 data",Mayor
Tanggal Surat pada T11 tertulis Tanggal Surat Sanksi,Kosmetik
"saat klik home, terbuka di tab baru",Kosmetik
log aktivitas hapus belum ada,Mayor
log aktivitas hapus belum ada,Mayor
"pada input penerima, Attachment, pengirim. data sudah terisi sebelumnya. namun ketika dilihat kembali tidak ada datanya",Mayor
pada edit pengirim dan penerima tidak bisa di klik/proses,Mayor
"pada tampilan data luar di ""tanggal surat"" sudah sesuai dengan inputan sebelumnya. namun ketika edit, tanggal berubah ke 01-01-1970",Mayor
Log Aktivitas Tambah Detail Sanksi ter-duplicate,Kosmetik
data yang kosong bisa tersimpan,Mayor
"pada data pemeriksaan langsung sudah diisi data nya. namun saat ingin memilih data jenis aktivitas di tab latar belakang, data menjadi kosong",Mayor
Log Aktivitas mohon disamakan ascending atau descendingnya,Kosmetik
"jika Status yang dipilih adalah ""Dicabut"" status tidak tampil",Mayor
"ketika status sudah diubah menjadi ""dicabut"" namun tampilan pada halaman depan tidak muncul apa apa<br><br>",Mayor
Referensi No Surat tidak tampil,Mayor
isi dropdown Status belum sesuai dengan T11,Mayor
jumlah denda belum ada separator ribuan,Kosmetik
"pada tab Temuan dan Rekomendasi. di kolom ""temuan"" terdapat mandatory. ada peringatannya, namun tulisan peringatannya ""Tanggal Jatuh Tempo Wajib diisi""",Mayor
"pada tab Detail Temuan, di label name ""status"" ada mandatory. namun berhasil lolos tanpa diisi.",Mayor
"pada tab Sub Detail Temuan di label jangka waktu bukti (mandatory) belum diisi. namun peringatan yang keluar adalah ""ringkasan tindak wajib diisi""",Mayor
"Pada tab Sub Detail Temuan Status mandatory, namun bisa lolos tanpa diisi.",Mayor
"saat tambah penerima, di selaku tidak ada opsi yang bisa dipilih",Mayor
"pada tab Sub Detail Temuan di field ringkas tindak, tertulis tanggal tindak.",Kosmetik
"ketika status no 2 diubah, terjadi kegagalan<br><br><br>",Minor
urutan data pada hasil export excel maupun pdf berbeda dengan yang di aplikasi,Kosmetik
"saat edit Kelompok Sanksi, muncul notif ""Terjadi kesalahan"" seperti gambar 1 tapi datanya terubah. saat ingin kembali diubah tidak bisa, dan saat dicoba untuk dihapus data gagal dihapus.",Mayor
belum ada download template,Mayor
hasil rekap tidak ada<br><br><br>,Mayor
belum ada jenis profesi<br><br><br>,Mayor
"pada tab Temuan dan Rekomendasi. di kolom ""risiko"" terdapat mandatory. ada peringatannya, namun tulisan peringatannya ""Status Wajib diisi""<br><br><br>",Mayor
1. Nominal Denda mohon disamakan menjadi 0.00,Kosmetik
data yang kosong mohon ditampilkan dengan strip (-),Kosmetik
"jika status terisi ""Otomatis"", ""Ditingkatkan"" atau ""Batal"", Status tidak tampil",Mayor
"jika status terisi ""Otomatis"", ""Ditingkatkan"" atau ""Batal"", Status tidak tampil",Mayor
"Validasi pada field Tipe Produk Investasi, ketika sudah di isi tetapi masih muncul alert mandatory",Mayor
"1. Ketika klik cari Nama Bank Kustodian, pop up yang muncul hanya ada 12 data, tetapi ketika melakukan search dengan keyword tertentu data yang tampil bukan dari 12 data sebelumnya<br><br>2. berlaku juga pada case pada opsi izin yang lain",Mayor
untuk hasil pdf judul tabel belum lengkap seperti hasil di web,Kosmetik
button hapus masih muncul pada tabel pra submit,Mayor
nama manajer investasi tidak muncul,Mayor
"jika memilih produk fitur multi kelas dengan opsi tidak, kolom kebijakan pembagian hasil investasi hilang bukan disable",Minor
"Layout table saling menimpa, mohon dibuat responsif. (SS)",Kosmetik
Satuan Kerja pada Daftar Tim Pemeriksa belum tampil,Mayor
"Form pada aplikasi dengan mockup banyak yg berbeda, mohon dipastikan ulang. (SS)",Mayor
"1. Risiko merupakan mandatory tetapi jika tidak diisi tidak ada popup validasi dan data dapat tersimpan<br><br>2. Saat Tambah Detail Temuan dan Rekomendasi, ID Rekomendasi tidak mandatory tapi muncul popup harus diisi<br>",Mayor
"1. Untuk form yang ada persenan ketika di input lebih dari 3 angka, belum muncul validasi error nya

(SS terlampir_ss1)<br><br>2. Penamaan pada step 2 belum sesuai (di Mockup Dokumen Perizinan, di web Dokumen Persyaratan)(SS terlampir_ss2)",Kosmetik
"pada mockup tidak terdapat field "" kategori prinsip syariah""",Minor
"ketika memilih tipe produk investasi 'Reksa Dana Syariah Berbasis Efek Luar Negeri"" kolom ""Mekanisme Pembersihan Kekayaan"" tidak disable, <br><br>tetapi ketika memilih tipe produk investasi ""Reksa Dana Syariah Berbasis Sukuk"" kolom ""Mekanisme Pembersihan Kekayaan"" disable",Mayor
1. Nama Kolom belum menggunakan spasi<br><br>2. Belum ada scroll ke kanan,Kosmetik
isi dropdown belum ada,Mayor
Referensi Surat Sanksi tidak tersimpan,Mayor
tombol aksi tidak ada,Mayor
"Setelah <b>login</b>, jika klik tombol <b>back</b> maka akan langsung <b>terlogout</b>.
<br><br>Setelah <b>logout</b>, jika klik tombol <b>forward </b>maka akan langsung <b>login</b>.",Fatal
"1. pada kolom nama produk investasi  anable akan tetapi pada mokup disable <br><br>&nbsp;2. pada mockup terdapat field "" maksimal unit pernyataan"" namun pada aplikasi tidak ada",Mayor
"'Series Kelas', 'tgl pelunasan akhir' berisi null, padahal label tertera mandatory. (SS)",Minor
"Ketika melakukan pencarian notaris, data awal yang muncul ada 49, ketika melakukan search terdapat notifikasi gagal, lalu ketika keyword dihapus lalu klik search data yang keluar hanya 5 data",Mayor
"Terdapat banyak field berisi null, padahal label mandatory. (SS)",Mayor
"Terdapat Nama Dokumen Mandatory, namun file tidak ada / null. (SS)",Minor
"Timestamp catatan mohon disesuaikan dengan jam aktual, bukan jam server. (SS)",Minor
"Ketika melakukan pencarian Konsultan Hukum, data awal yang muncul ada 63, ketika melakukan search terdapat notifikasi gagal, lalu ketika keyword dihapus lalu klik search data yang keluar hanya 31 data",Mayor
"Tipe produk syariah yang berbasis sukuk belum aktif/enable

(SS terlampir)",Minor
aplikasi belum sesuai dengan mockup,Mayor
"pada form izin pada mokcup terdapat field "" produk investasi"" saja namun pada aplikasi terdpat field "" produk investasi"" dan ""bank kustodian""",Mayor
"1. saat menambah data lain dan klik simpan, tidak tersimpan<br><br>2. saat tambah data lain dan klik preview changes, tampilan awal tidak berubah",Mayor
"Ketika belum pilih ""Tipe Produk Investasi"" (1), pada form ""Tanggal Pelunasan Akhir"", sudah ter disable (2)
<br><br>SS terlampir",Minor
"ketika form sudah di isi tetapi Formulir Dewan Pengawas Syariah tidak di isi lalu klik button selanjutnya, form berhasil masuk ke step 2 dan tidak ada validasi harus isi Formulir Dewan Pengawas Syariah",Mayor
Beberapa enable/disable masih belum sesuai,Mayor
pada saat zoom 100% tidak terlihat tanda + untuk menambah data. namun saat 90% terlihat ikon untuk menambah data,Kosmetik
ada titik 2 di depan judul Formulir Kelas Reksa Dana,Kosmetik
"pada pop up detail Formulir Kelas Reksa Dana, beberapa isian yang memilih opsi 'tidak ada' tidak tampil",Mayor
"tulisan pada ""status"" masih belum sesuai",Kosmetik
"Terdapat form ""Imbalan Jasa Manager Investasi"" yang belum tersedia di web nya<br><br>SS terlampir",Minor
"Pada tabel Formulir Kelas Reksa Dana, ketika melakukan hapus salah satu data, datanya masih hilang, lalu ketika melakukan edit, kolom proses tidak berubah menjadi perubahan",Mayor
"step mendapatkan bugs:
1. isi alasan pembubaran ke opsi 5
2. isi tanggal kesepakatan bubar
<br>3. ubah alasan pembubaran ke opsi lain
<br>4. submit

data tanggal kesepakatan bubar masih terinput sampai ke internal, seharusnya tidak terinput",Mayor
alert pada Maksimum Imbalan Jasa Manajer Investasi (%) per Tahun belum sesuai,Minor
saat permintaan kelengkapan dokumen masih bisa mengubah formulir awal,Minor
Dropdown masih bisa di ketik manual,Minor
"Jika Pengirim atau Penerima diubah, Jabatan tidak otomatis ikut terubah sesuai dengan Nama yang dipilih",Mayor
"ketika memilih produk investasi yang direncanakan sebelumnya menggunakan alasan poin 5, inputan tanggal kesepakatan bubar masih tetap ter-disable
alasan poin 5 harus diklik terlebih dahulu untuk membuka tanggal kesepakatan bubar",Minor
"Ceklis ""sesuai"" tidak dapat diklik. (SS)",Minor
masih kurang Sanksi Terakhir dan Jumlah Sanksi Terakhir yang sesuai t11,Minor
belum ada Pemeriksaan Langsung Terakhir dan&nbsp;Status Rekomendasi yang sesuai t11,Minor
"Ketika melanjutkan pengisian form di menu daftar izin lanjutan, beberapa kolom yang sebelumnya sudah di isi pada form menjadi disable",Minor
"Keterangan di mockup dengan di web nya belum sesuai, di web nya ketika di field ""Kategori Prinsip Syariah"" belum pilih ""Syariah"", pada field ""Mekanisme Pembersihan Kekayaan"" enable<br><br>SS terlampir",Minor
Status yang dipilih tidak tersimpan,Mayor
pada temuan dan rekomendasi belum ada fitur download rekap temuan dan rekomendasi per Perusahaan dengan format excel dan pdf.,Mayor
1. PIC Perusahaan belum di-take-out<br><br>2. Kolom Keterangan belum ada,Mayor
tampilan pada web belum sesuai dengan mockup,Mayor
"pada sub menu temuan dan rekomendasi, fitur hapus selalu gagal",Mayor
beberapa item nama pada mockup belum ada pada tampilan form pendaftaran,Minor
Spasi pada beberapa field dengan tanda mandatory nya belum sesuai<br><br>SS terlampir,Kosmetik
"saat menghapus data list, tulisannya berhasil. namun datanya tidak terhapus",Mayor
"1. pada aplikasi tidak terdapat formulir dewan pengawasan syariah dan formulir share close
<br>2. pada aplikasi belum ada aksi generate",Mayor
"ada ""_"" pada belakang aksi Logout",Minor
"1. Ketika tambah data, kemudian edit data (ss1), ketika berhasil edit (ss2), proses nya tidak berubah menjadi Perubahan (masih Penambahan statusnya) (ss3)<br><br>2. Pada beberapa dropdown yang memang di isi ketika tambah dan ubah data (ss4), ketika button ""Aksi"", kosong (ss5)<br><br>SS terlampir",Mayor
"ketika klik review dokumen internal, dokumen tidak berhasil tampil ",Mayor
pada field  produk investasi tidak mandatory namun jika di klik selanjutnya muncul pop up pada gambar 2,Fatal
"Pada Pilih Nama, Pilih Jabatan dan Pilih Pengirim, nama kolom belum ada spasi",Kosmetik
Jenis Pemeriksaan belum ada,Mayor
"setelah izin rencana pembubaran PI oleh BK diapprove, produk investasi yang sama masih dapat disearch ketika mengajukan rencana pembubaran PI di user MI",Mayor
"ketika login dengan user BK, ketika klik review kelengkapan dokumen, catatan eksternal user MI tertulis 'catatan internal'
<br>tetapi ketika dokumen dikembalikan ke user MI, ketika review dokumen catatan dari user BK yang tertulis 'catatan Internal'",Minor
"Ketika melakukan Pendaftaran Produk PI oleh eksternal MI tetapi tidak memilih nama Bank Kustodian lalu submit permohonan, dokumen berhasil tersubmit dan masuk ke internal",Mayor
Izin Rencana Pembubaran PI oleh BK tidak terhitung sudah diberikan izin oleh sistem sehingga tidak bisa dilakukan realisasi pembubaran PI oleh BK,Fatal
"Ketika ""Hapus Data"" (ss1), status nya tidak berubah menjadi ""Penutupan"" sesuai yang ada di mockup (ss2)<br><br>SS terlampir",Minor
Button Tambah dan Reload PIC terlihat menyatu. mohon di beri jarak sedikit renggang,Kosmetik
"Ketika sudah input step 1, klik button Selanjutnya, tidak bisa lanjut ke step ke 2 ""Dokumen Persyaratan""<br><br>SS terlampir",Fatal
di tab daftar tim pemeriksa > klik tambah > klik pilih Nama. terjadi error dan ada notifikasi errornya,Mayor
"generate tanggal jatuh tempo tidak sesuai jika kondisi data telah terisi, belum disimpan, dan tanggal surat diubah.",Mayor
"Penamaan kolom ""ObjekPemeriksaanID"" tidak diberi spasi, mohon untuk diberi spasi",Kosmetik
"saat tambah data 3, status data 2 tidak berubah ke ""Dilanjutkan""",Mayor
ketika masuk ke pop up Formulir Dewan Pengawas Syariah alert untuk harus isi kolom mandatory belum muncul ketika klik simpan dengan kondisi form tidak di isi,Mayor
"saat menambah data tindak lanjut jenis email ke pic perusahaan. di tambah jenis dokumen, bagian pengirim, pada saat klik nama terjadi error",Mayor
installer blm lolos validasi,Mayor
gagal login,Mayor
"1. Pada step 3 - konfirmasi, form tidak memuat isian step 1<br><br>2. tabel Formulir Dewan Pengawas Syariah dan Formulir Kelas Reksa Dana tidak tampil pada step 3<br><br>3. Kolom kebijakan Pembagian Hasil Investasi tidak muncul di step 3<br>",Mayor
1. Tampilan opsi Rutin pada aplikasi APERD penulisannya Pelaporan sedangkan pada BK penulisannya Rutin pada semua akun dan client<br>2. Tampilan tulisan Pelaporan terpotong,Minor
<b>Pengalihan Investasi Unit Penyertaan Melalui Sistem Elektronik</b> belum terdapat value opsinya. (SS),Minor
"Limit angka belum ada dasar penerapan, perlu ditambah berdasarkan pengkajian ulang. (SS)",Minor
ketika klik proses muncul pop up error,Fatal
Tanggal diterima seharusnya tidak boleh lebih kecil dari tanggal surat dikirim,Mayor
"pada izin Pelaporan Prospektus Final, kolom tipe produk dan status produk masih belum sesuai",Minor
1. untuk izin Pelaporan Prospektus Final ketika tidak mengisi Produk Investasi alert yang muncul belum sesuai<br><br>2. untuk kolom form tolong ditambah simbol mandatory agar jelas kalau memang wajib isi,Minor
Tanggal Diterima seharusnya tidak lebih kecil dari Tanggal Surat,Mayor
"untuk tambah data pemeriksaan langsung Administrasi Penetapan Objek ini tidak bisa generate id baru di tahun 2024, dia refernya ke id 00001 terus, tampil popup bahwa id tersebut masih on progres padahal di statusnya&nbsp;sudah&nbsp;selesai",Mayor
"Ketika Formulir Dewan Pengawas Syariah diisi dengan Nama Dewan Pengawas Syariah yang sama, data berhasil disimpan

lalu ketika mengisi jabatan ketua lebih dari satu juga bisa tersimpan",Mayor
"pada data sub detail temuan,&nbsp;ketika sudah klik hapus&nbsp;tidak bisa dihapus",Minor
Dokumen perizinan belum sesuai mockup,Mayor
"klik menu permintaan penyesuaian, respon aplikasi > kembali ke halaman Home",Fatal
kode komponen tidak sama dengan struktur data,Mayor
"Kolom File Name tidak diberi spasi, mohon untuk diberi spasi",Kosmetik
Tidak ada keterangan Periode pada redaksi email LJK,Minor
Form 69M101 hasil log eror tidak sesuai :<br>Baris 2 : Seharusnya panjang maksimum 2<br>Baris 3-4 :Tipe Karakter yang diperbolehkan hanya huruf,Minor
"Form 69M101 hasil log eror yang muncul tidak sesuai, Baris 2-3 seharusnya hanya diperbolehkan huruf",Minor
Tidak ada kolom Tahun periode rencana PL,Minor
adasd,Kosmetik
terdapat eror pada tabel No,Mayor
"pada izin Pelaporan Prospektus Final, nama bank kustodian belum disable",Minor
Tidak dapat menginput catatan,Mayor
"Pada tambah detail temuan di dropdown ""id rekomendasi"" tidak bisa diklik.<br><br>",Mayor
"Tidak ada kolom ""nama perusahaan"" di Tabel List Report sesuai mockup",Mayor
tampilan form belum sesuai mockup,Minor
"Kalo pesan error udh muncul referensi, apakah pesan error terkait tipe karakternya akan muncul?",Minor
"Kalo pesan error udh muncul referensi, apakah pesan error terkait tipe karakternya akan muncul?",Minor
"Jika terjadi error / gagal upload, button tidak dapat di klik kembali. (SS)<br>Sebaiknya dapat dilakukan re-upload jika gagal",Mayor
"untuk nama perusahaan di menu administrasi penetapan objek dengan nomor objek yang sama di tahun 2020&nbsp; ada lebih dari satu ( PT aia,&nbsp;PT&nbsp;chubb&nbsp;dll) sedangkan di menu perencanaan pemeriksaan langsung dengan nomor objek pemeriksaan yang sama hanya muncul 1 perusaahaan PT saja.",Mayor
tempat upload template belum tersedia,Mayor
Muncul pesan error yang berbeda ketika header lebih dari 1,Minor
nama form belum sesuai dengan mokcup,Minor
Pada kolom kode reksa dana baris ada kode yang tidak lolos validasi server padahal kode sudah terdaftar di web,Minor
Kolom 21 tidak dapat diisi # untuk #0000,Mayor
"Kolom 4 Baris 5 input Tab muncul log eror, sedangkan pada syarat Tipe Karakter : Huruf Angka Simbol (kecuali karakter | dan enter)",Minor
Tombol pilih pada menu PPL- Penilaian TKS sub menu status pengawasan tidak bisa dipilih,Mayor
pada mokcup terdapat form alamat pemohon namun pada web tidak ada form alamat pemohon,Mayor
pada mokcup hanya terdapat button cari produk namun pada web terdapat button cari produk dan bank kustodian,Mayor
tanggal jatuh tempo bisa di save tanpa generate <br>dan <br>tanggal jatuh tempo bisa lebih muda dari tanggal surat,Mayor
"terdapat kolom yang tidak ada pada mockup seperti ""isupdate"" dll, mohon tidak ditampilkan .",Minor
"Data tidak bisa di- Generete Rekapitulasi pada menu Rekapitulasi objek pemeriksaan, saat klik ya muncul pop up masih ada data perusahaan yang belum di approve, namun setelah kami cek data statusnya sudah approved",Mayor
"Data yg sudah diisi pada step 1 (Formulir), tidak sinkron pada step 3 (Konfirmasi). (SS)<br><br>No Reg:&nbsp;2025050000000225",Mayor
"terdapat kolom yang tidak ada pada mockup seperti ""isupdate"" dll, mohon tidak ditampilkan .",Minor
"1. Ketika belum pilih form ""Izin"" nya, form yang bermandatory terlihat tanda mandatory nya (ss1), ketika sudah pilih salah satu pada form ""Izin"" nya, form form yang bermandatory itu tandanya tidak ada (ss2)<br><br>2. Form ""Mata Uang Produk Investasi"" tidak sesuai (masih bermandatory) (ss1)<br><br>SS terlampir",Minor
"Periode 2025/12/31

data tidak ditemukan. ",Fatal
gagal melakukan tambah,Fatal
"Pada dropdown ""Jabatan"" masih bisa diketik manual dan muncul validasi ""Isian Masih Kosong"" (ss1)<br><br>SS terlampir",Minor
"Ketika filter Tahun Periode Rencana PL (2023), Pilihan pada filter Nomor Objek Pemeriksaan ikut muncul juga tahun-tahun lainnya",Mayor
untuk pesan error tersebut apakah udh bener cukup lebih kolom atau harusnya muncul pesan error terkait karakternya?<br><br>karena&nbsp;syarat Tipe Karakter : Huruf Angka Simbol (kecuali karakter | dan enter),Minor
Penamaan aktivitas perizinan masih belum sesuai,Kosmetik
"terdapat kolom yang tidak ada pada mockup seperti ""isupdate"", mohon tidak ditampilkan .",Minor
untuk pesan error tersebut apakah udh bener cukup lebih kolom atau harusnya muncul pesan error terkait karakternya?<br><br>karena&nbsp;syarat Tipe Karakter : Huruf Angka Simbol (kecuali karakter | dan enter),Minor
Pop up cari user diposisi/forward masih belum sesuai,Mayor
"1. Pada form ""Ketentuan Penjualan Kembali UP"" belum sesuai dengan excel ""Rekap Kondisi Enable/Unable"" (ss1)<br><br>2. Pada ""Formulir Kelas Reksa Dana"", form ""Ketentuan Penjualan Kembali UP"", belum sesuai juga pada excel ""Rekap Kondisi Enable/Unable"" (ss2)<br><br>SS terlampir",Minor
"seharusnya kolom 5 muncul pesan error terkait kolom tersebut wajib diisi, karena trigger kolom 3 sudah terisi",Minor
tidak bisa upload dokumen attachment di sub tab menu organisasi,Mayor
version upload naik versi 2 tetapi tidak ada email yang masuk,Mayor
typo pada notif gagal upload,Kosmetik
List Formulir Dewan Pengawas Syariah yang telah di isi eksternal belum muncul di internal,Mayor
"1.) Kolom ""Satuan kerja"" dan ""Tanggal diubah"" tidak ada isinya (ss1)<br><br>2.) Tidak bisa pilih Kantor di Luar Kantor Pusat (KLKP). Kolom KLKP bukan berupa pilihan dropdown tetapi isian manual. (ss2)<br><br><br>3.) Tanggal Mulai jangka waktu tidak boleh lebih besar dari tanggal selesai jangka waktu. (ss3)",Minor
"setelah klik generate pada Generate Manual Absensi, menunggu sekitar 10 menit, dengan data 2026, tidak tampil data absensi 2026",Mayor
"sudah melakukan tambah attachment, tapi tidak muncul setelah disimpan",Mayor
"Tombol edit pada tab menu Pre-exit tidak berfungsi sebagaimana mestinya, karena ketika kita klik tombol edit yang terjadi malah menambah dokumen baru",Mayor
"Pada form ""Biaya Penggunaan Indeks"", belum sesuai dengan excel Rekap Kondisi Enable dan Unable (ss1)<br><br>SS terlampir",Minor
"Terdapat 1 form yg di excel ""Rekap Kondisi Enable dan Unable"", yang belum ada di web nya (ss1)<br><br>SS terlampir",Minor
Pada semua Form terdapat Keterangan tipe karakternya : Huruf Angka Simbol (kecuali karakter | dan enter)  tidak muncul error,Minor
"Pada form ""Tanggal Addendum KIK"", aktif selain pilih form izin selain ""Realisasi Perubahan KIK dan/ Atau Prospek Terkait Struktur Produk"" (ss1)<br><br>SS terlampir",Minor
"Tidak ada nama tabel pada masing-masing tab AWP, Organisasi, Progres, Pre-exit, Exit.&nbsp;<br>",Mayor
Tombol view detail tidak berfungsi,Mayor
Saldo Minimum Kepemilikan Unit Penyertaan masih disable ketika memilih Produk Fitur Multi Kelas dengan opsi tidak,Minor
"pada step 2 terdapat kolom Dokumen Persyaratan, sementara di mockup tidak ada",Mayor
"dokumen tidak dapat dihapus, namun tidak menjelaskan kenapa tidak bisa dihapus",Mayor
"Tidak bisa pilih ""Jenis Dokumen"" pada tambah dokumen<br>",Minor
Step 3 Konfirmasi ada beberapa kolom yang tidak sesuai dengan isian form pada step 1,Mayor
hasil log gagal dan redaksi email berbeda antara skenario 8 dan skenario 9,Mayor
"Ketika melakukan edit formulir dewan pengawas syariah dengan nama DPS yang sama dan jabatan yang berbeda, muncul notifikasi peringatan",Mayor
"Ketika melakukan hapus data Dewan Pengawas Syariah dan&nbsp;Formulir Kelas Reksa Dana, data tidak terhapus, ketika melakukan hapus yang kedua kali di data yang sama, data menjadi double",Mayor
"Tanggal Mulai tidak boleh lebih besar dari tanggal selesai, Fungsi filter masih belum berfungsi, data masih muncul semua periode",Mayor
tidak ada tombol checked dan submit pada menu tab exit ,Mayor
Tidak ada tombol approve dan submit pada tab menu exit,Mayor
"Data tidak keluar ketika filter, hanya menampilkan proses loading yang lumayan lama",Mayor
"Pesan error kurang jelas, mohon disesuaikan / diberi informasi terkait <b>penyebab</b> kegagalan prosesnya. (SS)<br><br>No Reg:&nbsp;2025050000000315<br><br>Mayor krn potensi stopper",Mayor
Tidak bisa upload KKP (button disable),Minor
"Bagian Dewan Pengawas Syariah masih kosong, padahal di step 1 sudah terisi. (SS)<br><br>No Reg:&nbsp;2025050000000315",Mayor
Alamat pemohon di akun MI berbeda ketika sudah masuk ke BK,Mayor
Tidak dapat menghapus Data kantor yang sudah ditambahkan,Mayor
Tidak bisa export Excell dan pdf,Minor
"Aplikasi 32 form, di mockup ada 28 form (Masih belum sesuai) (ss1)<br>SS terlampir",Kosmetik
beberapa kolom inputan pada form user BK belum sesuai dengan form MI<br><br>button aksi kelengkapan dokumen juga belum sesuai mockup,Mayor
Kolom 9 notif log eror panjang karakter tidak muncul ,Minor
"Kolom 7, tipe Karakter yang dimaksud apakah huruf atau angka? karena berbeda antara strukdat dengan contoh/txt yg diupload",Minor
saat melakukan edit dengan upload data besaran file 75Mb data bisa diterima (bisa diupload) tidak ada batasan besaran file yang diupload.,Mayor
"""<b>Kebijakan Pembagian Hasil Investasi</b>"" tidak ada. (SS)<br><br>Noreg:&nbsp;2025050000000331",Mayor
"""<b>Mekanisme Pembersihan Kekayaan</b>"" harusnya mandatory sesuai di mapping, namun value tertera null. (SS)<br><br>Noreg:&nbsp;2025050000000331",Minor
"Pada form ""Biaya Penggunaan Indeks"", belum sesuai keterangan di excel rekap kondisi enable dan unable (ss1)<br>SS terlampir",Minor
Tidak bisa export excell dan pdf,Minor
"Kolom 6, 7, 8 tidak muncul log eror panjang min atau max karakter",Minor
Kolom 7 & 8 tidak muncul log eror Tipe Karakter,Minor
Web antara mockup tidak sesuai (ss1)<br>SS terlampir,Minor
Email belum masuk setelah 15 menit,Mayor
"Ketika sudah mengisi formulir Reksa Dana, ketika klik detail ada beberapa yang kolom yang belum tampil",Mayor
"Pada verifikasi akhir/persetujuan izin staff, penamaan form nya berbeda dengan mockup nya (ss1)<br>SS terlampir",Kosmetik
formulir strukur/ fungsi reksa dana,Minor
Pada tampilan mook up tertulis GENERETE BAST sedangkan pada Aplikasi Download BAST,Kosmetik
"1. Pada ""Dokumen Internal"", button nya belum sesuai dengan mockup nya (ss1)<br><br>2. Pada button ""Kelengkapan Dokumen"", dokumennya belum sesuai dengan mockup nya (ss2)<br>SS terlampir",Minor
"Pada tampilan mook up tertulis GENERETE LPHL, sedangkan pada Aplikasi Download LPHL, mohon untuk disesuaikan dengan Mook Up",Kosmetik
Alert yang muncul belum berbahasa indonesia,Kosmetik
Periode 2025/04/30 Form 69M101 &amp; 69M102 data tidak ditemukan,Mayor
Terdapat form yang belum sesuai dengan mockup nya (ss1)<br><br>SS terlampir,Minor
Periode 2025/04/30 Form 69M201 data tidak ditemukan,Mayor
"ketika klik edit pada salah satu row, dan lanjut klik edit pada row yang lain, highlight row warna biru tidak otomatis hilang pada row sebelumnya",Minor
Form 69M202 Rutin &amp; Koreksi pada kolom Jumlah isian data tidak muncul,Mayor
"pada tahap konfirmasi, Formulir Dewan Pengawas Syariah menjadi double",Mayor
"Aktivitas perizinan ""Konsep Surat Keputusan"", kemudian ketika klik button ""Persetujuan"" (ss1), aktivitas perizinan nya langsung berubah ke Kirim Surat Keputusan (ss2), tidak berubah ke aktivitas perizinan ""Review Surat Keputusan"" (sesuai dengan skenario) (ss3)<br><br>SS terlampir",Mayor
saat upload dokumen terdapat 2 alert bersamaan berhasil upload dan error,Mayor
Data yang telah diedit tidak tersimpan dan tidak muncul pop up berhasil edit,Mayor
"Seharusnya pesan error yang muncul cukup dengan&nbsp;Kesalahan di Kolom 4 'Tanggal Publikasi' , harus diisi karena kolom 'Judul Publikasi' terisi",Minor
"Hasil preview dengan template hasilnya berbeda pada kolom : Sifat Reksa Dana, Jenis Valuta, Nilai Subscription, Nilai Redemption, dan Nilai Outstanding",Kosmetik
"Sudah selesai membuat produk investasi, namun belum muncul",Mayor
"Tidak ada kolom field ""Jenis KLKP""  sesuai mockup",Mayor
produk tidak muncul,Minor
Untuk nomor urut perusahaan pada saat ingin menambahkan nama perusahaan mohon dibuat berurutan di dalam kolomnya agar memudahkan user dalam mencari nama perusahaan yang dimaksud.,Kosmetik
filter tahun periode pl masih belum berfungsi,Mayor
tampilan belum sesuai mockup,Kosmetik
pada step konfirmasi keterangan tidak muncul data (kosong),Mayor
"Pada aktivitas perizinan verdok Terdapat button kembalikan, di mockup tidak",Minor
"Ketika tidak melakukan review pada kelengkapan dokumen, lalu pilih opsi surat keldok, dokumen berhasil ter-submit dan berubah menjadi konsep surat keldok",Mayor
"Tidak ada button ""Tambah"" nya (ss1)

SS terlampir",Mayor
"case sama seperti nomor 35, mohon diurutkan juga nomornya untuk memudahkan user juga pada sub menu lainnya agar diurutkan nomor nya, terima kasih<br>",Kosmetik
format tanggal pada konfirmasi tidak sama dengan format tanggal pada formulir,Minor
"1. Dokumen internal belum memuat dokumen
<br><br>2. kelengkapan dokumen masih tampil didepan tidak di pop up button lihat kelengkapan dokumen",Mayor
Belum adanya menu audit trail/log akses,Fatal
belum ada audit trail,Mayor
"Keterangan di mockup belum sesuai pada form : 1. ""Pelunasan Lebih Awal"" (ss1), 2. ""Pelunasan Parsial"" (ss2), 3. Dropdown (Pembelian Unit Penyertaan Secara Berkala, Pembelian Unit Penyertaan melalui sistem elektronik, Pembelian Unit Penyertaan melalui APERD, Penjualan Kembali Unit Penyertaan Melalui Sistem Elektronik, Penjualan Kembali Unit Penyertaan Melalui APERD,Pengalihan Investasi Unit Penyertaan Melalui APERD, Pengalihan Investasi Unit Penyertaan Melalui Sistem Elektronik)=&gt; (ss3)<br>SS terlampir",Minor
"Saat memproses data, jenis aktivitasnya ""edit"" bukan ""proses""",Minor
"Ketika melakukan persetujuan tetapi tidak memilih user pemroses, dokumen berhasil disetujui lalu dokumen masuk ke user ridwan",Mayor
"Belum bisa download, error",Fatal
Email belum masuk lebih dari 23 menit,Mayor
Versi upload tidak bertambah setelah mengirim koreksi sukses yang kedua,Minor
Versi Upload Untuk Koreksi Sukses tidak bertambah setelah mengirim yang ke-2,Minor
"setelah menambah data, lalu ingin edit dokumen pendukung. pada pengirim, penerima, attachment tidak muncul data yang sudah diinput sebelumnya.",Mayor
Hasil generate file txt pada Form 69S102 Kolom Judul Publikasi dengan template,Minor
"Setelah edit data berhasil, deskripsi aktivitasnya hanya \""/administration/schedulers\"" tidak ada keterangan editnya",Minor
"ketika klik lihat pada tab penilaian TKS, di Status Pengawasan (Menu TKS) tidak sesuai tampilan yang sudah diinput.",Mayor
Produk tipe tidak muncul,Mayor
Tanggal Pemeriksaan belum rata tengah,Kosmetik
"Alert error pada form ""Maksimum Biaya Pengalihan Investasi Unit"" belum sesuai (ss1)<br><br>SS terlampir",Minor
"Tidak ada kata ""laporan"" pada halaman menu log scheduler",Kosmetik
"Untuk Mengisi data-data pada kolom Penilaian TKS itu mengisinya dimana ya, karena ketika di-Generete  ""No Data to display""",Mayor
"1. Typo kolom ""Usulan Tim PKS""<b> (ss1)</b><br><br><br>&nbsp;2. Ketika isi pilihan ""Usulan Tim KSPA"" ( Aktuaria, investasi dll), hasilnya tidak muncul pada kolom Usulan Tim KSP pada Tabel list report <b>(ss2)</b>",Mayor
"kolom isupdate mohon di take out saja, karena tidak ada di mockup",Kosmetik
Isi datanya tidak sejajar dengan kolom tabel,Minor
"pada audit trail, ketika klik next pada akhir page, dan ingin kembali ke awal page. terjadi error",Mayor
Data Tim Pengawas ter-duplicate,Mayor
typo pada tombol word processing lepasan,Kosmetik
tampilan tabel Formulir Kelas Reksa Dana belum sesuai mockup,Minor
Tahun pemeriksa akhir belum rata isi tablenya,Kosmetik
data audit trail belum descending dengan data terbaru,Minor
ukuran button berbeda,Kosmetik
watermark tidak ikut terdownload saat unduh file. Sementara di preview tertera watermark. SS,Minor
"Terdapat dokumen mandatory yg belum diisi / diupload, namun tetap dapat melakukan approve. SS
<br><br>&nbsp;Mohon ditambahkan validasi sebelum melakukan aksi approve.<br><br>no reg:<br>2025060000000218<br>",Mayor
Data Status Pengawasan (Menu TKS) tidak tersimpan saat sudah di submit,Mayor
Tidak bisa simpan pada pilihan Status Pengawasan (Menu TKS) ,Mayor
view detail belum dihapus,Mayor
nama kolom seharusnya Usulan Tim KSPA,Kosmetik
"ketika mencoba download hasil upload di log dokumen, terjadi error",Mayor
"Pada Aktivitas Peizinan Konsep surat penolakan, Dokumen internal belum tampil",Mayor
" urutan data tidak descending, seharusnya data paling baru muncul paling atas secara otomatis(by default)",Minor
Mandatory antara web dengan Rekap Kondisi Enable/Unable<br><br>SS terlampir berdasarkan excel rekap dengan web nya,Minor
"Pada aktivitas perizinan kirim surat keputusan, dokumen internalnya muncul, tetapi belum sesuai mockup, lalu buttonnya juga belum sesuai",Minor
"saat menjalankan skenario ""Upload Rutin dengan Kode Manajer Investasi Tidak sesuai pada Form 69A101  dengan data di Web Apolo >> MasterData >> Sandi Klien >> Sector (Manajer Investasi)"", Hasilnya selalu Sukses, Walaupun sudah 3x percobaan",Mayor
nomor objek pemeriksaan tidak otomatis selesai setelah di approve kadep,Mayor
"saat pilih revisi, data yang kembali tidak dapat di submit kembali",Mayor
"Tidak ada penamaan Field ""Download AWP"" seperti pada mockup",Kosmetik
Label heading blm sesuai template&nbsp;<br><br>tolong adjust ke export excel dan pdf,Kosmetik
"saat ingin revisi dari approver ke drafter, pilihan radio button ke drafter tetapi keterangan detailnya approver ",Mayor
"saat revisi data, notif berhasil revisi belum sesuai",Kosmetik
"Status Objek Pemeriksaan tidak otomatis berubah menjadi ""selesai"" ketika sudah approved by kadep",Mayor
"Pemberian nomor belum berurut, ada pengulangan nomor 10 pada page 1 dan page 2",Kosmetik
"saat drafter submit data ke reviewer, tidak ada notifikasinya",Mayor
Label heading blm sesuai template&nbsp;<br><br>tolong adjust ke export excel dan pdf,Kosmetik
Tidak ada tombol refresh tab sesuai mockup,Mayor
"1. Pada form ""Maksimum Imbalan Jasa Bank Kustodian (%) per Tahun"" terdapat persenan (%) pada akhiran field nya (ss1)<br><br>2. Tampilan pada ""Formulir Rencana Perubahan KIK dan/Atau Prospek Terkait Struktur Produk"" nya berbeda dengan mockup (ss2)<br><br>SS terlampir",Kosmetik
saat klik link detail. detail belum lengkap datanya sesuai yang sudah diinput,Mayor
Ketika pilih radio button ajukan drafter seharusnya field informasi berada di sisi drafter juga.,Minor
notif berhasil setujui data belum sesuai,Kosmetik
"Popup revisi belum sesuai.
ketika klik revisi muncul popup ""apakah anda yakin ingin tidak menyetujui data"".",Kosmetik
"ketika ganti izin dari prosfektus final ke pendaftaran PI, kolom formulir reksadananya tidak ke reset, masih tampil list prospektus final",Minor
"Ketika review dokumen di step 2, judul dokumen belum sesuai dengan nama dokumen",Minor
"Pada form ""Keterangan Biaya Pelunasan Unit Penyertaan"" belum sesuai dengan keterangan di ""Excel Rekap Kondisi Enable/Unable"" nya (ss1)<br><br>SS terlampir",Minor
"1. Tidak ada judul tabel jenis kantor
<br><br>2. kolom Tanggal pemeriksaan mohon center",Kosmetik
Dokumen internal yang muncul di internal belum sesuai dengan yang di upload di eksternal MI,Mayor
"1. Pada field di keseluruhan ""Formulir Reksa Dana,"" sudah di input muncul validasi ""Isian Masih Kosong"" (ss1)<br><br>2. Belum muncul di beberapa field pada Formulir Kelas Reksa Dana (ss2)<br><br>SS terlampir",Minor
"di pesan. pada saat klik tambah, lalu klik batal, tidak ada aksi apa apa. tanda (x) juga belum berfungsi",Mayor
"Penulisan judul kolom Text Alignment Vertikal tidak Center, berbeda dengan template, header kolom 1-15 (Rutin &amp; Koreksi)<br>",Kosmetik
"Status pemeriksaan tidak default = ""planning"" ketika field ""diperiksa tahun ini"" diplih ""ya"".",Mayor
"Kolom 7, Sifat Reksadana pada Penulisan C - Conventional &amp; S - Sharia berbeda",Kosmetik
"Status belum otomatis memilih ""Planning"" saat sudah pilih ""Ya"" pada field 'Diperiksa Tahun Ini?'",Mayor
"Ketika sudah pilih izin ""Rencana Perubahan KIK dan/Atau Prospektus Terkait Struktur Produk(1)"", kemudian sudah pilih ""Nama Manajer Investasi"" =&gt; Produk Investasi yang dapat dicari yang sudah 
aktif dan status prosesnya selesai(Pendaftaran)(2), enable dan unable formulir nya(3) belum sesuai dengan mockup nya(ss1)<br><br>SS terlampir",Minor
"Untuk Jenis Dokumen Tidak bisa dipilih atatu tidak ada pilihan lain, sedangkan pada mockup ada pilihan lain.",Mayor
1. Pada Konsep Surat Kelengkapan Dokumen - Dokumen Internal belum tampil<br><br>2. kelengkapan dokumen juga masih muncul di depan halaman,Mayor
Tampilan Tab Menu Progress saat melakukan edit Tim Pemeriksa tidak sesuai dengan Mockup,Mayor
beberapa data masih bisa di edit meskipun data sudah di approve,Mayor
"1. penamaan ""Riwayat Approval"" tidak sesuai mockup ""Riwayat Konseptor""
<br><br>&nbsp;2. Tidak ada Button Save draft, kembali, dan submit di bagian bawah ",Kosmetik
"Pemilihan Penanggung jawab hanya ada Ketua dan Anggota, sedangkan pada mockup ada pilihan lain seperti penanggung jawab, penyelia dan Koordinator",Minor
1. Label heading blm sesuai template&nbsp;<br><br>2. Konten data blm sesuai template<br><br>3. Aligner kolom tanggal publikasi blm sesuai template<br><br>tolong adjust ke export excel dan pdf,Kosmetik
1. Label heading blm sesuai template&nbsp;<br><br>2. Aligner kolom tanggal publikasi blm sesuai template<br><br>tolong adjust ke export excel dan pdf,Kosmetik
pada saat memilih user pemroses 1 nama dengan 2 peran<br><br>*note : berlaku pada semua form yang terdapat pemilihan user pemroses,Mayor
tanggal pada 1 page berbeda,Mayor
Email pengawas belum masuk setelah 15 menit,Mayor
no regristrasi double,Mayor
"Ketika dokumen masuk ke Eksternal, produk investasi dan kolom mekanisme pembersihan kekayaan belum disable",Minor
"1. Pada step 2 belum sesuai, terdapat ""Dokumen Persyaratan"" saja yang tidak ada dokumennya, di bagian bawahnya terdapat ""Dokumen Perizinan"" yang terdapat dokumen dokumen sesuai mockup (SS1), <br><br>2. Di akun internal tidak, tidak ada dokumen internal nya (SS2)<br><br>3. Di internal, pada ""Kelengkapan Dokumen"", tidak ada dokumen dokumen yang ada di ketika di Eksternal MI (SS3)<br><br>SS terlampir",Mayor
Terdapat perbedaan version upload pada monitoring absensi,Mayor
"Penamaan judul Form pada template tidak sesuai, seharusnya 94M103 - Pelaksanaan Aktivitas Sebagai Bank Kustodian",Kosmetik
"Case sama seperti nomor 51, tidak ada  jenis dokumen lainnya seperti mockup",Minor
"ketika memilih opsi keldok tanpa melakukan review dokumen, dokumen berhasil disubmit dan lanjut ke step selanjutnya",Mayor
"Pada field ""Maksimum Biaya Pembelian Kembali Unit Penyertaan(%)"", ketika input lebih dari 3 angka, tidak muncul alert validasinya (ss1)<br><br>SS terlampir",Minor
belum ada aksi lihat,Mayor
"1. Tampilan pada ""Konsep Surat Penolakan"" belum sesuai dengan mockup nya(SS1)<br><br>2. Dokumen Internal nya kosong, belum terdapat dokumennya (SS2)<br><br>SS terlampir",Mayor
Hasil Generate belum sesuai<br>,Mayor
"pada list peran di list nomor, masih belum sesuai",Kosmetik
Hasil Generate belum sesuai&nbsp;<br>,Mayor
Nama File belum sesuai dengan nama tab/nama button,Minor
"pada Formulir Rencana Pembubaran Produk PI (Reksa Dana) oleh MI, symbol mandatory  yang tampil belum sesuai acuan",Minor
"pada industri asuransi jiwa syariah hanya ada 1 data, namun tampilan pada ""Pemeriksaan sedang Berjalan"" tidak sesuai ",Mayor
"Pada step konfirmasi, Tanggal Akta Pembubaran dan Tanggal Kesepakatan Bubar belum sesuai isian pada step 1",Mayor
nama kolom belum rata tengah,Kosmetik
Jenis efek NEW Securities tidak ada pada web,Minor
"Ketika baru klik button Aksi ""Konsep Surat Keputusan"" (SS1), pada ""Riwayat Perizinan"" sudah tercantum proses ""Konsep Surat Persetujuan"" menjadi ""Kirim Surat Keputusan"" (SS2), dan ketika halaman tersebut di refresh, Riwayat Perizinan nya bertambah proses sudah ""Selesai"" di eksternal (SS3)<br><br>SS terlampir",Mayor
"ketika dokumen masuk ke internal, dokumen internal belum sesuai dengan yang tampil di eksternal",Mayor
"Ketika diisi sandi penerbit dengan yang tidak ada pada web, data tersebut lolos validasi client dan hasilnya sukses",Fatal
Hasil download pdf report basic  periode 31-12-2026 menjadi 2 halaman (1 halaman kosong) Rutin &amp; Koreksi,Kosmetik
Log error yang dihasilkan tidak sesuai dengan skenario yang dijalankan,Minor
"pada list peringkat tks, sebelumnya sudah diinput. namun pada hasil tabel masih kosong",Mayor
1. nama kolom tidak center<br><br>2. penamaan file excel tidak konsisten. SCF&lt;DDMMYY&gt;,Kosmetik
"1. Data tidak dapat tersimpan
<br><br>2. Tidak Ada popup data berhasil tersimpan/gagal",Mayor
"NPWP, NIK, Passport tidak ada batasan karakter",Mayor
"Terdapat beberapa validasi yg belum sesuai dengan excel ""Rekap Kondisi Enable/Unable"" (SS1)<br><br>SS terlampir",Minor
Email belum masuk setelah 15 menit,Mayor
"Perbedaan Judul Form antara Preview dengan Template, seharusnya Laporan Berkala Terkait Pelaksanaan Aktivitas Sebagai Bank Kustodian",Kosmetik
"Perbedaan antara Preview dan Template pada Header Kolom :<br>1. Kolom 6 : Negara Asal dg Pemilik Surat Berharga - Negara Asal
2. Isian : IDN dg IDN (Indonesia)",Kosmetik
Perbedaan antara Preview dan Template pada Kolom Jenis Valuta : IDR &gt; IDR (Rupiah),Kosmetik
Perbedaan hasil preview pada isian kolom :<br>1. Tanggal Penerbit<br>2. Tanggal Jatuh Tempo<br>3. Golongan,Kosmetik
"Perbedaan hasil preview pada isian kolom :
1. Nama Penerbit seharusnya kosong<br>2. Negara Asal",Kosmetik
notif mandatory checker belum ada,Mayor
"ada ""_"" pada belakang aksi Profile dan ubah password",Minor
dokumen persyaratan tidak muncul,Mayor
"Ketika melakukan hapus data 1x (SS1), tidak berhasil terhapus datanya (SS2), ketika melakukan 2x hapus data (SS3), datanya bertambah bukan terhapus datanya (SS4)<br><br>SS terlampir",Mayor
"1. ketika pilih menu Profil Layanan urun dana (LUD), font tidak otomatis bold (menandakan user pilih menu tersebut/highlight)<br><br>2.&nbsp; nama kolom aksi tidak center",Kosmetik
Pada field nama notaris dan nama konsultan hukum tidak terdapat drop down,Minor
"Data tidak muncul pada layar aplikasi, namun setelah data di-export to excel data tersebut ada pada kolom excel",Mayor
Tidak ada nomor surat pada version upload koreksi sukses,Minor
1. Tidak bisa tambah dokumen (ss1)<br><br>2. Tidak ada batasan ukuran upload file serta keterangan jenis file yg di dukung (ss2),Mayor
Tidak bisa tambah data Izin OJK,Mayor
Penamaan kolom tidak center,Kosmetik
terdapat halaman kosong pada hasil download AWP dan LHPL,Kosmetik
"ketika hendak hapus data, Tidak ada popup feedback data berhasil dihapus",Minor
"Case sama seperti nomor 5, data kolom tidak sinkron antara aplikasi dengan data tarikan saat export excel",Mayor
"Validasi tidak bekerja, data profil pada tanggal pendirian tidak bisa dipilih namun data dapat tersimpan padahal tanggal pendirian termasuk data yang wajib diisi ditandai dengan adanya tanda bintang",Mayor
Belum ada validasi inputan data redundan pada list Check dan Input Pihak Master,Mayor
Tidak dapat tambah Pembatalan izin dan Pencabutan izin,Mayor
"Ketika ingin lanjut ke step 2, tidak bisa lanjut ke step 3 (Konfirmasi) (SS1)<br><br>SS terlampir",Fatal
"Penamaan kolom pada word hasil export belum sesuai mockup (ss1, ss2, ss3, ss4)<br>",Kosmetik
Saat penambahan data pengurus perusahaan dan melakukan preview muncul popup terjadi kesalahan server ,Mayor
Tidak ada batasan besaran maksimal upload data atau dokumen,Mayor
Alamat terbaru tidak otomatis menggantikan alamat lama,Mayor
"Tidak ada batasan ukuran upload file, file berukuran 70MB berhasil upload.",Minor
kolom data informasi pendirian dapat diisi atau memasukan data dengan pilihan tombol detail yang seharusnya hanya bisa dilakukan pada tombol edit (masih free text),Minor
tidak ada tanda mandatory pada kolom pilihan export dan periode,Kosmetik
"Data aplikasi dengan data export excel belum sinkron, pada aplikasi ada datanya sedangkan data export excel masih kosong",Mayor
1. tanggal awal tidak boleh lebih besar dari tanggal akhir (ss1)<br><br>2. list pengurus tidak sort berdasarkan data tambah terbaru (default). existing masih acak (ss2),Minor
Belum ada menu audit trails/log akses,Fatal
"ketika masukan sembarang Licence id mulai dan berakhir, kemudian klik cari, muncul pop up tersedia (padahal input karakter asal)<br><br>mohon disertakan no id yang bisa digunakan untuk test",Mayor
"Pada Laporan Keuangan ada perubahan data dan perbedaan data. <br><br>&nbsp;1. Data pada aplikasi berubah saat menampilkan keseluruhan data, sebelumnya terdapat data laporan keuangan, setelah dilihat secara keseluruhan data langsung kosong dan format tabel datanya berubah dari LT 2023, LTT 2024, LT 2024 menjadi LT-2, LTT-1,LT1<br><br>&nbsp;2. Data export excel juga belum sinkron dengan aplikasi baik secara format tabel maupun isi datanya",Mayor
logo aksi belum sejajar,Kosmetik
"Data tarikan export excel belum sesuai dengan data pada aplikasi, dan format tabelnya tidak sama dengan aplikasi",Mayor
data pengurus redundan,Mayor
"Pada field keseluruhan ""Formulir Rencana Perubahan KIK dan/atau Prospek Terkait Struktur Produk ini"" yang ada dropdownnya, ter disable(SS1)

SS terlampir",Mayor
1. Filter masih belum sesuai dengan hasil (ss1)<br><br>2. Hasil export excel masih belum sesuai (ss2),Mayor
"1. nama kolom belum sesuai mockup
<br><br>2. button belum sesuai dengan mockup (berlaku pada menu disposisi 1 dan disposisi 2)",Minor
belum ada batasan maks. data yang diupload ,Mayor
"tampilan menu accordion tidak sesuai, (+) mengurangi (-) menambahkan",Kosmetik
Nomor izin LUD dan tanggal izin LUD masih kosong,Mayor
belum ada pembatasan maks.data upload,Mayor
"Formulir Dewan Pengawas Syariah ketika jabatan ketua dihapus lalu ditambahkan kembali, muncul alert jabatan ketua sudah ada",Mayor
1. icon aksi tidak sejajar (ss)<br><br>2. tidak ada tanda * mandatory pada kolom wajib isi attachment (ss2),Kosmetik
Tidak dapat export word dan pdf error 500,Mayor
pada saat upload dokumen muncul alert error,Fatal
Button aksi di dokumen internal belum rapi (masih nempel antar button),Kosmetik
Validasi mandatory surat keputusan izin belum muncul<br><br>button dokumen internal belum sesuai,Mayor
1. Alamat tidak masuk hasil export word dan pdf<br><br>2. Pengurus tidak masuk hasil export word dan pdf,Mayor
Data paling baru ditambahkan seharusnya muncul di page pertama. kondisi existing muncul di page akhir.,Minor
"Tidak dapat melakukan penambahan profil pihak, data sudah di simpan dengan status simpan, namun tidak ada",Mayor
"Nama dokumen ketika di review, belum sesuai dengan nama dokumen internalnya",Kosmetik
Tidak bisa isi kolom mandatory presentasi kepemilikan,Mayor
Tidak bisa pilih kolom mandatory jenis afiliasi,Mayor
"Tidak ada template laporan keuangan pada data baru (ss1), sedangkan pada data lama ada (ss2)",Minor
Tidak bisa export rasio keuangan,Mayor
Hasil tarikan export pdf tidak teratur / rapih.,Minor
"Ketika edit nomor izin pada salah satu pihak dan berhasil tersimpan, data pihak menjadi double",Mayor
"Saat melakukan penambahan data, untuk status (aktif/tidak aktif) tidak muncul pada kolom setelah selesai disimpan",Mayor
saat klik selanjutnya tidak bisa masuk di next step ( tetap pada halaman pendaftaran permohonan),Fatal
Beberapa kali memasukan nama atau menambahkan nama karyawan tidak muncul pada aplikasi setelah di simpan,Mayor
"ketika sudah mengisi form pada step 1 lalu klik selanjutnya, muncul alert produk yang di ajukan sudah terdaftar, padahal produk yang dipilih belum dipakai di noreg manapun",Fatal
"beberapa tab inputan tidak masuk hasil export word dan pdf<br><br><b>1. Tab sanksi<br>2.&nbsp; Tab sistem&nbsp;informasi<br>3. Tab corporate action<br>4.&nbsp;History
Pengembangan Sistem<br>5. Pengaduan</b>",Mayor
Untuk alamat yang ditampilkan atau muncul dengan status sudah tidak aktif bukan alamat dengan status yang aktif,Mayor
Tidak bisa pilih kategori informasi,Mayor
"tidak bisa export, validasi mandatory periode blm bekerja",Mayor
"Tidak bisa ubah tanggal kegiatan, setiap klik save changes sistem mengembalikan tanggal pada hari ini (06/10/2025)",Mayor
kolom Namakegiatan tidak diberi spasi,Kosmetik
"Tidak bisa ubah tanggal kegiatan, setiap klik save changes sistem mengembalikan tanggal pada hari ini (06/10/2025)",Mayor
Setiap kali tambah data dan save changes data tidak tersimpan,Mayor
kolom BRN tidak ada batasan karakternya,Minor
pendaftaran Produk - ketika memilih produk investasi 'dana terproteksi' beberapa kolom perlu penyesuaian<br><br>Biaya Penggunaan Indeks belum ada tanda mandatory,Minor
izin pendaftaran PI : ketika memilih Produk Fitur Multi Kelas 'tidak' beberapa kolom formulir perlu penyesuaian,Minor
"ketika tambah riwayat , hasil save data jadi redundan",Minor
"Ketika form sudah di tahap konfirmasi, lalu kembali ke step 1 dan melakukan perubahan, ketika kembali lagi ke tahap konfirmasi, perubahan di step 1 tidak tersimpan yang tersimpan adalah pengisian form pertama kali",Mayor
"ketika&nbsp;Produk Fitur Multi Kelas pilih 'ya' lalu diubah ke 'tidak', field yang seharusnya enable masih terdisable",Minor
"Pada pop up Formulir Kelas Reksa Dana, beberapa kolom disable/enable masih belum sesuai",Mayor
Untuk format tanggal agar disamakan dengan yang lainnya DD MM YYYY,Kosmetik
Ada double pilihan untuk jenis dokumen yang akan dipilih yaitu Surat OJK,Minor
Data anggota pengurus yang masuk export word hanya 1 dari beberapa inputan data<br>,Mayor
Belum ada batasan maksimal data yang diupload pada saat memasukan dokumen nomor izin berakhir,Mayor
"1. filter periode belum sesuai.
<br><br>2. export excel error",Mayor
"pada ""SubSubSectorID : 8"" , penamaan output tidak sesuai pada T41 ""Sample Data dan Mapping SIT SIPM"" ",Kosmetik
"Belum ada batasan data upload pada saat menambahkan dokumen penambahan modal dasar, penambahan modal disetor dan data pemegang saham",Mayor
belum ada batasan ukuran dokumen yang diupload saat penambahan dokumen,Mayor
"Pada saat klik button ""Menetapkan"", belum sampai proses ""Kirim Surat Keputusan"",&nbsp;noreg yang sedang di jalankan hilang (SS1)<br><br>SS terlampir",Mayor
1. paragraf pada bagian sejarah singkat belum rapi<br><br>2. ada kata yag terpotong pda bagian susunan pengurus,Kosmetik
batasan dokumen upload belum ada saat menambahkan dokumen data karyawan,Mayor
pada field nama produk investasi mandatory namun jika di klik selanjutnya bisa lanjut pada form selanjutnya,Minor
Ketika upload muncul pop up error,Minor
Formulir dewan pengawas syariah tidak bisa melakukan ubah jabatan saja,Mayor
"View List Perizinan  tidak terdapat ""userProfileID""",Mayor
"Tidak bisa download file pdf pada ""Download Dokumen Perizinan""",Mayor
"Pada ""List Dokumen Perizinan"" subsector 8 data & pdf masih belum ada
",Mayor
"Pada field&nbsp;saldo minimum kepemilikan masih terdisable&nbsp; ketika pilih fitur multi kelas tidak<br><br>lalu field&nbsp;Maksimum Biaya Pelunasan Unit Penyertaan masih enable ketika memilih&nbsp;&nbsp;Tipe Produk Investasi Selain ""Reksadana Terproteksi""",Mayor
penamamaan saat perubahan foto tidak sesuai seharusnya foto bukan logo,Kosmetik
1. penulisan Tgl mohon dikonsistenkan menjadi Tanggal<br><br>2. Modified Date belum menggunakan spasi&nbsp;,Kosmetik
"Pada view data perizinin berhasil success ""SubSubSectorID:260"", tetapi tidak muncul ""TransactionID"".&nbsp;",Mayor
belum ada edit/hapus detail sanksi,Mayor
"ketika ada file yang sama dan klik generate pada jangka waktu, notifikasi yang keluar adalah ""file yang diupload tidak boleh sama""",Kosmetik
jika di klik selanjutnya tidak bisa pindah ke form konfirmasi,Mayor
"ketika pindah ke menu lain. pada data yang sedang diedit, tombol edit menghilang",Mayor
"pada field pihak, bisa memilih jenis pihak lain",Kosmetik
"Ketika sudah memilih user, tidak bisa memilih user lain",Mayor
Hasil export word pada bagian kolom deskripsi WYSIWYG belum sesuai,Minor
"1. belum ada field demografi penerbit dan  demografi pemodal sesuai mockup.<b> (ss1)</b><br><br>2. kurang kata ""sistem"" pada kolom category = ""jumlah kegagalan <b>sistem </b>elektronik"".&nbsp;<b>(ss2)</b>",Mayor
pada Pemeriksa langsung SIPPDP sudah ditambah data. namun belum muncul data pada jenis aktivitas/link,Mayor
"ketika data sudah diedit, namun pada field ""diubah"" tidak tertulis ",Kosmetik
"ketika ingin menambah data surat sanksi baru, ""nomor surat sanksi"" tidak tersambung pada data sebelumnya yang sudah dibuat",Mayor
"saat ingin ke page 2/selanjutnya, terdapat notif error",Mayor
"pada Tambah Email Korespondensi Pengawas - PIC Perusahaan di field ""kepada"" terdapat tulisan a ccc",Mayor
"Setelah Tambah Email Korespondensi Pengawas, belum terdapat aksi",Mayor
export excel dan pdf belum bisa,Mayor
"Belum ada batasan dokumen upload maks. 20 mb, mohon dibantu agar setiap penambahan dokumen pada field Dicatatkan OJK dilakukan pembatasan dokumen upload.",Mayor
"ketika mencoba filter, terjadi kegagalan/terdapat notiifkasi error<br><br>",Mayor
"Pada field ""Jumlah Maximum Unit Penyertaan"" nya, angka di belakang koma belum sesuai (SS1)<br><br>SS terlampir",Minor
filter status belum berfungsi,Minor
Tidak ada icon mitigasi,Mayor
belum ada Judul Kasus,Minor
penamaan kolom berbeda,Minor
Jangka Waktu (Hari) belum sesuai dengan isian yang telah diisi sebelumnya,Mayor
"saat ubah data sanksi, pada pengirim, penerima, attachment tidak tampil semua",Kosmetik
Icon Panah pada grafik gagal tampil,Minor
"1. tanggal mulai tidak boleh lebih besar tanggal selesai
<br><br>&nbsp;2. tidak ada tanda mandatory ",Mayor
hasil download pdf lebih 1 baris (atau tidak sama dengan tampilan web),Minor
Hasil download Pdf Statistik atas seluruh skenario dan tindak lanjut penyelesaiannya oleh Satker berbeda dengan preview tidak rata tengah,Kosmetik
pada detail sanksi. sudah menambah master PIC yang ingin diinput. namun pada detail tidak ada aksinya,Mayor
tgl mulai tidak boleh lebih besar dari tgl selesai,Mayor
"pada detail sanksi, masih tetap bisa edit dan ada aksi nya",Mayor
"ViewDataList Perizinan -> pada ""Limit :100,"" ketika di send data yang didapatkan hanya ""2""",Mayor
"ViewDataList Perizinan -&gt; data pada tahun 2023 untuk subsector ""20, 8,&nbsp; 84"" data belum tersedia jadi tidak bisa melanjutkan skenario selanjutnya",Mayor
Data Draft belum tersedia,Minor
"1. Belum ada Jenis Sanksi pada aplikasi.
<br><br>Tidak ada Kelompok Sanksi, Jumlah Denda dan Referensi No Surat pada mockup<br><br>2. Judul Kasus belum ada",Mayor
1. Pihak seharusnya otomatis terisi<br><br>2. Sanksi dan Perintah Tertulis belum ada di aplikasi,Mayor
"ViewDataList Perizinan -&gt; pada ""Limit :0"" ketika di send,&nbsp; datanya malah muncul, sesuai keterangan yang telah ada&nbsp; seharusnya data tidak muncul.",Mayor
nama produk form formulir tidak sama dengan nama produk pada konfirmasi,Mayor
Penamaan Pelanggaran berbeda antara mockup dan aplikasi,Kosmetik
"1. pada dokumen pendukung, belum ada ""tanggal dokumen"". <br>2. pada jenis link/aktivitas, belum ada ""dibuat oleh""",Mayor
"Ketika formulir kelas reksa dana di ubah dengan 1 angka dibelakang koma, tampilan ketika disimpan dan klik detail, tampilan belum sesuai dengan perubahan",Minor
"saat menambah data. di tambah pengirim dan penerima, tidak ada field ""NIP""",Kosmetik
"saat saya coba klik icon Ubah muncul popup ""Tidak bisa menambahkan Tindak Lanjut CACM milik satker lain""",Minor
"Pada izin prospektus final, ketika sudah memilih produk, data yang tampil beberapa ada yang belum muncul dan belum disable",Mayor
"pada izin prospektus final, ketika memilih produk yang hanya ada formulir Dewan Pengawas Syariah saja, lalu diganti ke produk yang hanya ada formulir Kelas Reksa Dana saja, formulir tersebut keluar keduanya, tidak hilang sesuai dengan produk yang dipilihnya",Minor
saat klik selanjutnya tidak bisa masuk di next step ( tetap pada halaman pendaftaran permohonan),Fatal
"Saat Memasukan tambahan data untuk pemilihan aktivitas setelah melakukan pengisian field dan simpan, muncul pop up error",Mayor
"1. Perbedaan penamaan kolom ""kelompok sanksi"" dan ""jenis sanksi"" pada mockup<br><br>2. Tidak ada nama tabel ""daftar surat sanksi""",Kosmetik
"ketika tambah detail surat sanksi, nama pihak masih bisa dirubah",Mayor
"Penomoran pada tabel tidak berurut antara page 1 dengan page 2, terjadi penulangan nomor urutnya",Minor
"pada dropdown list kelompok sanksi Tidak ada pilihan ""Non Sanksi"" dan ""Sanksi Administrasi selain Denda"" sesuai mockup",Minor
Hasil Upload Lampiran Catatan Persetujuan tidak berhasil muncul ,Minor
"1. tidak ada kolom pertanyaan ""apakah sanksi berakhir otomatis"" sesuai mockup<br><br>2. Pada kolom status&nbsp;tidak ada pilihan ""belum memenuhi"" dan ""On Progres"" sesuai mockup",Mayor
Penolakan dan Menyetujui muncul popup error,Mayor
"pada keterangan pie chart jenis sanksi, terjadi penumpukan",Kosmetik
1. icon aksi tidak sejajar<br><br>2. typo pada dropdown jenis sanksi,Kosmetik
"di tambah detail sanksi, pada field jenis sanksi, terdapat typo (;) pada salah satu pilihan",Kosmetik
Tidak ada validasi erorr. Tanggal mulai tidak boleh lebih besar dari tanggal selesai.,Minor
Log Aktivitas tidak berjalan untuk tab menu tindak lanjut,Mayor
Nama kolom tidak sesuai dengan T11<br>,Kosmetik
Nama Kolom tidak sesuai dengan T.1.1,Kosmetik
Pada T.1.1 Input no.2 pada item data terdapat (jenis identitas dan nomor identitas) sedangkan pada paramater postman tidak ada.,Mayor
"Pada T.1.1 Input no.3 pada item data, tidak terdapat (userProfileID) sedangkan pada paramater postman terdapat userProfileID.",Mayor
Export Excel tidak berjalan atau error,Mayor
"Pada T.1.1 Input no.4 pada item data terdapat (Token, ID dokumen, ID transaksi, ID lisensi, tipe proses ID) sedangkan pada paramater postman terdapat (TranscationID dan PathFile).",Mayor
Export pdf belum berjalan,Mayor
"Pada T.1.1 Output no.2 pada item data terdapat (Jenis identitas, nomor identitas, nama identitas, sector, sub sector, sub sub sector, ID lisensi, transaksi ID) sedangkan pada output tidak terdapat ( Jenis identitas, nomor identitas, nama identitas dan&nbsp; untuk penamaan licenseNo tidak sesuai dengan (t.1.1 id lisensi)",Mayor
"Menu Overview Sanksi masih kosong, belum ada tampilannya",Mayor
Untuk setiap data hasil tarikan dari export excel maupun pdf tabel nya agar diberikan nama atau judul tabel nya saat dokumen tersebut dibuka,Minor
belum bisa tambah data aktivitas pendukung - latar belakang,Mayor
"Pada T.1.1 Output no.3 pada item data terdapat (ID dokumen, ID transaksi, ID lisensi, tipe proses ID, nama dokumen, tipe dokumen, size dokumen,) sedangkan pada output tidak terdapat ( id transaksi, id lisensi, tipe proses id, tipe dokumen, size dokumen)",Mayor
jenis risiko yang tampil pada admindmrs tidak sesuai dengan yang diinput pada rqosatkerdpai,Minor
1. tidak ada spasi pada kolom sanksid<br><br>2. tidak ada nama tabel,Kosmetik
Sukses tapi data pada subsector 83 tidak ada,Mayor
belum ada Audit Trail akses saat akses menu pada Sanksi SIPPDP,Mayor
kolom isupdate mohon tidak ditampilkan,Minor
login dan logout belum tercatat,Mayor
"dari 5 email yang terkirim ,&nbsp; hanya 1 yang masuk.",Mayor
"Saat ubah Status SP 2 menjadi Selesai dengan kondisi terdapat SP 3 dengan Status Dalam Monitoring, notif gagal ubah status belum ada keterangan lebih lanjutnya",Minor
Session timeout kurang dari 10 menit ,Minor
Pada saat login tidak bisa enter harus klik manual ke icon login nya,Minor
Pada Get Dokumen SK Sukses tapi data pada subsector 260 tidak ada,Mayor
"Audit Trail agar&nbsp;ditampilkan secara detail untuk keperluan pengetesan seperti Aksi Download, Lihat, Expand, dan lainnya secara Detail pada All Menu dan All User",Mayor
Nama kolom tidak sesuai dengan T43<br><br>,Kosmetik
"tidak bisa hapus Latar Belakang - Aktivitas Pendukung, muncul pesan error",Mayor
"nama kolom ""PICEksternal"" kurang spasi",Kosmetik
"Belum menyimpan record export, hapus download, upload",Mayor
Tidak bisa download pdf ,Mayor
Surat Efektif belum ada,Mayor
"Pada dokumen ke 2, terdapat penamaan yang belum sesuai (SS1)<br><br>SS terlampir",Kosmetik
Seharusnya hanya ada 9 jenis risiko yang tampil sesuai di T11,Mayor
"Jika filter Industri tidak diisi, tabel dan chart tidak tampil",Mayor
Tampilan Pie Chart untuk keterangannya bertabrakan dengan hasil pie chart sehingga tidak terbaca dengan baik,Minor
penaamaan field belum sesuai,Kosmetik
Audit Trail Download Excel & Pdf tidak sesuai,Minor
"Saat Filter &amp; Find, serta view data tidak muncul log pada Audit Trail",Minor
penamaan legend pada diagram Pengenaan dan Pencabutan belum sesuai dengan mockup,Kosmetik
penamaan menu berbeda dengan mockup,Kosmetik
Perbedaan penamaan menu pada mockup dan aplikasi,Kosmetik
Validasi mandatory tidak muncul,Mayor
penamaan legend pada diagram Pengenaan dan Pencabutan belum sesuai dengan mockup,Kosmetik
"Saat menyimpan ubah status menjadi ""selesai"" Admin DRPK Melakukan Analisis pada Data Tindak Lanjut Skenario yang Sudah disetujui oleh Kadep",Minor
Tahun nya belum sesuai<br><br>SS terlampir,Kosmetik
Audit Trail tidak muncul pada saat melakukan Filtering,Minor
miniword belum mereplace inputan dari field di atasnya,Mayor
Jenis Risiko setelah melakukan submit tidak tampil,Minor
"Penamaan Alert tidak sesuai Field (field jenis pelaku, alertnya kewarganegaraan)",Minor
belum ada log aktivitas user mengakses menu di sanksi SIPPDP,Mayor
Tampilan pada hasil download Excel & Pdf pada kolom Risiko Keuangan berbeda warna dengan web (seharusnya hitam & Hijau),Kosmetik
TIdak bisa memilih baris,Mayor
"Hasil Download Pdf berbeda dengan web, Alignment tidak center",Kosmetik
"Penamaan Alert kurang lengkap, harusnya<b> Nama Wajib Bayar&nbsp;</b>",Minor
"Waktu di notifikasi tidak sesuai pada saat input data (ditunjuk ke satker dkeu), saat coba tambah data baru notifikasinya juga tidak muncul setelah approved (ditunjuk ke satker dlog dan sudah approved)",Mayor
Penamaan Alert tidak sesuai Field,Minor
Edit Surat Sanksi belum berfungsi,Mayor
"Penamaan Alert kurang lengkap, seharusnya&nbsp;<b style=""font-size: 11.36px;"">&nbsp;Kelurahan / Desa</b>",Minor
"Penamaan Alert kurang lengkap, seharusnya  <b>Kota / Kabupaten</b>",Minor
Label Field belum&nbsp;sejajar satu sama lain,Minor
"Pada aksi seharusnya ada tambah data Master CCnV, tidak hanya ubah dan hapus data",Minor
"Ketika melakukan upload dokumen eksternal, pop up yang muncul hanya pop up berhasil, untuk pop up ''apakah anda yakin unggah dokumen?' belum tampil",Mayor
data Riwayat Dokumen belum muncul,Mayor
Fax tidak mandatory tetapi muncul alert&nbsp;,Minor
"Pada data yang ada, monitoring IRU nya tidak ditemukan",Mayor
Hasil Download Excel tidak muncul pada Audit Trail,Minor
Hasil Download Excel tidak muncul pada Audit Trail,Minor
Hasil Download Pdf tidak muncul pada Audit Trail,Minor
"Hasil Download Pdf berbeda, Header kolom Nomor dan Nama Risiko tidak Center",Minor
"Pada aksi seharusnya ada tambah data Master Konversi Level KPM, tidak hanya ubah dan hapus data",Minor
kolom index nomor jika tidak diisi berubah menjadi minus,Minor
"Tidak ada history saat menjalankan skenario, hanya muncul aksi masuk dan aksi keluarnya saja<br>User:<br>- Admin DMRS<br style=""font-size: 11.36px;"">- Direktur DMRS<br style=""font-size: 11.36px;"">- Kadep DRPK<br style=""font-size: 11.36px;"">- RQO Satker DPAI",Minor
"Setelah berhasil membuat akun (tester80) pada ""form registration"" log pada audit trail tidak tercatat.",Mayor
"poin: ""Perubahan Status untuk Jenis Sanksi â€œOtomatisâ€ Dalam hal suatu sanksi berjenis â€œOtomatisâ€, maka ketika sudah tanggal jatuh tempo, maka Aplikasi secara otomatis akan mengubah status sanksi tersebut menjadi â€œDicabutâ€."" belum berfungsi",Mayor
"poin: ""Perubahan Status untuk Jenis Sanksi â€œOtomatisâ€ Dalam hal suatu sanksi berjenis â€œOtomatisâ€, maka ketika sudah tanggal jatuh tempo, maka Aplikasi secara otomatis akan mengubah status sanksi tersebut menjadi â€œDicabutâ€. belum berfungsi",Mayor
"pada tambah tindak lanjut, label belum lengkap",Kosmetik
"Peorangan -&gt; WNI -&gt; Provinsi, pada Papua Tengah, Papua Pegunungan, Papua Selatan, Papua Barat Daya, tidak bisa memilih data pada ""Kota / Kabupaten""",Mayor
label notif validasi berbeda dengan label pada form,Kosmetik
"Penamaan isi field dan isi data field  pada detail surat sanksi tidak sama dengan mockup, pada mockup Pelanggaran (jenis Pelanggaran) pada aplikasi Acuan Peraturan (dasar peraturan ojk)",Mayor
Data checklist OJK Wide tidak muncul,Mayor
"Menggunakan tipe ""Non Perorangan"" setelah memilih ""Lembaga Penunjang PVML"" pada bagian Sub Sub Sektor tidak ada datanya.<br>",Mayor
"Tidak ada button ""Submit"" nya (SS1)<br><br>SS terlampir",Mayor
Preview Detail kolom Jenis Mitigasi dan Periode Pelaksanan terpotong,Kosmetik
Hasil Download Pdf bagian Header berbeda dengan Preview,Kosmetik
"1.Menggunakan tipe ""Non Perorangan"" setelah memilih ""SRO"" pada bagian Sub Sub Sektor tidak ada datanya. (G1)<br><br>2.Menggunakan tipe ""Non Perorangan"" setelah memilih ""Asosiasi"" pada bagian Sub Sub Sektor tidak ada datanya. (G2)",Mayor
Data yang akan di Approve tidak muncul pada akun kadepdrpk,Mayor
"Pada step 1 (Formulir Perizinan), pada field bermandatory ""Nama Konsultan Hukum"", tidak di input, namun bisa lanjut sampai ke step 3 ""Konfirmasi"", pada field nya dengan keterangan "" - ""(SS1)<br><br>SS terlampir",Mayor
"1. Menggunakan tipe ""Non Perorangan &amp; Perorangan"" setelah memilih ""Pihak Lainnya"" pada bagian Sub Sub Sektor tidak ada datanya.(G1)<br><br>2.&nbsp;Menggunakan tipe ""Non Perorangan &amp; Perorangan"" setelah memilih ""Manajemen Strategis"" pada bagian&nbsp; Sub Sektor tidak ada datanya.(G2)<br><br><br style=""font-size: 11.36px;"">3.&nbsp;Menggunakan tipe ""Non Perorangan &amp; Perorangan"" setelah memilih ""Alternatif Penyelesaian Sengketa"" pada bagian&nbsp; Sub Sektor tidak ada datanya.(G3)<br><br>",Mayor
"Pada step 1, penamaannya belum sesuai dengan mockup nya (SS1)<br><br>SS terlampir",Kosmetik
Tampilan pada Statistik Pergerakan Peringkat Risiko ada perbedaan pada kolom Hasil Bottom Up dan Skor Akhir dengan yang ada di T.1.1,Kosmetik
"1. belum ada kolom ""dibuat oleh""
<br><br>2. Belum ada button detail",Mayor
"Hasil Download Pdf berbeda, tidak Alignment Center",Kosmetik
"1. pada kolom aksi belum ada button detail sesuai mockup
<br><br><br>&nbsp;2. pada mockup untuk status (selesai) sedangkan pada aplikasi (memenuhi dan tidak memenuhi)",Mayor
Tidak ada history saat klik menu IRU yang lain,Minor
"jika Status diisi ""Ditingkatkan"", belum ada perubahan pada kolom-kolom",Mayor
ketika melakukan pencarian hanya memilih atau hanya cheklist pada produk/non produk lalu klik cari muncul pop up warning,Mayor
ketika melakukan pencarian memilih&nbsp;cheklist&nbsp;pada produk/non produk dan perorangan/lembaga lalu klik cari muncul pop up warning,Mayor
ini harusnya kalau enable field nya mandatory,Minor
masih ada beberapa nomor pada Profil Risiko OJK tahunan yang tidak bisa di Expand,Minor
Surat pencabutan sanksi masih ikut tampil pada rekap pengenaan sanksi,Mayor
"pada tab latar belakang di Latar Belakang - Dokumen Pendukung nya masih kurang table ""dibuat oleh"" dan kurang button ""detail"" pada table aksi",Minor
di tindak lanjut  belum ada tombol aksi detail,Minor
Hasil Download Pdf berbeda pada kolom Header (tidak Alignment Center)<br>,Kosmetik
"Pada menu overview field industri diaplikasi hanya ada 3 pilihan industri (Asuransi Umum Syariah, Asuransi Jiwa Syariah, Reasuransi Syariah) berbeda dengan modul T.1.1 dan mock up ada tambahan pilihan SEMUA",Minor
Tidak bisa memilih baris ,Mayor
data yang sudah di input dan sumbit tidak muncul pada Profil Risiko OJK Tahunan padahal sudah menyesuaikan Jenis Risiko nya,Mayor
Tidak ada history saat download pdf pada menu Dashboard Manajemen Risiko &gt; Statistik Event,Minor
Tidak ada Button Approve pada akun Kadepdrpk,Mayor
aksi download pdf dan excel pada kertas kerja KPM satker dan analisis tidak masuk auditÂ trail,Minor
Muncul popup notifikasi terjadi kesalahan pada saat memproses permintaan,Mayor
"Pada field ""Nama Manajer Investasi"" belum sesuai (masih disable, seharusnya enable)=&gt; (SS1)<br><br>SS terlampir",Minor
"Terdapat ""TTE Proses Form"" (SS1)<br><br>SS terlampir",Minor
Kolom keterjadian masih muncul pada saat tambah event,Mayor
"Ketika klik button ""Menetapkan"", muncul alert dan tidak bisa lanjut ke proses menetapkan (SS1)<br><br>SS terlampir",Mayor
"Button tambah tidak berfungsi, sehingga tidak bisa tambah data&nbsp;(SS1)<br><br>SS terlampir",Mayor
"Setelah ""Konsep Surat Penolakan"" step selanjutnya belum sesuai (SS1)<br><br>SS terlampir",Mayor
"ketika melakukan pencarian tanggal selesai dengan mengisi tanggal selesai hanya 1 berhasil melakukan pencarian dan ketika mengisi tanggal selesai keduanya lalu muncul ""pop up"" notifikasi peringatan",Mayor
"ketika mencari Pemroses KR/KO saya memilih salah satu pilihan  ""Kantor OJK Provinsi Jawa Barat"" dan menceklist produk tetapi muncul pop up notifikasi peringatan",Mayor
"Penamaan belum sesuai (typo) pada pop up alert yang muncul ketika setelah klik button ""Generate"" pada ""Booking Number"" (SS1)<br><br>SS terlampir",Kosmetik
"1.Ketika buat kertas kerja pada pengisian Kriteria tab Inherent Risk, notifikasi yang muncul ""Gagal"" namun data berhasil ditambahkan<br><br>2.Belum ada data Nomor STTD, Nama KH, Nomor Surat Sanksi, Tanggal Sanksi dan Link Surat pada kolom dashboard rekap sanksi<br><br>3. Belum terdapat item data Kantor KH, Probabilty Index, Impact Index, Risk Impact, Supervisory Rating, Supervisory Attention pada Tabel",Mayor
"1. Untuk Tombol Tambah Prameter bisa dibuat dengan warna tulisan yang lebih jelas (hitam atau putih).
<br><br><br>&nbsp;2. tombol Ubah dan Hapus untuk menyeragamkan dengan lainnya bisa dengan tombol ikon",Minor
"untuk kolom aksi (edit, hapus, detail)  bisa lebih jelas dengan tulisan saja  (AKSI) tidak dengan logo #",Kosmetik
pesan alert belum sesuai,Kosmetik
Tidak berhasil melakukan export excel,Mayor
"Export Excel ""500, terjadi kesalahan di server""",Mayor
Tidak ada jalur scrol ke bawah atau yg membedakan / menandai bahwa masih ada menu selanjutnya dibawahnya pada menu Sumber Data RAKH,Kosmetik
"ketika klik simpan 2x, terjadi kesalahan dan muncul notifikasi ""Invalid file extension. Only image allowed""",Mayor
"Tidak bisa mengubah judul atau deskripsi, jika tidak mengupload gambar. Muncul notifikasi ""Invalid file extension. Only image allowed"".",Mayor
tidak ada batasan maksimum karakter input pada kolom NIP,Mayor
Field NIP dapat diisi dengan tipe data String.,Minor
Tidak bisa simpan data. Munucul system error pada field NIP.,Mayor
Isi deskripsi melewati batas kotak popup ,Kosmetik
Penomoran pada kolom pengajuan Checker dan approval belum berurutan (page 1 nomor 1 - 10 dan page 2 berulang lagi nomor 1 - 10),Minor
Isi judul tidak terlihat semua di popup,Kosmetik
Field tanggal lahir dapat di isi pada tanggal setelah hari ini.,Mayor
"1. saat klik edit pada data yang ingin di edit, dan klik simpan. terjadi double data
<br><br>&nbsp;2. saat ingin menghapus data yang sudah dipilih, bukan data yang dipilih yang terhapus, melainkan data lain yang tidak dipilih<br><br>3. Data yang dipilih sebelumnya sudah diklik hapus, namun tidak bisa terhapus (data tidak hilang). ketika ingin dihapus ada notifikasi&nbsp;Data Tidak Ditemukan",Mayor
Tidak dapat hapus data ,Mayor
Pada filter tanggal kirim belum berfungsi,Mayor
"Saat menekan tombol ""Hapus Gambar"", muncul notifikasi ""Gambar berhasil dihapus"" padahal tidak ada gambar.",Mayor
"Notifikasi kurang spesifik saat file yang diupload bukan ekstensi gambar (pdf, dll)",Minor
"Ketika sudah input di eksternal, di internal, yang sudah di input hanya bertanda minus (-) (SS1)<br><br>SS terlampir",Minor
"Ketika melihat detail sebuah laporan yang ada, beberapa field pada form masih aktif / belum berstatus disabled",Mayor
"Terdapat button ""Input Nomor Surat"" (SS1)<br><br>SS terlampir",Minor
"Ketika pengguna menekan tombol edit pada salah satu item di daftar laporan, halaman yang tampilkan tidak memunculkan Menu ""Pemberi Gratifikasi"", ""Penerimaan Gratifikasi"", dan ""Dokumen Lampiran"". Menu ini baru muncul setelah pengguna menekan tombol simpan.",Minor
"ketika klik download, tidak ada data sama sekali",Mayor
"1. Belum ada<b>&nbsp;</b>Human Verification atau Bot Prevention&nbsp;seperti captcha etc pada halaman log in<br><br>2. belum ada pembatasan jumlah log on yang gagal. setelah percobaan 10 kali gagal log on, belum ada pemblokiran sementara akun.<br><br>3. Session destroy belum bekerja. Ketika logout aplikasi kemudian klik back, aplikasi kembali log on ke home page",Mayor
belum ada tampilan audit trail,Mayor
Saat input nilai atau scoring Tidak ada batasan angka untuk angka nol didepan dan masuk tetap masuk sebagai angka scoring tertingginya (angka 7),Mayor
Penamaan field belum sesuai,Minor
Penamaan field belum sesuai,Minor
"Saat menu input laporan di tekan, muncul form tambah dokumen di bawah informasi pelapor, namun saat pop up muncul, form tambah dokumen hilang",Mayor
"Mohon untuk ditambahkan garis kolom untuk setiap tabel pada tab menu INHERENT RISK , CONTROL RISK, RISK IMPACT INDEX",Kosmetik
"Masih ada space pada tabel di tab pemberi gratifikasi, penerimaan gratifikasi dan dokumen lampiran. Bisakah di&nbsp; maximize?",Kosmetik
"Belum ada Tab pemberi gratifikasi, penerimaan gratifikasi dan dokumen lampiran pada menu input laporan.",Mayor
"Ketika ditekan tombol reset, nilai pada dropdown tidak ikut tereset, berlaku juga untuk menu Monitoring laporan, administrasi &gt; frontend &gt; article, administrasi &gt; frontend &gt; carausel.",Mayor
Aktivitas Log Out Belum tercatat di audit trail,Mayor
kode/id jenis pemberi pada master data belum sinkron dengan kode/id jenis pemberi pada dropdown di menu input data,Mayor
gambar pada halaman setelah login belum sesuai,Mayor
"Belum ada field Jenis Pemberi Gratifikasi, Jenis Gratifikasi, dan masa kadaluarsa",Mayor
field masa kadaluarsa berupa input bebas bukan berupa dropdown dengan nilai yang diambil dari data master.&nbsp;<br>,Mayor
"pada ""status"" tidak ada isian dropdown ""selesai"". ",Mayor
"pada ""status"" tidak ada isian dropdown ""selesai"".",Mayor
Pencarian Tanggal kirim bisa lebih besar diawal,Mayor
Pencarian Tanggal kirim bisa lebih besar diawal,Mayor
Tidak ada tanda mandatory (*) pada field yang mengharuskan untuk diisi,Minor
"penulisan bahasa pada Propinsi, bahasa bakunya ""Provinsi""",Kosmetik
"saat mencari pencarian ""selesai"" tidak ada data yang tampil",Mayor
"saat mencari pencarian ""selesai"" tidak ada data yang tampil",Mayor
"saat filter status ""verifikasi"" data status Selesai juga muncul",Mayor
"saat filter status ""verifikasi"" data status Selesai juga muncul",Mayor
"Saat klik login dua kali menggunakan login info yang benar, stuck di page login dan blank screen",Fatal
"Untuk sub menu ""Data Rekapitulasi Perizinan"" tidak ada di menu ""Administration"" nya(SS1)<br><br>SS terlampir",Fatal
"Saat berhasil login, main page adalah /Error/NotFound, bukan home",Mayor
"Filter Periode yang seharusnya memunculkan data pada periode tersebut dan sebelum periode tersebut, memunculkan data setelah periode yang di filter (tahun 2015 memunculkan tahun setelahnya)",Mayor
menu PSM tidak dapat menjalankan aksi,Fatal
"terdapat tulisan ""YUHUU"" dibawah upload file",Kosmetik
"Bagian filter jenis TL, pilihan yang tersedia tidak sesuai dengan jenis TL",Mayor
button browser tidak dapat menjalankan aksi,Fatal
"Saat klik export pdf atau export excel, automatically navigated to error page",Mayor
"Pada field/nama kolom tidak terdapat mandatory namun ketika klik simpan muncul error/alert, serta tombol simpan &amp; keluar tidak berfungsi",Fatal
judul field tidak sesuai,Minor
1. nama kolom mohon diratatengahkan <br><br>2. nama menu dan notif tumpang tindih<br><br>3. nama kolom belum sesuai template,Minor
1. filter belum berfungsi<br><br>2. sandi bank belum tergenerate,Mayor
Stuck in loading message when applying filter,Mayor
Tidak ditemukan opsi pilih bank,Mayor
Tidak bisa simpan hasil edit,Mayor
"Hasil download belum sesuai tampilan<br><br><br>data Hasil download excel belum sesuai dengan yang tampil pada website. Mulai dari p<b>enamaan kolom, urutan kolom, sampai jumlah kolom</b>. Pada excel ada 20 kolom, sedangkan pada web ada 13 kolom<br><br><br>kolom yang dikotakin di excel gaada tampil di website&nbsp;<b>ss terlampir</b>",Minor
"Hasil download belum sesuai tampilan
<br><br>data Hasil download excel belum sesuai dengan yang tampil pada website, mulai dari p<b>enamaan kolom, urutan kolom, sampai jumlah kolom</b>. pada excel ada 18 kolom, sedangkan pada web ada 13 kolom",Minor
Menu Pemantauan RBS belum ada,Mayor
tahun copyright belum update,Kosmetik
"nama field ""TOTAL"" tidak center<br>",Kosmetik
"pada button seperti pada gambar terdapat ""_"" pada awal huruf",Kosmetik
"Ketika klik PDF, file berhasil di unduh tetapi animasi sistem loading terus berjalan dan tidak bisa di klik apapun<br>",Mayor
Tidak ada notifikasi jika user ID pegawai salah atau tidak ada.,Mayor
1. nama kolom mohon diratatengahkan<br><br>2. kotak isian Periode dan Bank belum sejajar<br><br>3. judul tabel berbeda&nbsp;,Minor
"1. keterangan ""pemeriksaan"" belum ada<br><br>2. kolom No belum ada<br><br>3. keterangan&nbsp;""Report diproses tanggal xxx pukul xxx"" belum ada<br>",Mayor
"typo penamaan page ""progrma""<br>",Kosmetik
1. Data AWP dan LHP seharusnya tanpa color code<br><br>2. button download belum berfungsi,Mayor
"Pada dropdown kolom ""Hal yang ingin didiskusikan pada saat konsultasi awal"" pilihan tidak muncul",Mayor
setelah semua form terisi tombol submit tidak ada aksi,Mayor
status dokumen belum ada,Mayor
Belum ada data Nomor STTD dan Nama KH (Konsultan Hukum) pada kolom Dashboard Rekap Pemeriksaan sesuai dokumen T.1.1,Mayor
Belum ada data Nomor STTD dan Nama KH (Konsultan Hukum) pada kolom Dashboard Rekap Laporan APOLO V2 sesuai dokumen T.1.1,Mayor
"Ketika pilih parameter BSI dan klik ubah, aplikasi menampilkan notif error<br>",Fatal
1. Penamaan kolom tidak center<br><br>2. Typo judul tabel<br>,Minor
"Aktivitas simpan <b>input form, unduh, dan unggah</b> tidak terekam di audit trail",Mayor
"Ketika memilih ""Rollback Status"" tanpa mencentang ""User Profile Target"" Sukses melakukan ""Process Rollback"" sampai muncul alert tetapi data ""Rollback Status"" tidak muncul.",Mayor
"1. nama tabel seharusnya ""Pertumbuhan KUR vs NPL/NPF (berdasarkan Baki Debet/Outstanding)"" sesuai template<br><br>2. legenda belum sesuai template",Minor
ketika klik preEleminary muncul alert error,Fatal
"1. nama tabel pada template ""Pertumbuhan Debitur KUR (Jumlah Fasilitas)""&nbsp;<br><br>2. legenda belum sesuai template",Minor
"judul kolom pada page maturity profile (M-12, dll.) tidak sesuai dengan mockup (menampilkan MM-YY)",Minor
"1. nama tabel pada template ""Baki Debet/Outstanding KUR Berdasarkan Jenis KUR pada Bulan Laporan""&nbsp;<br><br>2. keterangan belum sesuai template",Minor
1. kurang kolom No.<br>2. penamaan kolom tidak center<br>,Minor
1. legenda belum sesuai template<br><br>2. pada template tidak ada Total Ousanding,Minor
"judul kolom pada page loan to deposit ratio (M-12, dll.) tidak sesuai dengan mockup (menampilkan MM-YY)",Minor
"judul kolom pada page loan to deposit ratio (M-12, dll.) tidak sesuai dengan mockup (menampilkan MM-YY)",Minor
Footnote pada tahunnya belum sesuai,Kosmetik
penamaan kolom belum center<br>,Kosmetik
Judul kolom daftar pemantauan SLA tidak sesuai dengan mockup,Minor
1. legenda belum sesuai template<br><br>2. D pada direstrukturisasi mohon menggunakan huruf kapital,Minor
judul kolom pada tabel tidak sesuai dengan mockup ,Kosmetik
legenda tabel belum ada,Minor
"Pada dropdown jenis laporan OSIDA, hanya terdapat 11 jenis laporan osida, sementara pada template terdapat 12",Mayor
pada kolom upload belum terdapat keterangan file dan ukuran max file yang dapat di upload,Mayor
"peneamaan bank dan jenis lembaga tidak sesuai, pada nama tertulis ""UUS"" sedangkan pada jenis lembaga ""Bank Umum Konvensional""<br>",Minor
Penamaan kolom belum center,Kosmetik
"Pada ""Nilai hasil wawancara"" tidak bisa menambahkan data baru",Fatal
Excel belum memuat semua data yang tampil pada tabel hasil pencarian ,Mayor
"Tampilan web tidak sesuai pada mock up G1<br><br>-Pada web, dropdown ""Hasil Akhir"" tidak sesuai .&nbsp; G2<br>-Pada web Link Survey, Pada mock up ""Link e-survey"" G2",Minor
"Field masa kadaluarsa saat tambah data bisa dikosongkan, namun saat edit, field masa kadaluarsa tidak bisa kosong",Mayor
ketika pilih user pemroses lalu klik proses muncul alert error,Mayor
"- Naming pada ""Hasil Wawancara Panelis"". berbeda pada mock up<br>- Label pada tampilan web tidak terdapat mandatory, pada mock up terdapat mandatory.<br>- Dropdown ""Kesimpulan"" tidak sesuai mock up<br>-Tidak ada button ""Keluar"" tidak sesuai mock up&nbsp;",Minor
1. penamaan kolom belum center<br><br>2. belum ada kolom no<br>,Minor
1. penamanaan legenda tabel belum sesuai<br><br>2. tidak ada keterangan Periode pada template<br><br>3. hasil download pdf terpotong,Minor
ketika klik button cari tidak muncul pop up namun tampil dibawah form,Minor
penamanaan legenda tabel belum sesuai,Minor
jika klik beranda pada sprint corner beranda yang muncul adalah beranda Sprint modul SPEK,Minor
penamaan kolom belum center<br><br>,Kosmetik
"Ketika melakukan input symbol pada kolom date, lalu klik cari, berhasil memunculkan data hasil pencarian",Mayor
"1. Pada Usulan DPEA Kolom hanya TLHP sedangkan pada Aplikasi ""Nama TLHP""(SS1).<br><br>2. Penamaan kolom IDProgressTLHP kurang Spasi (SS2)",Kosmetik
"Pada menu audit trail kolom menu, aktifitas link dan Deskripsi lainnya masih kosong (SS1)",Mayor
"Pada dokumen Usulan DPEA nama kolom:<br>dibuat Oleh, diubah Oleh<br>sedangkan di aplikasi nama kolom:<br>diubah Oleh, sedang diubah Oleh<br>",Kosmetik
"dalam dropdown pilih bank, terdapat dua dropdown dengan fungsi yang sama ""-all-"" dan ""-semua-""

Tata letak tulisan ""Bank"" dan ""Periode"" kurang ketengah",Minor
"Pada dropdown jenis laporan OSIDA, terdapat kesalahan penulisan",Kosmetik
penamaan kolom belum center<br><br>,Kosmetik
Pada detail overview TLHP belum terdapat chart Pengenaan dan Penyelesaian (SS1),Mayor
tidak dapat mengirim Email,Mayor
Pada kolom deskripsi harusnya tidak mandatory,Mayor
jika upload muncul popup error,Mayor
Pada kolom deskripsi seharusnya tidak mandatory (SS01),Mayor
tidak bisa login (karena belum di setting) menggunakan LJK baik menggunakan client hasil download dari website,Mayor
Pada pop up Rapat Eksekutif tidak dapat disimpan karena ID Rapat Eksekutif harus diisi periode 2025,Minor
"Ketika ""Data Berhasil Disimpan"", checklist foto tidak tersimpan (SS1)<br><br>SS telampir",Mayor
penamaan kolom belum center<br><br>,Kosmetik
Muncul pesan jumlah header harus 8 sementara di struktur data hanya 7,Mayor
urutan header tidak sesuai struktur data,Mayor
1. Pada chart Topik TLHP download Excel dan PDF nama kolom hanya Topik seharusnya Topik TLHP (SS1)<br><br>2. Pada chart Jenis TLHP download Excel dan PDF nama kolom Jenis Tindak Lanjut seharusnya Jenis TLHP (SS2)<br><br>3. Pada chart Status Tekini TLHP download Excel dan PDF nama kolom&nbsp;Status Progress TLHP&nbsp;seharusnya Status Tekini TLHP&nbsp;(SS3)<br>,Kosmetik
ukuran file PDF > 20MB masih bisa lolos validasi,Mayor
Tampilan web dan mock up belum sesuai,Minor
Filter from date disable,Mayor
A. Hasil download excel masih kosong<br><br>B. Hasil download pdf &amp; excel tidak sesuai dengan yang tertampil di web (Gambar 2 dan 3)<br><br>,Mayor
"tanpa filter apapun, export excel dan pdf blm bisa",Mayor
"1. tanpa filter apapun, data yang muncul belum ada info data periode apa<br>2. untuk persentase dan rasio2 masih ada Rp harusnya berupa rasio",Mayor
Saat ini kolom keterangan belum mandatory ,Mayor
belum ada vallidasi D01 jika dbuat tidak sesuai,Mayor
"Sesuai informasi pada saat briefing pada ""keterangan"" dikatakan mandatory. Saat ini tidak mandatory (SS01)<br>",Mayor
penamaan kolom belum center<br>,Kosmetik
Nama tabel tidak sesuai,Minor
"1. Jika kolom 3-8 dikosongkan di baris D01, pada baris 6 dan 7 muncul pesan yang berbeda. Pada baris 7 muncul pesan kolom 6-8 padahal opsional<br><br>2. baris 5, 6, 8 diisi slain 0-5 tidak muncul validasi<br><br>3. belum ada tanda * pada pesan kesalahan F01 kolom kedua yang diperbolehkan<br><br>4. Jika kolom kedua F01 dikosongkan muncul pesan dengan nama kolom Keterangan Footer bukan Analisis<br><br>5. nama kolom 2 belum sesuai strukdat. Untuk kode referensi ditampilkan&nbsp; definisinya.<br><br>6. kolom 3-5 diisi 0 dan form terkaitnya (0100-0600) hanya header, masih muncul pesan validasi<br><br>7. sandi 0000 kolom 5 diisi 0 masih lolos, pada strukdat harus diisi 1-5<br><br>8. baris 7 muncul pesan jika dikosongkan, di strukdat opsional<br><br>9. jika hanya header masih lolos validasi",Mayor
Untuk Pengawas BPR/BPRS belum ada kanal Laporan Berkala BPRS,Mayor
Untuk Administrator DPDS/ Administrator Pelaporan Perbankan belum ada kanal laporan berkala BPRS,Mayor
Untuk Administrator DPDS / Administrator Pelaporan Perbankan OJK belum terdapat kanal Penilaian TKS BPR,Mayor
hasil download audit trail belum sesuai,Mayor
"pada kolom Hasil Analisis Laporan, kurang kata ""Gratifikasi""",Kosmetik
"Format tanggal belum DD-MM-YYYY pada kolom ""Tanggal jatuh Tempo terkini"" dan ""Tanggal Pembuatan TLHP"" ",Kosmetik
"perbedaan penamaan kolom dengan mockup<br><br>pada mockup tertulis ""<b>belum </b>jatuh tempo"" sedangkan pada web ""<b>sebelum</b> jatuh tempo""<br>",Kosmetik
1. belum ada vallidasi D01 jika dbuat tidak sesuai<br><br>2. Nama kolom 2 blm sesuai strukdat (SS)<br><br>3. Kolom 2 itu kode komponen sudah disepakati untuk nama referensinya&nbsp;<br>,Mayor
"-Tampilan web belum sesuai dengan mock up, pada web ""Tanggal Waktu Diproses"" pada Mock up ""Tanggal dan Waktu Diproses"". Dan&nbsp;header label tidak terdapat spasi&nbsp;(G1)<br><br>-Tata letak belum sesuai dengan mock up dan header label tidak terdapat spasi. (G2)&nbsp;",Minor
Tidak ada diagram balok (SS01),Mayor
mengisi form PSM dengan no psm yang berbeda namun tanggal dan waktu yang sama lolos validasi,Mayor
belum ada keterangan max ukuran dan type file,Mayor
"Pada saat filter Rekap tindak lanjut. pada list input report terdapat tanggal pembuatan 9 juli , tetapi pada filter rekap tindak lanjut tidak ada",Minor
"Pada Tampilan Web menggunakan ""Proses"",<br>Pada Mock Up menggunakan ""Cari"" dan button search pada ""Jenis izin"" &amp; ""Status Proses"".",Minor
"Berhasil melakukan rollback dan mengubah user pemroses, tapi data tidak tercata pada log",Mayor
Perbedaan penamaan button dengan mockup (SS01),Mayor
1. Belum ada validasi D01 jika dibuat tidak sesuai<br><br>2. Nama Kolom 2 belum sesuai strukdat&nbsp;<br><br>3.Pada baris ke 4 log error karakter tidak muncul,Mayor
"Menu yang dihighlight pada sidebar tidak sesuai dengan page yang terbuka.<br><br>Case: membuka page sentiment analysis melalui sidebar, kemudian membuka page pemantauan secara manual dengan mengetik link.
Page yang terbuka adalah pemantauan namun pada sidebar yang dihighlight adalah Sentiment Analysis.<br><br>Berlaku di semua page",Minor
"1) Kolom 1 : Belum ada validasi D01 jika dibuat tidak sesuai<br style=""font-size: 11.36px;""><br style=""font-size: 11.36px;"">2) Kolom 2 : - Nama Kolom 2 belum sesuai strukdat&nbsp;<br>- pada baris ke 4 log error karakter tidak muncul<br><br>3) Panjang karakter tidak muncul (kolom 1-4)",Mayor
"belum bisa download excel, proses loading sangat lama<br>",Mayor
"ketika setidaknya salah satu field kosong (username, password, captcha), warning muncul, tombol log in stuck di logging in, membuat user harus reload untuk login, tidak bisa login directly after getting a warning",Mayor
Visualisasi sentiment growth score belum sesuai<br><br>-ez-,Mayor
Belum ada button download file pdf dan excell<br><br>-ez-,Mayor
Time Series tidak sesuai dengan data yang ada pada tabel,Mayor
Tampilan web belum sesuai dengan mock up,Minor
Bank BCA ada 2. tapi pas pilih isinya beda,Minor
"1. belum ada vallidasi D01 jika dbuat tidak sesuai<br><br>2. Nama Kolom 2 belum sesuai strukdat&nbsp;<br><br>3. Kolom 2 itu kode komponen sudah disepakati untuk nama referensinya&nbsp;<br><br>4. Kolom 3 seharusnya muncul pesan error kalo kode komponen&nbsp;4210, 4220, 4221, 4222, 4299 dan 4292 wajib kosong",Mayor
Penamaan tanggal pada Overview TLHP menggunakan singkatan (SS1),Kosmetik
ada perbedaan kata antara email yang di terima dengan log gagalnya ,Kosmetik
tampilan pada web belum sesuai mockup,Minor
belum ada alert apakah data berhasil disimpan atau belum,Minor
"Pada form detail ketika pilih lebih dari satu topik, field topik menjadi kosong tidak tersimpan",Minor
tidak ada notifikasi gagal (spesifik pesan) <br>pada saat proses pengiriman ,Mayor
belum ada pesan validasi yang muncul untuk file &gt; 20MB<br><br>cek semua validasi sejenis untuk form pdf,Mayor
"1. belum ada vallidasi D01 jika dbuat tidak sesuai<br><br>2. nama kolom 2 tidak sesuai strukdat, referensi seharusnya jangan kode tapi didefinisikan sesuai form<br><br>3. belum ada validasi terkait form 1004 dan 1008 disampaikan hanya header maka nilai dikosongkan",Mayor
1. belum ada vallidasi D01 jika dbuat tidak sesuai<br><br>2. Nama Kolom 2 belum sesuai strukdat&nbsp;<br><br>3. Kolom 2 itu kode komponen sudah disepakati untuk nama referensinya&nbsp;<br>,Mayor
Penamaan yang sama untuk menu RINCIAN KASUS PROFIL INVESTOR namun berbeda dengan isi datanya.,Minor
"1. data kolom seharusnya kosong pada hasil download pdf maupun excel<br><br>2. keterangan periode, kantor ojk dan bank belum ada",Mayor
button belum sesuai dengan mockup (SS1),Kosmetik
SP dan Pemeriksaan seharusnya di bawah Siklus RBS,Kosmetik
Nama KH dan Kantor KH tidak terpisah,Minor
Pada T.1.1 tanggal progress TLHP terkini seharusnya mulai dari yang terbaru (SS1),Kosmetik
"1.Berhasil nambah data pada kertas kerja dan muncul alert, tetapi data tidak tersimpan pada form kertas kerja (G1)<br><br>2.Label typo (G2)",Mayor
1. nama kolom belum rata tengah<br><br>2. nama kolom berbeda antara aplikasi dan template<br><br>3. axis label belum sesuai,Kosmetik
"Pada form input tambah progress TLHP, kolom Tanggal Jatuh Tempo bisa diisi lebih kecil dari pada Tanggal Reminder&nbsp;&nbsp;",Mayor
Tidak bisa generate surat dari SIPENA (SS01),Minor
"Tidak bisa generate surat dari SIPENA berikut nomor surat : 
ND-460/MS.14/2025",Mayor
Tanggal Jatuh Tempo dan Tanggal Reminder tidak ada validasi. Mengakibatkan tanggal Reminder bisa melewati Tanggal Jatuh Tempo  (SS01),Mayor
kesalahan penulisan menu administrasi,Kosmetik
Filter berdasarkan semua fields hanya muncul berdasarkan tanggal jatuh tempo dan progress saja sedangkan terdapat tanggal pembuatan yang belum terfilter,Minor
Pada form input&nbsp; tambah detail progress di kolom Tanggal Surat bisa diisi lebih besar dari pada Tanggal Diterima&nbsp;,Mayor
Tanggal Diterima bisa lebih rendah dari Tanggal Surat. Validasi hanya ada di tanggal tidak di bulan dan tahunnya. (SS01)<br>,Mayor
penamaan tidak konsisten pada rekap tindak lanjut dan overview,Kosmetik
Muncul notifikasi alert saat melakukan upload file,Mayor
"Ketika topik diisi lebih dari satu, seteleh disimpan menjadi kosong(SS01)<br>",Minor
"Tampilan nama user pada aplikasi client tidak sesuai, login menggunakan apolo.sit002@gmail.com tapi muncul bprsdummy (tidak sesuai)",Minor
Filter berdasarkan berdasarkan fields pembuatan terdapat 3 data apabila diisi semua field hanya terdapat 2 data.,Minor
Format Penulisan Tanggal Belum DD-MM-YYYY (SS01),Kosmetik
1. nama kolom belum rata tengah<br><br>2. nama kolom berbeda<br><br>3. nama sumbu berbeda dengan template,Kosmetik
data pada chart belum sesuai dengan data pada tabel,Mayor
setelah login sebagai user internal footnote belum sesuai,Kosmetik
"Export pdf data yg tampil blm sesuai denga web (terutama pada Total Aset, rasio2 dan peringkat TKS) mohon urutkan juga periode data yg tampil dengan yg hasil export<br>",Mayor
1. header kolom berbeda dengan template<br><br>2. nama kolom belum rata tengah,Kosmetik
Modal inti harusnya nominal bkn persentase,Mayor
nama kolom belum rata tengah,Kosmetik
"Saat melakukan aksi edit pada menu report profil investor untuk melakukan ubah data Nama Efek, namun setelah data berhasil saat kembali data perubahan tidak tersimpan.",Mayor
header kolom belum sesuai template,Minor
Tidak bisa simpan hasil generate surat sipena. Pesan terjadi kesalahan. (SS01),Mayor
Data pada kolom tidak sesuai dengan di popup (SS01),Minor
Tidak bisa simpan data dari hasil generate SIPENA,Mayor
Pada kolom PIC data tidak sesuai dengan isi data yang ada di pop up,Minor
1. nama kolom belum rata tengah<br><br>2. nama kolom belum sesuai,Kosmetik
"file yang di download pada beranda pemantauan tidak sesuai dengan yang ada pada page dan template.
",Minor
"&nbsp;Belum terdapat item data Kantor KH, Probabilty Index, Impact Index, Risk Impact, Supervisory Rating, Supervisory Attention pada Tabel",Mayor
"ada form yang ditampilkan 2 kali, cek seluruhnya",Mayor
seharusnya bisa disampaikan hanya header (cek strukdat),Mayor
seharusnya bisa disampaikan hanya header (cek strukdat),Mayor
"1. Nama Kolom 2 belum sesuai strukdat&nbsp;<br><br>2. Urutan pesan error blm sesuai<br><br>3. Kolom 2 itu kode komponen sudah disepakati untuk nama referensinya&nbsp;<br><br>4. Pesan error yg muncul blm sesuai terkait ""Kategori B boleh laporkan header (H01) saja""",Mayor
"1.Label belum sesuai<br>pada mock up:
<br>-pada web: Tanggal Buat<br><br>-pada mock up: <br>Tanggal Dibuat,&nbsp;<br><br>2.Ketika&nbsp; tambah sektor, pada web terdapat mandatory sedangkan pada mock up tidak terdapat.&nbsp;<br>",Minor
" nama kolom 2 tidak sesuai strukdat, referensi seharusnya jangan kode tapi didefinisikan sesuai form",Minor
1. header kolom belum sesuai dengan template<br><br>2. urutan definisi belum sesuai,Kosmetik
Kolom Nilai Perolehan Agunan Pada Saat Diambil Alih/Harga Pengambilalihan pada hasil download belum ada,Mayor
1. Nama Kolom 2 belum sesuai strukdat&nbsp;<br><br>2. Urutan pesan error blm sesuai<br><br>3. Kolom 2 itu kode komponen sudah disepakati untuk nama referensinya&nbsp;<br><br>4. Seharusnya pesan error yg muncul untuk kode komponen 5299 pada kolom nilai parameter dapat dikosongkan/optional (SS),Mayor
Tidak ada catatan logout,Minor
"1. nama kolom 2 tidak sesuai strukdat, referensi seharusnya jangan kode tapi didefinisikan sesuai form<br><br>2. nama kolom 8 belum sesuai strukdat<br><br>3. sandi referensi kolom 5 untuk 340 dan 350 masih belum lolos validasi, cek semua sandi",Mayor
1. Nama Kolom 2 belum sesuai strukdat&nbsp;<br><br>2. Urutan pesan error blm sesuai<br><br>3. Kolom 2 itu kode komponen sudah disepakati untuk nama referensinya&nbsp;<br>,Minor
"1. chart melebihi frame<br><br>2. nama kolom <b>""Content""</b> belum center<br><br>3. Perbedaan penamaan kolom dengan mockup<br>",Kosmetik
"1. Belum ada filter tanggal tiket
<br><br>2. belum ada chart compliants by location<br><br>3. chart sentiment growth tidak sesuai mockup. pada mockup dimulai dari 0 sedangkan di aplikasi dimulai dari -100<br>",Mayor
"pada field upload terdapat ""upload image"" namun pada keterangan field tercantum file hanya PDF",Mayor
nama profile tidak sesuai dengan user login,Minor
"Filter Tanggal Pembuatan TLHP, data dengan tanggal sama dengan end date tidak tampil (SS01)",Minor
"ketika pengiriman data koreksi dengan nomor surat menggunakan template dan client terbaru, tetapi sepertinya etl membaca no surat di kolom lain",Mayor
Kolom Link pada Hasil Ekspor Menampilkan Tag HTML Mentah (SS01)<br>,Minor
"Filter Tanggal Pembuatan TLHP, data dengan tanggal sama dengan end date tidak tampil (SS01)",Minor
Saat Kirim Data muncul notif error,Mayor
"1. Penomoran tabel nama pengirim belum berurutan dari page 1 ke page 2
<br><br><br>&nbsp;2. Penomoran tabel nama penerima belum berurutan dari page 1 ke page 2
",Minor
1. tampilan nama kolom belum sesuai template untuk tks smt 1 dan 2<br><br>2. belum ada sub nama kolom LAB,Kosmetik
"kolom ""jatuh Tempo"" pada file yang di download seharusnya ""Jatuh Tempo""",Kosmetik
"Pada Field ""ID Sektor &amp; Kode Sektor"" dapat di edit, pada skenario ""ID Sektor"" tidak dapat di edit.",Mayor
"&nbsp;1. Pesan error yg muncul blm sesuai terkait ""Kategori B boleh laporkan header (H01) saja""<br><br>2. Seharusnya muncul pesan error apabila kolom modal inti blm sesuai dengan kategori&nbsp;<br><br>Tolong adjust ke semua form berikut",Mayor
1. Urutan pesan error blm sesuai<br><br>2. Kolom 2 itu kode komponen sudah disepakati untuk nama referensinya&nbsp;<br>,Minor
1. Urutan pesan error blm sesuai<br><br>2. Kolom 2 itu kode komponen sudah disepakati untuk nama referensinya&nbsp;<br>,Minor
Adjust ke semua form terkait kolom kode komponen pesan error yang muncul menggunakan nama referensinya<br><br>,Minor
"Pada Filter Overview Tanggal Pembuatan TLHP,  belum sesuai dengan data rekap tindak lanjut . Pada Rekap tidak lanjut terdapat 5 industri sedangkan overview hanya 4.",Minor
"Sistem belum berhasil menampilkan data ""Group Perizinan"" nya (SS1)<br><br>SS terlampir",Mayor
"1. Pesan kesalahan kolom 7 tidak sesuai
<br><br>2. Kolom 8 dapat diisi karakter selain yang ditentukan strukdat",Mayor
"Saat melakukan kirim data melalui Client muncul notifikasi ""Aplikasi perlu diperbaharui""",Mayor
sumbu Jumlah Bulan Laporan belum ada,Mayor
Sumbu Month-Year seharusnya Jumlah Bulan Laporan,Kosmetik
"1. Jumlah header label tidak sama dan tata letak label dan naming pada mock up ""ID Sub Sektor, pada web ""Sub Sektor Id"" ( belum sesuai. (G1)<br><br>2.Pada menu ""Tambah Sub Sektor"" :<br>-Tidak terdapat mandatory pada mock up, pada web terdapat<br><br>-Label ""status"" tidak sejajar dengan yang lain (g2)",Minor
pada kolom 3 ketika dimasukin angka selain dari angka yg diperbolehkan tetap lolos validasi,Mayor
data yang dikirimkan koreksi semesteran tetapi pada versi upload tertulis pengkinian,Minor
"Pada input detail Rapat Eksekutif , Upload dokumen Pendukung pada kolom pengirim , pilih pengirim dengan filter internal, isi jabatan terdapat error (SS1)",Mayor
Download file excel dan PDF pada kolom Link tidak sesuai dengan yang ada pada aplikasi (SS1),Minor
"1.Berhasil menambahkan data tetapi data pada form ""Sektor"" tidak ada.<br><br>",Mayor
1. Urutan pesan error blm sesuai<br><br>2. Kolom 2 itu kode komponen sudah disepakati untuk nama referensinya&nbsp;<br>,Minor
semua form sudah kategori B namun muncul pesan berbeda dengan form lain,Mayor
"-pada skenario hanya ""Sub Sektor &amp; Status"" dapat di edit sedangkan pada web semua field bisa di edit. Setelah berhasil edit, pada form ""sektor"" tidak muncul datanya.",Mayor
ketika melakukan tambah data lalu klik save change data tidak tersimpan ,Mayor
"Saat ingin melakukan aksi menghapus data Trading ID, namun pop up yang muncul akan menyimpan data ini, bukan menghapus.",Mayor
1. Pesan sandi referensi kolom 2 menampilkan kata Syariah<br><br>2. Jika baris kosong lebih dari 1 muncul error kesalahan validasi,Mayor
"Saat ingin melakukan aksi menghapus data CP Trading ID, namun pop up yang muncul akan menyimpan data ini, bukan menghapus.",Mayor
"1.Tata letak ""Sektor"" tidak ada dropdown sedangkan pada mock up terdapat dropdown.
<br><br>2.Tata letak ""Sektor &amp; Sub Sektor ID"" belum sesuai mock up dan penamaan ""Sub Sektor Id"" belum sesuai mock up. <br><br>3.Pada mock up tidak terdapat ""ID Sektor"" pada web terdapat.",Mayor
"Saat ingin melakukan aksi menghapus data jenis keterkaitan, namun pop up yang muncul akan menyimpan data ini, bukan menghapus.",Mayor
"pada hasil download tidak ada notif ""Terdapat % NPL/NPF KUR Bermasalah di atas 5% selama 6 bulan berturut-turut!""<br>",Minor
1. penamaan data record berbeda dengan template<br><br>2. mohon untuk Total Kredit diubah menjadi <b>Total Kredit/Pembiayaan</b>,Kosmetik
"Ketika search&nbsp;query bank, hasil data yang di search&nbsp;tidak muncul (SS1)<br>SS terlampir",Mayor
1. Nama kolom 3 belum sesuai<br><br>2. Kolom 5 dan 7 nama sandi belum didefinisikan<br><br>3. Jika baris kosong lebih dari 1 muncul error kesalahan validasi,Mayor
Pada fungsi upload belum terdapat validasi batasan ukuran dan batasan format apa saja yang diizinkan,Mayor
Belum bisa melakukan export excel,Mayor
1. header terpotong<br><br>2. margin terlalu mepet ke tepian,Kosmetik
nama kolom belum tergenerate seperti pada aplikasi,Mayor
"1. Pesan sandi kesalahan pada kolom 5, 6, 7 belum didefinisikan<br><br>2. Jika baris kosong lebih dari 1 muncul error kesalahan validasi",Mayor
1. Nama sandi referensi kolom 2 belum sesuai strukdat<br><br>2. Jika baris kosong lebih dari 1 muncul error kesalahan validasi<br><br>3. Panjang maksimal kolom 4 belum sesuai strukdat,Mayor
1. Jika baris kosong lebih dari 1 muncul error kesalahan validasi<br><br>2. Nama Sandi referensi kolom 2 belum sesuai strukdat<br><br>3. Nama Sandi referensi kolom 7 belum didefinisikan,Mayor
"saat tanggal kirim diisi dengan <b>tanggal lebih besar dari hari ini, dan telah diperbaiki, validasi salah ttp muncul </b>padahal data sdh tampil dan sesuai",Mayor
"- Pada ""Master Sub Sub Sektor"" mock up tidak terdapat Mandatory, sedangkan pada web terdapat mandatory. Belum sesuai",Mayor
"tidak ada keterkaitan antara hasil pencarian dengan yang dicari, saat akan mencari salah satu nama nasabah tapi nama lain juga ikut muncul",Mayor
"Penamaan antara data parameter profil investor  (NAMA NASABAH) dengan data profil investor (NAMA) berbeda, mohon disamakan",Kosmetik
"1. Judul tabel mohon dibuat center<br>2. Hasil download tidak sesuai <b>jabatan kosong, Hubungan&nbsp;</b>untuk sample robby<br>",Mayor
1. Nama Sandi Referensi kolom 2 belum sesuai strukdat<br><br>2. Nama Sandi referensi kolom 7 belum didefinisikan<br><br>3. Jika baris kosong lebih dari 1 muncul error kesalahan validasi,Mayor
Jika baris kosong lebih dari 1 muncul error kesalahan validasi,Mayor
Jika baris kosong lebih dari 1 muncul error kesalahan validasi,Mayor
judul kolom belum center,Kosmetik
"Berhasil menambahkan data, tetapi pada form data tidak muncul",Mayor
Jika baris kosong lebih dari 1 muncul error kesalahan validasi,Mayor
Filter belum sesuai parameter input (ss1)<br><br>mohon ditambahkan data yang masih kosong untuk melihat bar chart lainnya (ss2)<br>,Mayor
1. Nama Sandi referensi kolom 2 belum sesuai strukdat<br><br>2. Jika baris kosong lebih dari 1 muncul error kesalahan validasi,Mayor
Field Nama Jenis Gratifikasi yang diterima bisa dikosongkan,Mayor
"1. Informasi di aplikasi batas mak 50mb tapi muncul notifikasinya hanya 30mb<br><br>2. Ketika upload file selain extension yang diizinkan misal upload format (.txt, .ppt, .png) masih menampilkan notifikasi ""Data Berhasil Disimpan""",Mayor
Field Nama Jenis Pemberi Gratifikasi bisa dikosongkan,Mayor
1. Kolom 5 sandi referensi belum didefinisikan<br><br>2. Jika baris kosong lebih dari 1 muncul error kesalahan validasi,Mayor
"Belum memuat Nomor Surat Sanksi, Tanggal Sanksi dan Link Surat",Mayor
Pada grafik topik TLHP kinerja keuangan terdapat 2 data sedangkan di rekap terdapat 3 data . (periode 01-31 juli 2025),Minor
"Penamaan antara tabel, data field input dan field output tidak konsisten untuk tanggal dan periode.",Minor
Pada Overview TLHP periode 01 Juli-31 juli 2025 terdapat 8 data pada status Jumlah TLHP Sudah Jatuh Tempo sedangkan pada rekap terdapat 7 data jumlah jatuh tempo,Minor
"Pada grafik Pengenaan dan Penyelesaian<br>1. Hasil Excel dan PDF pada Pengenaan dan Penyelesaian datanya kosong. (SS01)<br>2. Data Tidak sesuai yang masuk kedalam hitungan TLHP Dikenakan hanya status ""belum memenuhi"". (SS02)",Mayor
Pesan validasi sandi referensi masih belum sesuai dengan strukdat,Mayor
Pada menu informasi ketika klik Sprint Corner halaman tidak mau terbuka/error,Mayor
jika klik panduan terdapat error,Mayor
"1. Tulisan Sprint Corner kurang tengah
<br>2. field nama kurang ke kiri&nbsp;<br>3. Penamaan alamat ""Daerah Khusus Ibukota Jakarta""  tidak dibawah/sesuai mockup dan <br>4.terdapat nomor ""(021) 29600000"" pada web, namun pada mock up tidak terdapat
<br>5. Pada bawah pojok, tidak ada kotak tersendiri/belum sesuai mockup.",Minor
jika klik lihat belum ada aksi,Mayor
1. belum ada menu psm<br>2. Tampilan belum rapi<br>3. Sprint corner tidak ada aksi saat di klik melalui menu kontak,Mayor
"1. Judul kolom belum rata tengah<br><br>2. Perbedaan penamaan filter pada mockup tertulis ""Klasifikasi Aset"" sedangkan pada web app tertulis ""Jenis Klasifikasi"" (ss2)<br><br>3. Tidak ada kolom No. pada tabel ""Pertumbuhan Surat Berharga Reverse Repo berdasarkan Klasifikasi Aset""<br>",Kosmetik
tidak ada jumlah total per sandi klasifikasi dan total keseluruhan data<br>,Mayor
Kolom Nama KJPP tidak Muncul,Mayor
Tidak ada hasil yang ditampilkan ketika mencari data,Mayor
Tidak ada hasil yang ditampilkan ketika mencari data,Mayor
Tidak ada hasil yang ditampilkan ketika mencari data,Mayor
Tampil banyak BPR Konvensional,Mayor
- Arsiran beda arah &amp;  telepon sama kendala gak ada alert mandatory. terus ketika klik submit dia gak ada aksi apa apa selain ngulang Captcha.,Mayor
"Hasil download CSV tidak
sesuai dengan apa yang sudah di filter pada periodenya (SS1)<br><br>SS terlampir",Mayor
Nama produk nya belum muncul (SS1)<br><br>SS terlampir,Mayor
Export pdf data untuk rasio2 dan peringkat TKS ada nilai belakang koma yg berbeda dgn aplikasi<br><br>apakah data rasionya semua 0?,Minor
filter semua tanggal hanya loading saja,Minor
"1. Pesan sandi referensi kolom 2 belum sesuai<br><br>2. Pada strukdat kolom 7&nbsp;Wajib dikosongkan jika sandi = 7100, 7200, 7300, 7400, 7500, 7600,&nbsp; selebihnya opsional. Namun selain kode tersebut jika kosong muncul pesan wajib diisi.<br><br>3. Pada strukdat kolom 8&nbsp;Wajib dikosongkan jika sandi = 7500, 7600,&nbsp; selebihnya opsional. Namun selain kode tersebut jika kosong muncul wajib diisi.<br><br>4. Kolom 6 dan 10 tidak tertulis wajib diisi pada 7600 namun muncul wajib diisi jika dikosongkan<br><br>5. belum ada validasi ke tabel validasi kolom di strukdat<br><br>6. cek dan implemen seluruh validasi pada kolom keterangan<br><br>7. Pesan kesalahan rumus kolom 6 dan 10 salah (kode 7100, 7200, 7300, 7400)<br><br>8.&nbsp; Pesan kesalahan validasi kolom 6 dan 10 salah untuk kode 7600",Mayor
"Field tanggal dapat mengisi tanggal melebihi jumlah hari di bulan tersebut, mengakibatkan error",Mayor
penempatan recod Total Kredit/Pembiayaan dan NIM/NI berbeda dengan yang di aplikasi,Minor
"pop up rekap sanksi, di t11 item datanya nama penilai tp di pop up sanksi 'nama KH'",Kosmetik
Pada menu Regulasi ketika klik Sprint Corner halaman tidak mau terbuka/error,Mayor
File indikator utama yang di-download masih belum terfilter sesuai dengan filter yang diisi. Masih mendownload unfiltered data meskipun sudah menerapkan filter,Mayor
"Pada file pdf yang didownload, kolom sentiment score terpisah pada page yang berbeda",Kosmetik
"Penamaan file hasil download audit trail belum sesuai, masih default (sama dengan penamaan hasil download yang lainnya), mohon untuk disesuaikan",Kosmetik
tidak lolos validasi ketika kirim data,Fatal
1. Footer pada web kosong<br><br>2. Header Kolom tidak sesuai dengan sumber data,Minor
pada form pdf data tidak tampil / error,Fatal
"penamaan semua header itu ""tabel"" seharusnya ""form""<br><br>",Kosmetik
button download excel error,Mayor
nama kolom belum rata tengah,Kosmetik
mengisi form PSM dengan no psm yang berbeda namun tanggal dan waktu yang sama lolos validasi. pada user internal sudah memilih terjadwal pada salah satu no reg<br>,Mayor
Tidak bisa klik sprint corner,Mayor
Pesan sandi referesi kolom 2 belum sesuai strukdat,Mayor
nama header kolom berbeda,Kosmetik
"Ketika detail komponen penilaian di tambah parameternya lalu disimpan, parameter yang baru belum tampil ke menu risiko tab kertas kerja<br><br>ketika parameternya di ubah dan hapus juga tidak berubah di menu risiko<br>",Mayor
"nama komponen tidak sesuai dan penggunaan ""Bullet"" sebagai point di web menjadi ""?""",Kosmetik
belum ada pilihan all untuk menampikan semua data total<br>,Minor
nama header kolom berbeda,Kosmetik
"Ketika berhasil Generate to save database, yang sudah ter generate belum muncul (SS1)<br><br>SS terlampir",Mayor
nama header kolom 3 berbeda ,Kosmetik
nama kolom berbeda,Kosmetik
"dapat memilih periode non semesteran ketika menekan tombol CTRL di keyboard
seharusnya data non semesteran tidak dapat dipilih",Minor
"bullet menjadi ""?"" pada website",Kosmetik
"bullet menjadi ""?"" pada web",Kosmetik
nama kolom tidak sesuai,Kosmetik
1. nama kolom tidak sesuai<br><br>2. format value dari kolom rasio tidak sesuai . pada strukdat data 99.90 tetapi di web menjadi bilangan bulat&nbsp;<br>,Minor
"ketika sudah input userid ""corp\rifan.januarsyah"" dan sudah input pass yang salah 3x. tidak ada pemblokiran.",Mayor
belum ada email reminder bahwa email blokir sudah dibuka,Mayor
pada pengumuman tidak ada:<br>-isi pengumuman&nbsp;<br>-tanggal publish&nbsp;<br>-dokumen,Mayor
bullet menjadi ? ,Kosmetik
nama kolom tidak sesuai,Kosmetik
nama kolom tidak sesuai,Kosmetik
Pada Detail Rekap Tindak lanjut belum terdapat field nama Tanggal TLHP pertama kali diinputkan. (SS1),Minor
"bullet menjadi ""?""",Kosmetik
nama kolom tidak sesuai,Kosmetik
nama kolom tidak sesuai,Kosmetik
data belum sort by ascending,Kosmetik
"1. data ""lainnya"" tidak muncul pada chart<br><br>2.data &lt;1 tahun tidak muncul pada chart<br><br><b>Note : </b>mohon diisi data yang kosong2 untuk checking kesesuaian tampilan chart<br>",Mayor
isi kolom Sentiment Score antara aplikasi dengan hasil download PDF berbeda. <br><br>seharusnya nominal atau scoring seperti Peringkat TKS?,Minor
"bullet menjadi ""?""",Kosmetik
Sandi berbeda dengan nama form,Mayor
"Export Excel, judul kolom berbeda dgn web krg kata <b>Penelahaan </b>pada periode awal dan periode akhir",Minor
"pilih edit pada salah satu data, nama field berbeda antara list dengan edit. <br><br>1. Pada&nbsp; list data tertulis <b>jenis efek </b>namun pada data edit, menjadi <b>jenis instrumen</b><br><br>2. pada list data <b>Kategori Kasus</b>&nbsp;namun pada edit menjadi <b>kategori pelanggaran</b>",Minor
1. Pesan kesalahan kolom Status Kode Koreksi (kolom 10) belum sesuai<br><br>2. Pesan karakter yang diperbolehkan pada kolom No Surat (kolom 9) belum sesuai strukdat,Mayor
"Pilih salah satu data dan edit, pada tab Ringkasan Pihak Terkait, pilih tambah data, cari trading ID, lalu klil pilih pihak, terdapat judul kolom <b>value</b>, apakah dapat disesuaikan menjadi <b>Pihak?</b>",Minor
Jika hanya header muncul pesan paling sedikit D01 27 baris. Seharusnya jumlah tetap karena komponen Single,Mayor
spasi berlebih,Kosmetik
spasi berlebih,Kosmetik
"pada preview penulisan ""dan"" tidak sesuai dengan template serta perbedaan Judul Kolom seharusnya ""Faktor"" bukan Kriteria/Indikator",Minor
"Judul kolom berbeda dengan Preview seharusnya ""Faktor"" bukan <br>""Kriteria/Indikator""",Kosmetik
"Judul kolom berbeda dengan Preview seharusnya ""Faktor"" bukan ""Kriteria/Indikator""",Kosmetik
urutan pada preview berbeda dengan sumber data,Minor
urutan data tidak sesuai,Minor
"ypo pada kolom 2 (Preview) seharusnya ""Fungsi Kepatuhan"", Jumlah baris yang muncul hanya 2, Judul yg tampil berbeda dengan template seharusnya ""Penerapan Budaya Kepatuhan dan Fungsi Kepatuhan""",Mayor
"1. hanya muncul 2 baris, seharusnya 3 dan urutan yang ditampilkan terbalik<br><br>2.&nbsp;Judul tidak sesuai seharusnya ""Penyimpangan terhadap Ketentuan Peraturan Perundang-undangan""",Mayor
"pilih edit pada salah satu data, nama field berbeda antara list dengan edit. <br><br>isi&nbsp;<b>jenis instrumen&nbsp;</b><b>beda, pada list </b>menggunakan<b>&nbsp;</b><b>&nbsp;\</b><b>&nbsp;<br>namun </b>pada <b>edit data </b>menggunakan <b>|&nbsp;<br></b><br>mohon diseragamkan",Minor
"1.&nbsp;hanya muncul 2 baris, seharusnya 3 dan urutan yang ditampilkan terbalik<br><br>2.Penulisan judul tidak sesuai pada opsi form dan Preview seharusnya ""Pelaksanaan Pemenuhan Komitmen terhadap Otoritas""",Mayor
"hanya muncul 2 baris, seharusnya 3 dan urutan yang ditampilkan terbalik",Mayor
item data yang berada di mapping berbeda dengan yang di aplikasi,Minor
"hanya muncul 2 baris, seharusnya 3 dan urutan yang ditampilkan terbalik",Mayor
"hanya muncul 2 baris, seharusnya 3 dan urutan yang ditampilkan terbalik",Mayor
"hanya muncul 2 baris, seharusnya 3 dan urutan yang ditampilkan terbalik",Mayor
"hanya muncul 2 baris, seharusnya 3 dan urutan yang ditampilkan terbalik",Mayor
"saat 3x salah password, terkirim email bahwa Akun Anda telah Diblokir di Aplikasi SIPELAKU, namun penamaan tanggal, waktu, dan indikator salah password masih belum benar.",Minor
Tidak ada batasan angka yang diinput,Minor
"pada grafik jenis fraud terdapat data ""0000000"" yang lebih",Kosmetik
Item Data yang berada di mapping berbeda dengan aplikasi,Minor
"1.Naming ""Sub Sub Sector"" typo (Sector).&nbsp;<br>-pada menu lain menggunakan ""Sub Sub Sektor""<br><br>2.Naming label&nbsp; ""Sub Sub Sector"" dan ""Jenis Izin""&nbsp; dan setelah klik detail naming label belum sesuai (g2)",Kosmetik
"saat tambah data, <b>jenis instrumen </b>terdapat lengkap<b>, kode dan keterangan</b>, sebaiknya di list dan edit juga muncul kode dan keterangan (lengkap) dan seragam",Minor
belum ada download pdf,Mayor
Typo pada penamaan kolom,Kosmetik
Belum ada button download PDF<br>,Mayor
"di template tertulis menampilkan series 13 bulan ke belakang, namun bulan yang dipilih tidak termasuk [pilih juli 2025, yang ditampilkan jun 2024-jun 2025]",Mayor
Pada saat generate tombol sipena tidak muncul aksi apa-apa seperti loading untuk menunggu jeda data muncul,Minor
nilai data pada hasil download masih ada yang kosong/error,Mayor
1. Pesan sandi referensi pada kolom 2 belum didefinisikan,Minor
Kolom 2 : Log error sandi referensi belum didefinisikan,Minor
1. Pesan sandi referensi pada kolom 2 belum didefinisikan,Minor
Kolom 2 : Log error sandi referensi belum didefinisikan,Minor
Kolom 2 : Log error sandi referensi belum didefinisikan,Minor
Kolom 2 : Log error sandi referensi belum didefinisikan,Minor
"Pada Status Pemeriksaan Nomor ST sedangkan pada Rekap Pemeriksaan Nomor STTD, jika merujuk pada dokumen T.1.1 seharusnya Nomor STTD",Minor
1. Pesan sandi referensi pada kolom 2 belum didefinisikan,Minor
"ketika hanya klik ceklis pada data yang dipilih dan hanya ada 1 data. pada ceklis semua, tidak otomatis terceklis",Minor
Kolom 2 : Log error sandi referensi belum didefinisikan,Minor
Kolom 2 : Log error sandi referensi belum didefinisikan,Minor
Kolom 2 : Log error sandi referensi belum didefinisikan,Minor
"Pada aplikasi SIPM bertuliskan ""Supervisory level"" sedangkan dalam Mapping ""Supervisory Rating"" ",Minor
Pada Apk SIPM tertulis sumber data RAN sedangkan di T43 tertulis RAPN mohon disamakan,Minor
Kolom 2 : Log error sandi referensi belum didefinisikan,Minor
Kolom 2 : Log error sandi referensi belum didefinisikan,Minor
"Pada pesan kesalahan tidak menampilkan titik (.) sebagai karakter yang diperbolehkan, namun saat diisi titik masih lolos. Untuk disinkronkan kembali karakter yang diperbolehkan dan pesan kesalahan terkait karakter khusus.",Mayor
"Pada pesan kesalahan tidak menampilkan titik (.) sebagai karakter yang diperbolehkan, namun saat diisi titik masih lolos. Untuk disinkronkan kembali karakter yang diperbolehkan dan pesan kesalahan terkait karakter khusus.",Mayor
"Pada pesan kesalahan tidak menampilkan titik (.) sebagai karakter yang diperbolehkan, namun saat diisi titik masih lolos. Untuk disinkronkan kembali karakter yang diperbolehkan dan pesan kesalahan terkait karakter khusus.",Mayor
"pada pencarian data, belum ada label dan field:<br>-Dasar pengajuan permintaan data<br>-Pejabat verifikator<br>-Nomor dokumen pendukung <br>-Captha",Kosmetik
Kolom 2 : Log error sandi referensi belum didefinisikan -T,Minor
"1. Pesan sandi referensi pada kolom 2 belum didefinisikan<br><br>2. Baris 15 kolom 3 nilai lebih dari 1 digit/karaker yang salah tidak muncul pesan kesalahan<br><br>3. Beberapa baris (F0400,&nbsp;F0500,&nbsp;F0800,&nbsp;F0900) pesannya tidak sama ketika kolom 3 dikosongkan. Cek kembali semua kode<br><br>4. Kode F1400 saat dikosongkan tidak muncul pesan yang sama dengan baris sejenis lain (tidak ada nilai harus 1-5)<br><br>5. terdapat rule kolom 3 bisa dikosongkan jika form 1005 dan 1009 hanya header, namun pada form 1005 dan 1009 muncul tidak boleh hanya header",Mayor
"Ketika melakukan edit dan simpan tanpa perubahan bekali kali Â±3 kali, membuat data pengirim, penerima dan attachment yang sudah ada menjadi terhapus (SS01)",Mayor
1. Pesan sandi referensi pada kolom 2 belum didefinisikan,Minor
Kolom 2 : Log error sandi referensi belum didefinisikan -K,Minor
Kolom 2 : Log error sandi referensi belum didefinisikan -K,Minor
Kolom 2 : Log error sandi referensi belum didefinisikan -K,Minor
"ketika hanya klik ceklis pada data yang dipilih dan hanya ada 1 data. pada ceklis semua, tidak otomatis terceklis",Kosmetik
Nama tabel tidak sesuai dengan template,Kosmetik
"Kolom 5, 6, 7 : Log error sandi referensi belum didefinisikan -T",Minor
"Saat melakukan proses hitung untuk sanksi administrasi pada kolom kriteria untuk nilai minimal 2 ada 4 parameter (Low,Medium,high,very high) saat saya masukan nilai 2 saat edit status yg muncul langsung very high, melewati 3 parameter sebelumnya",Mayor
"1. Hasil Download dan Template masih belum sesuai (tidak ada kolom &gt;180 hari)<br><br>2. Nomor total tagihan harusnya 2, tapi malah 1<br><br>3. Kolom tidak sesuai",Mayor
isi dari kolom rasio tidak sesuai,Minor
Kolom 2 : Log error sandi referensi belum didefinisikan -T,Minor
seharusnya bisa disampaikan hanya header,Mayor
seharusnya bisa disampaikan hanya header,Mayor
seharusnya bisa disampaikan hanya header,Mayor
1. Pesan sandi referensi pada kolom 2 belum didefinisikan,Minor
1. Pesan sandi referensi pada kolom 2 belum didefinisikan,Minor
1. Pesan sandi referensi pada kolom 2 belum didefinisikan,Minor
1. Pesan sandi referensi pada kolom 2 belum didefinisikan,Minor
1. Pesan sandi referensi pada kolom 2 belum didefinisikan,Minor
1. Pesan sandi referensi pada kolom 2 belum didefinisikan,Minor
"pada option periode hanya bisa memilih bulan juni dan desember, namun pada saat klik ctrl baru bisa terbuka semua",Minor
"Pada&nbsp; Status, <br>-Naming ""Tidak Dlakukan"" belum sesuai, pada&nbsp; mock up ""Tidak Dilakukan"", <br><br>-belum terdapat Naming label ""Belum"" sesuai pada mock up.",Minor
"tidak ada tombol ""+Tambah Data""",Minor
tidak bisa klik/ubah ceklis sama sekali,Minor
audit log Lihat/Cetak Laporan belum ada,Mayor
ketika chapca/hasil penjumlahan tidak sesuai. dokumen  pendukung langsung hilang,Minor
"ketika melakukan ubah keterangan, belum tercatat pada audit trail",Minor
tampilan tabel pertumbuhan akseptasi belum sesuai:<br><br>1. Tidak ada kolom No.<br><br>2.&nbsp; Jenis kualitas seharusnya&nbsp;punya kolom sendiri<br><br>3. Jenis kualitas tidak diberi spasi cth: kualitas1<br>,Minor
Tedapat menu PSM pada menu regulasi,Minor
Data nama masa kadaluarsa tidak muncul ditabel ,Mayor
ketika masuk ke status pemeriksaan belum tercatat pada audit trail,Minor
terdapat halaman kosong pada hasil download pdf,Kosmetik
belum ada kolom MOM dan YOY pada aplikasi,Mayor
Terdapat kelebihan 1 baris pada tabel persebaran kualitas aset bank (dibandingkan dengan template),Minor
Grafik yang ditampilkan tidak sesuai dengan data pada tabel,Minor
"setelah kirim data ulang , value dari kolom analisisnya menjadi kosong",Mayor
"ketika Tambah Data baru, ketika ingin di edit tidak tampil. Hanya menampilkan Loading saja. (SS01)
URL: 
http://10.224.120.136:85/FixedReport/FixedReport/Update?TemplateId=OTU=&amp;HeaderId=NTA=",Mayor
"1) Judul form header pada hasil preview berbeda dengan template seharusnya ""Form 1010"" bukan ""Tabel 1010""
<br><br>&nbsp;2) Nama kolom pada hasil preview berbeda dengan template seharusnya ""Faktor"" bukan ""Kriteria/Indikator""",Kosmetik
"Ketika melakukan tambah, edit atau hapus parameter kriteria dan bobot, aktivitas belum terekam di audit trail",Minor
Pesan error kolom 4 muncul double<br>,Minor
"ketika memasukan tanggal awal lebih besar dari tanggal akhir, dokumen berhasil tersimpan",Mayor
tinggi pada jenis fraud dan sub jenis fraud tidak sama,Kosmetik
Aktivitas download belum tercatat pada audit log<br>,Mayor
"1) Judul form header pada hasil preview berbeda dengan template seharusnya ""Form 1004"" bukan ""Tabel 1004""<br><br>2) Nama kolom pada hasil preview berbeda dengan template seharusnya ""Faktor"" bukan ""Kriteria/Indikator""",Kosmetik
"1) Judul form header pada hasil preview berbeda dengan template seharusnya ""Form 1001"" bukan ""Tabel 1001""<br><br>2) Nama kolom pada hasil preview berbeda dengan template seharusnya ""Faktor"" bukan ""Kriteria/Indikator""",Kosmetik
"1) Judul form header pada hasil preview berbeda dengan template seharusnya ""Form 1002"" bukan ""Tabel 1002""<br><br>2) Nama kolom pada hasil preview berbeda dengan template seharusnya ""Faktor"" bukan ""Kriteria/Indikator""",Kosmetik
"1) Judul form header pada hasil preview berbeda dengan template seharusnya ""Form 1003"" bukan ""Tabel 1003""<br><br>2) Nama kolom pada hasil preview berbeda dengan template seharusnya ""Faktor"" bukan ""Kriteria/Indikator""",Kosmetik
"1) Judul form header pada hasil preview berbeda dengan template seharusnya ""Form 1005"" bukan ""Tabel 1005""<br><br>2) Nama kolom pada hasil preview berbeda dengan template seharusnya ""Faktor"" bukan ""Kriteria/Indikator""",Kosmetik
"1) Judul form header pada hasil preview berbeda dengan template seharusnya ""Form 1006"" bukan ""Tabel 1006""<br><br>2) Nama kolom pada hasil preview berbeda dengan template seharusnya ""Faktor"" bukan ""Kriteria/Indikator""",Kosmetik
"1) Poin C isian poin 2 ada perbedaan pada penulisan laporan antara preview dengan template<br><br>2) Judul form header pada hasil preview berbeda dengan template seharusnya ""Form 1007"" bukan ""Tabel 1007""<br><br>3) Nama kolom pada hasil preview berbeda dengan template seharusnya ""Faktor"" bukan ""Kriteria/Indikator""",Kosmetik
"data sudah difilter, namun hasil download belum sesuai<br><br><br>",Minor
nama kolom kurang spasi,Kosmetik
tampilan jam pada hasil download belum sesuai tampilan di web,Kosmetik
tampilan preview tidak ada tanda / berbeda dengan sumberdata,Kosmetik
preview tidak muncul untuk opsi Rutin,Minor
Perbedaan penulisan NIM atau Net Imbalan,Kosmetik
belum ada tombol tambah dokumen lampiran,Mayor
"1. Tidak ada catatan gagal log-on, hanya ada berhasil<br><br>2.&nbsp;Gagal logon diberitahu antara password/username salah atau captcha (harusnya tidak)",Mayor
"Pada tabel, judul kolom <b>Control RIsk</b>, seharusnya menggunakan huruf i kecil",Kosmetik
Mohon ditambahkan spasi untuk Nomor STTD ,Kosmetik
pada bagian tabel aplikasi berbeda dengan skenario,Kosmetik
"Agar bisa ditambahkan Nomor untuk kolom rekap datanya untuk memudahkan user dalam membaca data, berikut juga dengan hasil export excel nya",Kosmetik
Mohon untuk diseragamkan penamaan Nomor STTD antara data di dashboard dengan data tambahan popup,Kosmetik
belum ada menu Peta Analisis,Mayor
"Ketika download CSV pada menu Data Rekapitulasi Perizinan, tidak tercatat pada audit trail nya (SS1)<br><br>SS terlampir",Mayor
"1. Tidak ada note ekstensi file yang didukung untuk upload file (exe dan video masih bisa upload)
<br><br>&nbsp;2. Tidak ada note dan validasi batasan ukuran file upload",Mayor
nama menu pada halaman kriteria dan bobot belum sesuai ,Kosmetik
Tidak ada tombol salin,Mayor
"Tanpa isi apapun, klik simpan, harusnya message yg muncul Input <b>Jenis Industri wajib diisi </b>karena saat ini message ke nama perusahaan dimana nama berhbungan dengan jenis perusahan",Mayor
"typo nama kolom. pada form tertulis ""kode masa kadaluarsa"" sedangkan pada tabel kolomnya dinamai dengan ""nama masa kadaluarsa""",Mayor
Periode dapat diisi lebih dari tahun saat ini,Mayor
"ID TLHP tidak sesuai, di awal tertera ID 88, namun saat tersimpan menjadi ID 90. (SS)",Mayor
ketika melakukan pencarian dengan jenis file PDF dengan kondisi belum melakukan request file PDF itu munculnya file .xls atau excelnya&nbsp;,Minor
Urutan pada hasil preview tidak sesuai dengan template,Minor
Mohon agar ditambahkan Nomor pada kolom Tabel-nya berikut dengan export excel dan pdf,Kosmetik
"typo nama kolom pada hasil preview (rutin, koreksi, pengkinian)<br>",Kosmetik
"Grafik dan data tidak sesuai. data menunjukkan 4 sel terisi, namun grafik hanya menunjukkan 3",Minor
"Tanpa isi apapun, klik simpan, harusnya message yg muncul Input Jenis Industri wajib diisi karena saat ini message ke nama perusahaan dimana nama berhbungan dengan jenis perusahan",Mayor
Periode dapat diisi lebih dari tahun saat ini (SS01),Mayor
tahun footer belum update,Kosmetik
posisi judul kolom pada tabel belum rata tengah ,Minor
Belum ada validasi / alert jika email tidak ditemukan,Minor
jika klik lihat pada file muncul alert yang tidak sesuai,Mayor
terdapat menu master data pada akun pengawas BPR/BPRS yang sesuai T11 harusnya tidak ada,Mayor
"Kolom Jabatan masih belum otomatis terupdate, walau sudah memakai akun pegawai organik. (SS)",Minor
"Kolom Jabatan masih belum otomatis terupdate, walau sudah memakai akun pegawai organik. (SS)",Minor
"Nama dari judul tab masih belum sesuai, harusnya SIP IKNB, bukan SIRIBAS. (SS)",Kosmetik
"Nama dari judul tab masih belum sesuai, harusnya SIP IKNB, bukan SIRIBAS. (SS)",Kosmetik
untuk nilai pada <b>kelembagaan </b>dan <b>instrumen efek</b> dibuat rata kanan ,Minor
"Pada isi data, master sektor :
<br>-id sektor
<br>-kode sektor
<br>-status <br>-tanggal dibuat
<br>-tanggal diubah
<br>Belum rata tengah (center).",Minor
Typo pada tombol download pdf dan excel,Kosmetik
Typo pada tombol download pdf dan excel,Kosmetik
"Pada isi data, master sub sektor :<br style=""font-size: 11.36px;"">-id sub sektor<br style=""font-size: 11.36px;"">-kode sub sektor<br style=""font-size: 11.36px;"">-status<br style=""font-size: 11.36px;"">-tanggal dibuat<br style=""font-size: 11.36px;"">-tanggal diubah<br style=""font-size: 11.36px;"">Belum rata tengah (center).",Minor
"Pada isi data, master sub sektor :&nbsp;<br>-id sub sub sektor
<br>-kode sub sub sektor
<br>-status
<br>belum rata tengah (center).<br>-pada isi data SIPO ID margin kanan tidak ada&nbsp;",Minor
option tidak sesuai dengan template,Kosmetik
"Format sel pada tabel tidak sesuai template. Pada template tertera jika rata-rata cr 3 bulan <1% akan dihighlight warna merah, namun di rata-rata 0% tidak dihighlight sama sekali baik di hasil download maupun di web",Minor
"alert ""Nama Masa Kadaluarsa : kolom wajib diisi"" masih muncul padahal kolom sudah diisi<br><br>tes ketika menambah data baru",Mayor
"Ketika berhasil masuk ke menu panduan, kemudian klik sprint corner, web sprint corner eror / tidak bisa dibuka",Mayor
melakukan req bulk download tetapi&nbsp; statusnya masih terus on progress,Mayor
isi kolom % Porsi belum sesuai,Minor
"Saat menjalankan skenario 2 email yang diterima tidak ada nomor surat, seharusnya setelah kode B/nomorsurat/gagal",Mayor
untuk nilai pada table tahun dibuat rata kanan,Minor
Periode dapat di ubah menjadi minus dan prosesnya berhasil,Minor
Penempatan Waktu dan Tanggal belum sesuai mockup,Mayor
"Judul form header pada hasil preview berbeda dengan template seharusnya ""Form 2003"" bukan ""Tabel 2003""",Kosmetik
"Muncul notifikasi ""Sudah terdapat nomor surat tersebut"" padahal pada daftar belum ada",Minor
"pada tanggal kirim belum terdapat record datanya (pada akun corp/rifan) dan status email gagal terkirim, namun email sudah masuk.",Mayor
"Footer belum sesuai mock up:
<br>1. Pada ""Gedung OJK Menara Radius Prawiro"" tidak ada margin, belum sesuai mock up.<br>2. Penamaan alamat ""Daerah Khusus Ibukota Jakarta"" tidak dibawah/sesuai mockup dan<br style=""font-size: 11.36px;"">3.terdapat nomor ""(021) 29600000"" pada web, namun pada mock up tidak terdapat<br style=""font-size: 11.36px;"">4. Pada bawah pojok, tidak ada kotak tersendiri/belum sesuai mockup.",Kosmetik
"ketika memasukan periode awal sanksi lebih besar dari periode akhir sanksi, dokumen berhasil tersimpan",Mayor
"Footer belum sesuai mock up:<br style=""font-size: 11.36px;"">1. Pada ""Gedung OJK Menara Radius Prawiro"" tidak ada margin, belum sesuai mock up.<br style=""font-size: 11.36px;"">2. Penamaan alamat ""Daerah Khusus Ibukota Jakarta"" tidak dibawah/sesuai mockup dan<br style=""font-size: 11.36px;"">3.terdapat nomor ""(021) 29600000"" pada web, namun pada mock up tidak terdapat<br style=""font-size: 11.36px;"">4. Pada bawah pojok, tidak ada kotak tersendiri/belum sesuai mockup.",Kosmetik
"Footer belum sesuai mock up:<br style=""font-size: 11.36px;"">1. Pada ""Gedung OJK Menara Radius Prawiro"" tidak ada margin, belum sesuai mock up.<br style=""font-size: 11.36px;"">2. Penamaan alamat ""Daerah Khusus Ibukota Jakarta"" tidak dibawah/sesuai mockup dan<br style=""font-size: 11.36px;"">3.terdapat nomor ""(021) 29600000"" pada web, namun pada mock up tidak terdapat<br style=""font-size: 11.36px;"">4. Pada bawah pojok, tidak ada kotak tersendiri/belum sesuai mockup.",Kosmetik
"Footer belum sesuai mock up:<br style=""font-size: 11.36px;"">1. Pada ""Gedung OJK Menara Radius Prawiro"" tidak ada margin, belum sesuai mock up.<br style=""font-size: 11.36px;"">2. Penamaan alamat ""Daerah Khusus Ibukota Jakarta"" tidak dibawah/sesuai mockup dan<br style=""font-size: 11.36px;"">3.terdapat nomor ""(021) 29600000"" pada web, namun pada mock up tidak terdapat<br style=""font-size: 11.36px;"">4. Pada bawah pojok, tidak ada kotak tersendiri/belum sesuai mockup.",Kosmetik
"Footer belum sesuai mock up:<br style=""font-size: 11.36px;"">1. Pada ""Gedung OJK Menara Radius Prawiro"" tidak ada margin, belum sesuai mock up.<br style=""font-size: 11.36px;"">2. Penamaan alamat ""Daerah Khusus Ibukota Jakarta"" tidak dibawah/sesuai mockup dan<br style=""font-size: 11.36px;"">3.terdapat nomor ""(021) 29600000"" pada web, namun pada mock up tidak terdapat<br style=""font-size: 11.36px;"">4. Pada bawah pojok, tidak ada kotak tersendiri/belum sesuai mockup.",Kosmetik
"Footer belum sesuai mock up:<br style=""font-size: 11.36px;"">1. Pada ""Gedung OJK Menara Radius Prawiro"" tidak ada margin, belum sesuai mock up.<br style=""font-size: 11.36px;"">2. Penamaan alamat ""Daerah Khusus Ibukota Jakarta"" tidak dibawah/sesuai mockup dan<br style=""font-size: 11.36px;"">3.terdapat nomor ""(021) 29600000"" pada web, namun pada mock up tidak terdapat<br style=""font-size: 11.36px;"">4. Pada bawah pojok, tidak ada kotak tersendiri/belum sesuai mockup.",Kosmetik
"untuk nilai pada table, Probability Index, Risk Impact, dan Supervisory Rating dibuatkan rata kanan",Minor
"Untuk nilai pada tabel Probability index, Impact Index, dan Supervisory rating dibuatkan rata kanan",Minor
"Nama user ketika ""Login"", penamaannya masih ""Anonymous"" (SS1)<br><br>SS terlampir",Mayor
"Hasil download pdf terpotong (rutin, ks, kp)",Minor
"Hasil download pdf terpotong (rutin, ks, kp)",Minor
"Hasil download pdf terpotong (rutin, ks, kp)",Minor
tidak ada data record yang terekam ketika user eksternal input permintaan data,Mayor
pada Nomor Identitas Pelaku dan Data Profil yang Dipilih datanya kosong,Minor
"skenario dan aplikasi berbeda, dimana skenario menuliskan ""Preview"" sedangkan Aplikasi ""Preview Data""",Minor
Email reminder belum ada,Mayor
Nama kolom berbeda dengan hasil preview seharusnya 'Kriteria/Indikator' bukan 'Faktor',Kosmetik
Nama kolom berbeda dengan hasil preview seharusnya 'Kriteria/Indikator' bukan 'Faktor',Kosmetik
typo pada nama kolom. seharusnya Kategori Portofolio,Kosmetik
tampilan pada isi pengumuman agak terpotong,Minor
Terdapat halaman kosong pada pdf yang di download,Kosmetik
"Kolom nama masa kadaluarsa di haruskan diisi sedangkan pada kolom jenis gratifikasi, kolom itu tidak memiliki masa kadaluarsa",Mayor
"saat menghapus salah satu daftar pengumuman, tidak terekam di audit trail",Mayor
"Data nominal angka belum dalam jutaan, masih angka real.<br>",Minor
"1. Penamaan tab menu penerimaan gratifikasi belum sesuai T.1.1
<br><br>&nbsp;2. Penamaan kolom uraian belum sesuai T.1.1",Mayor
Kolom 8 : nama kolom tidak sesuai&nbsp;dengan strukdat -T,Minor
jika klik detail pada PreElemninary lalu klik lihat pada salah satu data. belum terrecord/tercatat pada audit trail,Minor
menu sprint corner error,Fatal
"Pilihan jenis laporan tidak sesuai dengan yang diisikan dalam tabel<br><br>dalam tabel menyebutkan angka, sedangkan pada dropdown menyebutkan jenis laporannya<br>",Minor
"Ketika klik detail dan masuk ke pop up detail komponen penilaian, audit trailnya belum tampil",Minor
"Nilai NPL/NPF harusnya hanya menampilkan %, tetapi yg ditampilkan berupa nominal dan persen",Minor
Tidak ada tanda mandatory (*) pada field yang mewajibkan diisi,Kosmetik
Tidak ada tanda mandatory (*) pada field yang mewajibkan diisi,Minor
Pada redaksi log eror kolom 3 tidak ada tanda â€˜/â€˜ -T,Minor
Pada redaksi kolom 4 panjang karakter seharusnya 2000 digit tidak sesuai -T,Mayor
pada field uraian belum ada counting character,Kosmetik
"Field kode bisa diedit di form pada menu Kode Referensi, Kode Penerimaan, Kode Peristiwa, Status Artikel",Mayor
"Kolom kode pada tab Penerimaan/Penolakan Gratifikasi kosong, padahal pada form diisi.",Minor
"Ketika edit, data pada field ""sektor"" kosong, seharusnya data tidak kosong agar bisa melakukan edit pada field ""Sub Sektor"" dan ""Status""",Mayor
kolom 2: hasil redaksi referensi tidak sesuai dengan strukdat -T,Minor
Pada setiap akun tidak ada info terkini,Kosmetik
"pada user eksternal dan user pejabat pemohon tidak ada :
<br>-Dashboard Ringkasan Statistik<br><br>pada auditor tidak ada:&nbsp;<br>-Daftar Pekerjaan",Kosmetik
kolom 2: hasil redaksi referensi tidak sesuai  -T,Minor
"Ketika edit, data pada field ""Sub sektor""&nbsp; tidak bisa di edit, tetapi pada skenario bisa melakukan edit pada ""Sub Sektor""",Mayor
mohon tambahan data untuk menguji fitur filter pada beberapa jenis laporan,Mayor
tidak ada keterangan form berapa nya pada dropdown tabel pelaporan,Minor
nama kolom tidak sesuai,Minor
nama kolom berbeda dengan sumber data,Minor
Deskripsi pada poin Kriteria/Indikator belum sesuai seharusnya BPR Syariah,Kosmetik
"nama form tidak sesuai seharusnya ""Form Kertas Kerja KPMR Kredit""",Kosmetik
Penamaan pada kolom dan form Masih belum sesuai,Minor
1. nama kolom berbeda<br>2. nama form berbeda<br><br>,Minor
nama form berbeda,Kosmetik
"Pada poin B.2 isian pada Preview berbeda dengan template, seharusnya ""Direksi melaksanakan penerapan prinsip tata kelola, manajemen risiko, dan kepatuhan secara terintegrasi.""<br><br>Poin B.9 kurang kalimat ""pada seluruh tingkatan atau jenjang organisasi dalam pendidikan/pelatihan dalam rangka pengembangan kualitas individu""",Minor
nama form berbeda,Kosmetik
nama kolom dan nama form tidak sesuai,Minor
Nama Form tidak sesuai,Kosmetik
"Baris C.4 pada preview penulisan pada Template yaitu ""Dewan Komisaris menyampaikan laporan-laporan terkait fungsi Dewan Komisaris kepada Otoritas Jasa Keuangan sebagaimana diatur dalam ketentuan Otoritas Jasa Keuangan secara lengkap, akurat, kini, utuh, dan tepat waktu"" berbeda",Minor
"Baris C.4 pada preview penulisan pada Template yaitu ""Dewan Komisaris menyampaikan laporan-laporan terkait fungsi Dewan Komisaris kepada Otoritas Jasa Keuangan sebagaimana diatur dalam ketentuan Otoritas Jasa Keuangan secara lengkap, akurat, kini, utuh, dan tepat waktu"" berbeda",Minor
nama form dan nama kolom tidak sesuai,Minor
Nama Form dan Nama Kolom masih belum sesuai,Minor
Nama Form dan Nama Kolom masih belum sesuai,Minor
nama form tidak sesuai,Kosmetik
nama form tidak sesuai,Kosmetik
Nama form tidak sesuai,Kosmetik
Nama Form dan Nama Kolom masih belum sesuai,Minor
Nama Form dan Nama Kolom masih belum sesuai,Minor
nama form tidak sesuai,Minor
"Poin A.1 berbeda dengan Template seharusnya ""BPR Syariah telah memiliki Komite Direksi dan Komite Dewan Komisaris sesuai dengan ketentuan Otoritas Jasa Keuangan""",Minor
"Baris B.1 pada kalimat terakhir pada template ""BPR sesuai dengan kebijakan benturan kepentingan"" berbeda dengan preview",Minor
Nama Form dan Nama Kolom masih belum sesuai,Minor
Nama form masih sesuai (ss)<br><br>typo pada Nama Kolom (ss1),Minor
Poin B tidak sesuai dengan template,Minor
"ketika berhasil mengubah data pada field ""Status"" menjadi ""Aktif"" , tampilan pada form tetap ""Tidak Aktif"" ",Mayor
Nama form belum sesuai,Minor
"ketika berhasil menambahkan data, pada field ""Status"" ""Aktif"" , tampilan pada form tetap ""Tidak Aktif""",Mayor
Nama form belum sesuai,Minor
"Filter tidak berfungsi dengan semestinya.<br>Ketika memfilter ""Lintas Sektor"" yang muncul data yang lain.",Mayor
status pada internal terjadwal namun jika di cek pada psm eksternal status yang keluar belum sesuai,Mayor
tidak ada button upload,Mayor
Typo kurang spasi,Kosmetik
Typo kurang tanda /,Kosmetik
"1) kolom 6: pesan kesalahan rumus pada sandi 7100, 7200, 7300, 7400 salah<br><br>2) kolom 10: pesan kesalahan rumus pada sandi 7100, 7200, 7300, 7400 salah<br><br>3) pesan kesalahan validasi kolom 6 dan 10 salah untuk kode 7600<br><br>4) hasil redaksi tidak sesuai, seharusnya 'baris detail' bukan 'baris form' -T",Mayor
"Pilihan jenis kur tidak sesuai dengan jenis kur yang tertera di tabel, dan di template",Minor
Nama judul kolom berbeda dengan Template,Minor
"1. Untuk penamaan Form kertas kerja berbeda ""Kertas Kerja"" dan ""Kertas Kerja (Activity)"".<br>2. Pada penamaan ""Aktivitas"" menggunakan bahasa sedangkan penamaan (Total Document, Order Num, Status, Action) yang lain menggunakan bahasa asing.<br><br>Sebaiknya penamaan form/object dibuat konsisten",Kosmetik
data pada 2 kolom terakhir tidak tampil&nbsp;pada pelaporan koreksi semesteran dan pengkinian&nbsp;,Mayor
Halaman lebih pada hasil download Pdf,Minor
isi dari kolom keterangan beberapa ada yang tidak sesuai seperti pada gambar<br><br>,Mayor
email yang masuk belum sesuai dengan hasil yang diharapkan,Kosmetik
penamaan file upload belum sesuai,Minor
"Emiten keduplikat seluruh subsubsektor, seharusnya menampilakn subsubsektor yang sesuai",Mayor
Selesai Pengembalian/DIbatalkan Oleh Pemohon/Pengembalian Izin  ditake out dari data karena bukan merupakan data izin bermasalah,Minor
"DItambahkan Expected Flow misalnya Flow yang belum pernah dilalui, agar bisa digunakan untuk maju mundur izin (sesuai dengan tiket helpdesk) dan Flow Selesai untuk menyelesaikan izin",Minor
"tidak  ada tombol ""cancel"" di sebelah tombol tampilkan yang sesuai dengan mockup",Mayor
ketika sudah mengisi Nomor SID dan Trading ID. lalu klik dropdown pada Nama SID. datapada Nomor SID atau Trading ID langsung hilang,Minor
setelah isi data lalu klik kirim email namun belum klik simpan. data yang tampil pada email data yang terbaru yang belum di klik simpan,Mayor
pada web tidak ada kolom Nama SID dan Nama Lawan SID,Minor
semua filter berupa dropdown,Kosmetik
"pada web, kurang kolom ""jenis SID""&nbsp;<br>",Minor
"pada filter:<br>-Kotak merah di filter periode pakai bahasa inggris ""Start Date"" dan ""End Date""<br>-kotak biru: pada web ada NIK, sedangkan pada mockup tidak ada.<br>-kotak hijau: KTP pada mockup ada, namun pada website tidak ada",Minor
"pada web, kurang kolom ""jenis SID""&nbsp;",Minor
"tidak ada tombol ""cancel"" di sebelah tombol tampilkan yang sesuai dengan mockup",Mayor
typo pada pesan kesalahan kolom 2,Kosmetik
pada skenario ada dropdown pada popup untuk memilih penggunaan data. namun pada web tidak ada,Minor
Nama field tidak sesuai ,Kosmetik
kolom 2 seharusnya maksimal 4 digit dengan kode 1800,Mayor
pada filter daily tidak ada filter Value/Volume/Market,Minor
pada table net buy di mockup tidak ada kata (sell),Minor
pada mockup tidak ada filter Value/Volume/Market Cap. namun pada website ada,Minor
"pada hasil gainers dan losers, tidak ada page seperti di mockup",Kosmetik
"Hasil preview dan Download tidak sesuai dengan template/txt sumber data bertambah desimal (,00)<br>",Minor
"Ubah Data
<br>Pada tambah data Temuan dan Rekomendasi, belum dapat Download Template",Mayor
"Ubah Data Pada Upload Dokumen Pendukung &gt; Pengisian Data Pengiirm ""Eksternal"" maupun Penerima ""Eksternal"", isian data Selaku belum terdapat pilihan dan tidak dapat diisi manual",Minor
"di web, tidak seharusnya tampil error. kecuali hanya di lokal",Mayor
Tidak ada kolom Volume dan Bond Late Completeness Status Code pada Tabel,Minor
Nama kolom 4 seharusnya Keterangan ,Minor
saat meng-edit jangka waktu bulan dari tanggal mulai 01 - 01 - 2025 dengan jeda 3 bulan  setelah di-generete Tanggal selesai tetap 01 - 01 - 2025,Minor
Nama kolom tidak sesuai,Minor
Download Templete terjadi kesalahan,Mayor
"1. Isi kolom Case ID dan Trade No tidak terlihat semua pada PDF
<br><br>&nbsp;2. Isi kolom Trade No dan Trade Date SK pada pdf tidak sesuai dengan tabel di web",Minor
"Pada dokumen pendukung, saat menambahkan dokumen pendukung untuk penerima dan pengirim external ""Selaku"" tidak ada pilihan",Minor
Hasil download excel ada tambahan spasi,Kosmetik
"ada typo pada isian di kolom Kriteria/Indikator poin B.6, seharusnya ""PPAP/CKPN""",Kosmetik
Tidak ada tombol export excel dan pdf,Mayor
"1. Kolom 3 dan 7 pada strukdat boleh negatif<br><br>2. Kolom 9 selain&nbsp;7310, 7311, 7312, 7410, 7411 7500, 7600 opsional namun muncul pesan wajib bernilai sesuai strukdat jika dikosongkan<br><br>3. kolom 8 selain&nbsp;7500, 7600 opsional namun muncul pesan wajib bernilai sesuai strukdat jika dikosongkan<br><br>4. Pesan terkait jumlah baris detil menampilkan F02 sementara footer sampai F05",Mayor
"di Presentase By Segment pada tulisan ""%Transaction Freq"" tertutup oleh chart. 

angka di dalam chart, pada mockup di luar chart",Kosmetik
pada:&nbsp;<br>-Recency<br>-Frequency<br>-Monetary<br>-New Client VS Client<br>-Investor Origin<br>-Investor Type<br>angkanya di dalam chart<br>,Kosmetik
Tabulasi Menu Summary Transaction SID tidak bisa di klik pada Basis Investor maupun Detail Basis Investor<br>,Kosmetik
"pada Detail Basis Investor, ketika klik tabulasi menu Basis Investor, tidak bisa ke menu Basis Investor<br>",Minor
"Mohon untuk ditambahkan Nomor pada setiap tabel :<br>- Fokus Pemeriksaan
<br>- Fokus Pengawasan
<br>- Daftar Tim Pemeriksa",Minor
"Penambahan daftar tim pemeriksa pada pemilihan SELAKU "" KETUA"" bisa dipilih lebih dari 1 ketua",Mayor
"pada web filter ""PE"". di mockup ""Nama PE""",Kosmetik
"Berkaitan dengan Temuan No.1 & No.4 terkait download Template, saat akan upload Excel belum dapat dilakukan",Mayor
Untuk Kolom Aksi bisa diletakan pada kolom terakhir,Kosmetik
pada jenis SID dropdownnya tidak berfungsi<br>,Minor
"ketika klik salah satu nomor SID pada hasil filter, tidak tersambung ke SID dan terjadi error",Minor
"Karena bisa menambahkan lebih dari 1 dokumen, mohon untuk tabel ditambahkan kolom nomor",Minor
pada hasil export pdf. di periode awal dan periode akhirnya masih belum sesuai,Kosmetik
"Saat username salah, muncul pesan ""Username/password salah"" dengan teks berwarna hitam di atas background merah.<br><br>Dari sisi visibilitas, kombinasi warna ini cukup sulit terbaca oleh user karena kurang kontras. Mohon pertimbangannya untuk penyesuaian warna teks atau background agar pesan error bisa lebih jelas dan mudah terlihat.",Kosmetik
"Terdapat typo pada salah satu kalimatnya (SS1)

(SS terlampir)",Kosmetik
Mohon untuk bisa ditambahkan menu administrasi Audit Trail,Mayor
"Notif error pada saat salah username dan password tidak selaras. yang satu pakai bahasa inggris, lainnya pakai bahasa indonesia",Kosmetik
Tidak dapat melakukan login,Fatal
Kolom 4 dan 8 kode 7100 terdapat validasi ke form 0000 namun hanya muncul pesan kolom 8 ketika dibuat tidak sesuai,Mayor
Periode awal dan Periode Akhir pada pdf tidak sesuai dengan inputan,Kosmetik
Judul diagram tidak sesuai,Kosmetik
Judul diagram tidak sesuai,Kosmetik
"saat memasuki tahap 2 dan kembali ke tahap 1, file hasil upload pada tahap 1 hilang.",Mayor
nomor telepon pelapor tidak ada batasan jumlah angka dan format restriction (menggunakan +62 atau 08-) guna menghindari input yang invalid<br><br>nomor telepon dapat diisi dengan alfabet<br>,Mayor
"nomor identitas tidak ada batasan jumlah angka (16 angka untuk ktp, 8 angka untuk paspor, dll)<br><br>nomor identitas dapat diisi dengan alfabet",Minor
provinsi dan kota belum lengkap,Mayor
"saat klik tombol lanjut, stuck di page tahap 1, tombol lanjut tidak bisa diklik lagi<br>",Fatal
field nomor telepon dapat diisi dengan jumlah angka tak terbatas,Mayor
beberapa kolom tabel belum muncul/belum sesuai ,Mayor
"Ketika melakukan tambah data pengembalian dana, ketika melakukan upload dengan size file diatas ketentuan :<br><br>&nbsp;1. tampilan gagal berhasil tampil tetapi tidak ada note apa yang menyebabkan gagal (tidak seperti ketika tidak input nomor laporan lalu simpan)
<br><br>2. button simpan masih terus melakukan proses, tidak berhenti setelah pop up gagal tampil dan sudah klik OK di pop up gagal<br><br>3. input nomor laporan lebih dari 12 angka juga sama, tidak ada note error nya, hanya pop up gagal<br><br><br>-FF",Mayor
field Indemnity Letter terdapat typo,Kosmetik
Nomor rekening dapat diisi dengan alfabet,Mayor
"Ketika melakukan filter Bukti Pengembalian Dana, data yang tampil belum sesuai",Mayor
"a. untuk detail transaksi tambahan, tidak ada titik pemisah pada nominal
b. tanggal transaksi dapat diisi setelah hari ini",Mayor
a. file yang di upload pada tahap 3 kembali kosong<br><br>b. character count pada kronologi kejadian penipuan kembali 0/4000 meskipun ada isinya,Mayor
Error message: internal error instead of  â€œMohon centang checkbox kesediaan melaporâ€,Minor
file yang diupload pada tahap 4 kembali kosong,Mayor
hasil export excel dan pdf. melebihi data yang tampil pada web,Minor
Tidak ada kolom untuk mengisi captcha. mengakibatkan tidak dapat proses ke summary,Fatal
dapat mengisi tanggal lahir dengan tanggal setelah hari ini,Mayor
dapat mengisi tanggal setelah tanggal hari ini,Mayor
"terdapat pada  detail data pelaku scam, kolom data masih belum sesuai",Mayor
"pada profile pengguna admin IASC terdapat pilihan mengubah password, sementara pada template, jika role admin IASC dan internal OJK, maka tidak terdapat opsi mengubah password",Mayor
"setelah mengubah nama, nama pada sidebar belum berubah, harus menunggu relog untuk nama dapat berubah",Minor
posisi detail profil tidak konsisten,Kosmetik
hasil export excel dan pdf. melebihi data yang tampil pada web,Minor
Tidak bisa melakukan simpan tambah data baru,Fatal
Periode awal dan Periode Akhir pada pdf tidak sesuai dengan inputan,Kosmetik
"pada menu export data, tanpa filter&nbsp; data yang tampil masih belum sesuai",Mayor
"Belum ada button upload excel pada kertas kerja seperti yg disebutkan pada T.1.1 ""kertas kerja analisis terdapat Tipe: Antarmuka, Excel""

(Reza)",Mayor
"Belum ada validasi error.
<br><br>Ketika user input data baru dengan urutan yang sama data masih tersimpan dengan kondisi urutan yang redundan",Mayor
"Hasil dari PIE Chart, tidak sesuai dengan data dari tabel",Mayor
Penamaan field tidak sesuai mockup,Kosmetik
"Tester telah melakukan input data pada Pemeriksaan langsung, namun data belum muncul pada data tindak lanjut hasil pemeriksaan",Mayor
"Ubah Data<br>Pada detil data, Jangka waktu sudah diisi namun ketika klik Generate menampilkan pop up ""Jangka Waktu Belum diisi""",Minor
"Ubah Data<br>Pada Tambah Data Tim Pemeriksa field Selaku terdapat pilihan yang typo ""Penyelia""",Kosmetik
"Ubah Data<br>Pada saat tambah Data ""Dokumen Pendukung Lainnya"" di Pengirim, Penerima, dan Attachment terotomatis terisi data yang sebelumnya (data pertama yang dibuat) di Dokumen Pendukung Lainnya&nbsp;",Mayor
Ubah Data <br>PIE Chart tidak sesuai dengan data tabel,Mayor
Periode awal dan Periode Akhir pada pdf tidak sesuai dengan inputan,Minor
"dapat upload file selain png, jpg, pdf",Mayor
"1. Nomor Identifikasi Agen (CK)<br><br>2. Pesan untuk kolom 6, 8, 27 hanya dapat diisi karakter masih menampilkan karakter | yang seharusnya tidak bisa, dan belum ditampilkan * pada pesan kesalahannya<br><br>3. belum ada validasi pada kolom 4 Jika kolom Jenis Agen adalah perseorangan maka kolom Nomor Identitas hanya dapat diisi dengan NIK (16 digit);Jika kolom Jenis Agen adalah badan usaha maka kolom Nomor Identitas hanya dapat diisi dengan NPWP (15 digit)<br><br>4. belum ada validasi ke kolom terkait untuk kolom 5 harus berformat Kode Bank (3 digit untuk bank umum dan 6 digit untuk BPR) - Kode Kota/Kabupaten&nbsp; (4 digit) - Kode Agen Perorangan atau Badan Usaha (1 digit) - Nomor Agen",Mayor
"1. Nama referensi untuk kolom 2 masih salah<br><br>2. Belum ada validasi karakter yang salah dan nilai negatif, serta pengecekan ke referensi kabupaten/kota<br><br>3. Sandi kota yang salah masih lolos validasi<br><br>4. Belum ada validasi sandi kota harus terdaftar di form 010<br><br>5. Seharusnya dapat disampaikan hanya header",Mayor
saat melakukan Filter data - Nama Penyelenggara Sumber data hasil filter tidak sesuai ,Mayor
Tidak bisa filter data (SS1),Mayor
"1. Penamaan judul form belum sesuai dengan menu
<br><br>2. Notif error belum sesuai",Minor
"periode masih bisa di set untuk tanggal awal lebih besar dari tanggal akhir.<br><br>ketika sudah memilih tanggal sesuai ketentuan (tanggal awal dan akhirnya normal) lalu di ubah tanggal awal nya menjadi lebih dari tanggal akhir (tidak sesuai ketentuan), tanggalnya berhasil terpilih dan berhasil terfilter, walau tidak ada hasil yang tampil<br>",Mayor
nomor telefon dapat diisi dengan alfabet,Mayor
Tidak ada kotak inputan untuk upload file,Mayor
Tidak bisa melakukan simpan tambah data baru,Fatal
Di menu Pemeriksaan langsung pada detail untuk pengisian Nomor LHP tidak menjadi mandatory (data wajib isi) namun di Menu Tindak Lanjut Hasil Pemeriksaan Langsung saat ingin menambahkan data Nomor LHP adalah Mandatory (wajib isi),Minor
ketika klik Reset Filter kolom tanggal tidak berubah ,Minor
1. Tidak ada batasan karakter pada input nomor telpon<br><br>2. nomor telpon bisa diisi alphabet,Mayor
"Email kredensial belum terkirim.

Input tambah data pengguna eksternal, tetapi belum mendapatkan email kredensial",Mayor
"saat melakukan export data, dengan menggunakan filter, hasil tampil data  masih belum sesuai",Minor
"Tidak bisa filter data (SS1)

SS terlampir",Mayor
Belum bisa input sanksi dan nomor surat belum tersedia,Mayor
Nilai di field lain tidak terhapus saat ubah nilai di field jenis periode,Minor
Header blm sesuai sumber data<br><br>tolong adjust ke export pdf dan excel,Kosmetik
"Email Pengawas Mpks.Tester05 tidak muncul, yang mana pada skenario sebelumnya&nbsp;muncul ",Mayor
belum bisa melakukan export excel,Mayor
belum bisa melakukan export excel,Mayor
Judul belum sama dengan nama menu,Kosmetik
"ketika melakukan upload excel, judul kolom tabel pada excel belum sesuai seperti judul kolom pada tampilan tabel di web",Minor
"Saat mengganti jenis periode dari Daily ke Custom Date atau Monthly, tabel masih menampilkan data dari periode Daily sebelumnya",Mayor
1. seharusnya dapat disampaikan hanya header<br><br>2. Nama referensi untuk kolom 2 masih salah<br>,Mayor
"pada hasil filter, terdapat null<br><br>NIK:&nbsp;3174054101660021",Minor
Tidak bisa edit data pengirim dan data penerima jika filter berisi eksternal,Mayor
Header blm sesuai sumber data<br><br>tolong adjust ke export pdf dan excel,Kosmetik
tidak bisa melakukan export excel ,Mayor
"pada page dokumen, tidak ada dokumen yang dapat dilihat/didownload, padahal sudah ditambahkan satu pada peran administrator",Mayor
"Pada format excel kekurangan kolom ""telpon"" sedangkan pada webnya ada kolom tersebut. ketika import excel mengakibatkan kolom tersebut kosong",Mayor
Tampilan isi belum center pada penamaan kolomnya (SS1)<br><br>SS terlampir,Kosmetik
"Ubah data di Tindak Lanjut Hasil Pemeriksaaan Langsung SIPPDP &gt; Dana Pensiun Konvensional, belum ada tarikan data (Temuan dan Rekomendasi) dari menu Pemeriksaan Langsung SIPPDP &gt; Dana Pensiun Konvensional&nbsp;",Mayor
Nilai pada field selaku tidak tampil ketika sudah memilih nama pengirim,Minor
"Ketika menu master di klik dengan tampilan layar zoom 100%, sub menu terlalu panjang dan tampilannya terpotong, tetapi ketika di zoom out ke 75% opsi dari sub menu masternya baru terlihat semua",Kosmetik
pada judul Gainers vs Loser tidak ada spasi,Kosmetik
"pada bagian bawah, di web tidak ada ""news gainersloser"", namun pada mockup ada",Minor
tidak ada kode emiten yang bisa diklik,Minor
Pesan log belum sesuai,Mayor
pada hasil filter semuanya. tidak ada tombol export pdf dan excel,Mayor
Pie Chart untuk data Total Rekomendasi Belum Selesai ada 2 seharusnya 1,Minor
Penamaan Pie Chart dengan data tabel agar bisa disamakan,Kosmetik
halaman activity report belum bisa export pdf,Mayor
1. form upload dokumen belum ada note validasi error file apa saja yang didukung dan jumlah maksimal ukuran file<br><br>2. Tidak ada tanda mandatory (*) pada field unggah dokumen,Mayor
"pada t.1.1 nama menu <b>activities </b>report, tetapi pada web <b>activity</b> report",Kosmetik
Content blm sesuai dengan template,Kosmetik
pada filter activity report terdapat tampilan yang belum sesuai,Mayor
Belum sesuai (SS1)<br><br>SS terlampir,Kosmetik
Terdapat kesalahan pada hovernya (SS1)<br><br>SS terlampir,Kosmetik
Penamaan file hasil download tidak sesuai dengan nama dokumen yang diinput pada web,Minor
"Kirim data Pelaporan Rutin yang harusnya Sukses tetapi hasilnya gagal, dengan log pesan (ss)",Mayor
"ketika melakukan persetujuan, kolom keterangan tidak muncul di detail  drafter dan approval ",Mayor
"ketika melakukan export excel, dokumen yang tampil belum sesuai t.1.1",Mayor
"<span style=""font-size: 11.36px;"">halaman output report belum bisa export pdf</span>",Mayor
pada filter output report terdapat tampilan yang belum sesuai,Mayor
terdapat dua captcha dan dua checkbox yang sama.,Minor
Field End Date bisa diisi sebelum Start Date,Kosmetik
"1. Nama referensi kolom 2 terdapat typo pada kata Pelanggaran<br><br>2. Pesan untuk kolom 5, 7, 8 hanya dapat diisi karakter masih menampilkan karakter | yang seharusnya tidak bisa, dan belum ditampilkan * pada pesan kesalahannya<br><br>3. Kolom&nbsp;Nomor Identifikasi Agen merupakan PK pada strukdat, seharusnya tidak boleh berulang",Mayor
"Ketika sudah mengisi satu pelaporan, ketika hendak mengisi laporan baru, file yang diupload di laporan sebelumnya masih tersimpan",Mayor
Content blm sesuai dengan template,Kosmetik
"Gainers. pada hasil excel dan pdf di kolom Turnover, belum sesuai hasilnya",Minor
"Gainers. pada excel dan pdf&nbsp; di kolom change% masih kurang kata ""price""<br><br>",Kosmetik
ketika melakukan export excel hasil tidak sesuai dengan skenario ,Mayor
tampilan tabel pada web belum sesuai t.1.1,Mayor
"Losers.&nbsp;pada hasil excel dan pdf di kolom Turnover, belum sesuai hasilnya",Mayor
tampilan tabel pada web belum sesuai t.1.1,Mayor
"Losers. pada excel dan pdf  di kolom change% masih kurang kata ""price""",Kosmetik
"ketika load data hasil input filter terdapat tulisan ""Loading Gainers vs Losers""",Minor
"pada menu tambah data, kolom lokasi tidak muncul ",Mayor
"pada bagian bawah, di web tidak ada ""news leaderslaggards"", namun pada mockup ada",Minor
"1. kolom III nomor identifikasi Agen (CK) seharusnya Primary key dan harus berbeda akan tetapi masih lolos validasi apabila memasukkan value yang sama<br><br>2. Tidak ada keterangan bisa hanya header di strukdat, namun lolos saat hanya header",Mayor
"Leaders. pada hasil excel dan pdf di kolom Turnover, belum sesuai hasilnya",Mayor
"Leaders. pada excel dan pdf di kolom change% masih kurang kata ""price""",Kosmetik
"Laggards. pada hasil excel dan pdf di kolom Turnover, belum sesuai hasilnya",Mayor
"Laggard.&nbsp;pada excel dan pdf di kolom change% masih kurang kata ""price""",Kosmetik
"saat melakukan ubah data, data yang dapat diubah&nbsp; tidak sesuai t.1.1",Mayor
"1. Kolom Nomor Identifikasi Agen merupakan PK pada strukdat, seharusnya tidak boleh berulang<br><br>2. Pesan untuk kolom 5, 7, 8 hanya dapat diisi karakter masih menampilkan karakter | yang seharusnya tidak bisa, dan belum ditampilkan * pada pesan kesalahannya<br><br>3. Nama Referensi Kolom 4 belum sesuai strukdat",Mayor
"Ketika sudah logout, lalu mengklik tombol back, web kembali ke halaman beranda.",Mayor
Login gagal belum tercatat dalam menu log aktivitas,Mayor
ketika sudah filter tanggal log. masih belum tampil hasilnya sesuai dengan filter yang diinput,Mayor
email pengajuan lupa password tidak masuk,Mayor
tidak ada kode emiten yang bisa diklik,Minor
"1. Kolom Nomor Identifikasi Agen merupakan PK pada strukdat, seharusnya tidak boleh berulang<br><br>2. Pesan untuk kolom 5, 9, 10 hanya dapat diisi karakter masih menampilkan karakter | yang seharusnya tidak bisa, dan belum ditampilkan * pada pesan kesalahannya",Mayor
"1. Panjang maksimal beberapa kolom belum sesuai strukdat (kolom 8, 9, 10, 18, 19, 20. Cek semua kolom)<br><br>2. Kolom 5 kosong belum muncul pesan wajib diisi<br><br>3. Pesan kesalahan rumus total belum sesuai",Mayor
Berhasil menyimpan form dengan input tahun negatif,Mayor
"pada menu ubah data, Nama PUJK  dapat menginput lebih dari satu ",Mayor
"tulisan pada ""hasil berdasarkan data tanggal"" masih belum ada spasi diantara tanggal",Kosmetik
"pada table ihsg, market cap, net buy value, net buy volume, pada isi kolom, angkanya keluar dari kolom",Minor
"Ketika dijalankan step nya, muncul popup error(SS1)<br><br>SS terlampir",Mayor
Pada sistem Belum ada notifikasi/warning saat tester memasukan / membuat data dengan 2 Nomor LHL yang sama,Mayor
pada&nbsp;Value/Volume/Market Cap tidak ada tombol export excel,Minor
pada kolom kegiatan. ada tulisan yang terpotong,Kosmetik
"ketika sudah download pdf dan excel leader dan laggard, belum ada aktivitas yang terekam di log aktivitas",Mayor
"ketika masuk ke form perencanaan, field kota dan provinsi belum memuat daftar pilihan kota dan provinsi",Fatal
"ketika sudah download excel dan pdf pada investor code, security code, cp investor code. belum ada yang terekam di aktivitas log",Mayor
gagal melakukan field nama pujk dan tema.,Mayor
Pada aplikasi Belum ada file dokumen download dengan tipe ZIP sesuai dengan T.1.1,Mayor
ketika sudah memilih provinsi. filter selanjutnya (kota) tidak langsung di limit berdasarkan pemilihan provinsi,Mayor
Penamaan hovernya pada icon mata belum sesuai (SS1)<br><br>SS terlampir,Kosmetik
export pdf. pada judul kolom<br>-investor last transaction<br>-investor transsaction frequency<br>-investor total value<br>belum lengkap seperti di web,Minor
Dashboard belum memuat data/informasi yang diperlukan,Mayor
"ketika sudah download excel dan pdf detail basis investor. pada kolom menu, tidak tertulis ""detail basis investor""",Minor
Dashboard belum memuat data/informasi yang diperlukan,Mayor
Daftar Informasi Umum Pemeriksaan Khusus -&nbsp; dokumen yang tampil belum sesuai,Mayor
"ketika klik detail pada tabel kolom detail, tidak menuju ke Summary Transaction SID",Mayor
"fitur upload, belum berfungsi untuk upload dokumen, namun jadi mendownload dokumen",Mayor
"saat melakukan export temuan , data yang tampil&nbsp; tidak menghasilkan data  ",Mayor
"1. Typo pada nama kolom 6 pada strukdat ""Setoran""<br><br>2. Tidak ada keterangan bisa hanya header di strukdat, namun lolos saat hanya header",Mayor
"1. kolom III nomor identifikasi Agen (CK) seharusnya Primary key dan harus berbeda akan tetapi masih lolos validasi apabila memasukkan value yang sama
<br><br>2. Tidak ada keterangan bisa hanya header di strukdat, namun lolos saat hanya header<br><br>3. Pesan untuk kolom 8 hanya dapat diisi karakter masih menampilkan karakter | yang seharusnya tidak bisa, dan belum ditampilkan * pada pesan kesalahannya<br><br>4. Kolom 7 alasan terdapat sandi pada referensi yang 2 digit, sementara panjang maksimal hanya 1",Mayor
"Tidak ada dropdown popup untuk pilih penggunaan data pada menu pola 1, pola 8, pola 9",Minor
"ketika mengisi nominal transaksi pada informasi transaksi tambahan dengan special characters mengakibatkan error, namun penyebab error tidak diperinci pada saat pop up muncul",Mayor
"Setelah menyesuaikan dengan isian pada Form 010 seharusnya Lolos, tetapi muncul Log eror dan berbeda dengan redaksi eror seharusnya ""Diisi dengan format Kode Bank (3 digit untuk BUS dan 6 digit untuk BPRS) - Kode Kota/Kabupaten&nbsp; (4 digit) - Kode Agen Perorangan atau Badan Usaha (1 digit) - Nomor Agen.""",Mayor
"pada menu perencanaan , informasi pelaksaan belum sesuai dengan T.1.1",Mayor
Tidak ada tabel market dan non market,Mayor
Tidak ada kotak dropdown cancelation status,Minor
Pada Client terbaru saat pengetesan log eror Kolom 5 tidak muncul,Mayor
1. Pada kolom 25 saat pengetesan Karakter tidak muncul log eror<br><br>2. Kolom 5 &amp; 20 berhasil lolos validasi padahal tidak sesuai dengan referensi,Mayor
"1.&nbsp;Kurang kolom diubah tanggal, dibuat oleh, dibuat tanggal dan diubah oleh.<br>2. Tidak ada validasi error data redundan ketika tambah data master",Mayor
audit trail belum menyimpan report login ,Mayor
Validasi eror Referensi tidak muncul untuk kolom 6 dan 21 ,Mayor
ketika sudah memilih negara indonesia. pada filter selanjutnya (provinsi) masih ada pilihan foreign dan luar negeri,Kosmetik
ketika memilih negara selain indonesia. provinsi indonesia masih bisa dipilih,Minor
"ketika melakukan validasi, pada form perencanaan, kolom lokasi belum ada tanda mandatory sementara ketika tidak di isi lalu klik simpan, tidak dapat melakukan simpan",Mayor
"Saat mengisi captcha dengan hasil yang salah, gambar captcha tidak ter-reset, mengakibatkan tidak dapat submit ketika mengisikan hasil penjumlahan yang benar",Fatal
"Notif Counting belum berjalan. 
Notifikasi yang awalanya ada 3 buah, Ketika klik salah satu, tidak ada pengurangan jumlah notif.",Minor
"1. Belum ada freeze akun sementara ketika user masukkan salah password/username sebanyak 10 kali percobaan (brute force). Pada T.1.1 maksimal 3 kali percobaan. <b>Cek SS 1.1</b><br><br>2. Aktivitas Log out belum tercatat sistem<br><br>3.&nbsp;belum ada suggestion/note/ validasi penggunaan sandi berkualitas<br><br>4. mpsi Log On : poin c,d,e belum ada <b>(ss4)&nbsp;</b><br><br>5. Perngkat dan IP pengguna belum tercatat sistem",Mayor
"Deskriptif pada Strukdat penjelasannya jika Kolom Jenis Penolakan diisi denga sandi selain 1, 7, 8 atau 01, 07, 08 ya? Karena pada kolom Jenis Penolakan panjang Karakternya 2",Mayor
Daftar provinsi tidak lengkap 38 provinsi,Mayor
"ketika sudah isi filter pada semua kolom filter, dan klik tampilkan. tidak ada datanya",Minor
"Saat mengisi nominal transaksi dengan jumlah yang sangat besar, muncul pesan error yang tidak informatif",Minor
"Saat menambah data, nama penyelenggara dari pengisian sebelumnya masih tersimpan secara visual (gambar 1), namun ketika hendak disubmit, muncul peringatan error (gambar 2)<br><br>",Mayor
"sudah memilih filter yang disediakan, namun tidak muncul data",Minor
footnote belum terupdate pada semua menu,Kosmetik
"angka chart belum sama pada aplikasi dan hasil download PNG, JPEG, PDF",Minor
"ketika melakukan validasi, pada form monitoring, kolom dasar hukum belum ada tanda mandatory sementara ketika tidak di isi lalu klik simpan, tidak dapat melakukan simpan",Mayor
"pesan ketika hanya header seharusnya tidak menyebut kata single krn komponen dinamis. Seharusnya ""Jumlah baris D01 paling sedikit harus 1 baris""",Mayor
Role untuk Pengawas internal (pengawas perbankan) belum ada kanal-kanal sesuai ruang lingkup Apolo LB BUS UUS,Mayor
"1. Kurang kolom diubah tanggal, dibuat oleh, dibuat tanggal dan diubah oleh.<br><br>2. Icon aksi Tidak center.",Minor
Nama akun pada aplikasi belum sesuai dengan contoh lampiran,Minor
Penamaan tabel Sama,Minor
data belum tampil pada tabel,Minor
Kode komponen blm sesuai dengan strukdat,Mayor
data validasi dengan status monitoringnya dilimpahkan kepada sanksi belum muncul di menu pelimpahan sanksi user admin,Mayor
"Pada status perbaikan ""Disetujui"" belum terdapat button pada ""Aksi"" nya (SS1)<br><br>SS terlampir",Mayor
Hasil Tarikan Export Excel isi data dan perusahaan belum sesuai dengan Perusahan yang dilakukan test,Mayor
Tanggal pada grafik belum urut ,Minor
Belum ada Export PDF pada laporan detail data sesuai dengan dokumen T43 (skenario),Minor
penamaan kolom belum ada spasi,Kosmetik
Seharusnya muncul validasi pesan error,Mayor
"Untuk Kolom tabel tertulis persentase, namun saat tester input  angka hasilnya bukan persentase hanya angka biasa",Mayor
Penulisan Persentasi bisa di ganti dengan Persentase sesuai dengan KBBI atau bisa dengan simbol persen %,Kosmetik
Seharusnya muncul validasi pesan error,Mayor
"Penulisan singkatan pada kolom tabel agar bisa dibuat lebih jelas, untuk AP disini mungkin maksudnya Aset Liabilitas dan PB adalah Pendapatan Beban",Minor
Nama dropdown di interface awal login blm sesuai dengan naming laporan di strukdat,Mayor
"Data didalam tabel seharusnya dalam bentuk nominal uang, namun penulisannya masih dalam bentuk angka biasa.",Minor
laporan yang dikirimkan dengan email yang diterima berbeda,Mayor
penulisan konfrehensif seharusnya komprehensif,Kosmetik
Kode komponen blm di adjust ke installer,Mayor
Data pada setiap tabel apakah bisa di akomodir dengan memberikan penomoran.,Minor
Mohon untuk ditambahkan spasi,Kosmetik
1.Tabel melewati batas tampilan saat zoom 100%<br><br>2. Tidak ada dropdown popup penggunaan data,Minor
1. Baris 2&gt;Panjang maksimal kode komponen harusnya 6 atau 12?<br><br>2. Baris 3&gt;Panjang minimal kode komponen harusnya 6 atau 12?,Minor
belum ada kata form pada dropdown tabel pelaporan,Mayor
"pada preview masih menggunakan kata ""tabel"" harusnya ""form"" (tolong diperbaiki untuk semua form dan sektor)",Mayor
pada LJK apolo.sit011@gmail.com tidak menerima email,Mayor
"Ketika klik aksi show data lalu lihat dokumen yang tersimpan, nama dokumen belum sesuai dengan judul dokumen",Minor
Warna teks judul tidak sesuai mockup ,Kosmetik
"Tidak bisa melakukan tambah data, karena dropdown laporan tidak muncul nomor laporan",Mayor
"Ketika pilih radio button â€œYa, sudah benar dan sesuaiâ€ dan pilih salah satu opsi pada dropdown ""Kategori Penipuan""
Kemudian klik tombol Simpan (SS1), muncul alert Error dan tidak bisa lanjut ke step berikutnya(SS2)<br><br>SS terlampir",Fatal
hasil log gagal double,Minor
"ketika generate absensi untuk tahun 2027, tampil double untuk Q4",Mayor
"pada skenario ""Upload Pelaporan Sebelum Periode Rutin (belum lapor rutin)"" monitoring log gagal tidak sesuai (hasil validasi server tidak tersedia)",Minor
ketika sudah export pdf. masih ada data yang belum sesuai di Pstart dan Pend,Mayor
tampilan masih belum sesuai antara template dan preview,Minor
"tidak ada karakter ""/"" pada preview",Kosmetik
Belum terdapat menu tersebut pada akun internal,Mayor
"Pada akun internal sit1.slik@devojk.go.id  dalam aplikasi Slik tidak ada hak akses pengelolaan sistem, sedangkan pada akun internal yang lain ada hak akses pengelolaan sistem",Mayor
"Form 02 A BUK dan BPRK pada kolom :
1. Total Pengajuan Pembiayaan Mikro oleh Nasabah BSA kurang spasi

2. Kolom 17 & 19 nama kolom berbeda dengan Template",Mayor
hasil download png tidak muncul angka,Minor
perbedaan nama kolom antara template dan preview,Mayor
Tampilan kolom&nbsp;Nomor Identitas (PK) &amp;&nbsp; Nomor Identifikasi Agen (CK) berbeda dengan Template pada semua Form yg terdapat kolom tsb,Kosmetik
"saat refresh halaman pada halaman selain home, halaman selalu berpindah ke halaman home.",Minor
pop-up yang muncul pada saat Buat Baru tidak muncul pada tengah layar,Kosmetik
upload koreksi sebelum periode koreksi. versi upload nya dimulai dari 0,Minor
masih terdapat perbedaan antara preview dan template,Minor
"fitur ""delete"" belum berfungsi",Mayor
"1. nama kolom masih belum sesuai antara template dan strukdat (ss)<br><br>2. tidak ada karakter ""/"" pada preview",Minor
masih terdapat menu permintaan penyesuaian.&nbsp;<br><br>jika tidak perlu nomor surat sebaiknya tidak ditampikan menu tersebut.<br><br>cek semua kanal di BUS dan UUS,Mayor
suggestions untuk Satker / WIlayah Kerja Pengawasan dan Kode Pelapor Hasil tidak muncul,Mayor
"Saat menambah data, sumber informasi/media informasi penipuan dari pengisian sebelumnya masih tersimpan secara visual (gambar 1), namun ketika hendak disubmit, muncul peringatan error (gambar 2)
",Mayor
"Ketika edit data pengguna internal, muncul pop up error ""maaf gagal tambah data"" tetapi sistem tettap memproses, dan ketika direfresh page data yang diinputkan berhasil tersimpan",Mayor
"saat klik Simpan, stuck pada halaman loading",Fatal
Untuk Format angka yang di dalam tabel jika dalam bentuk uang agar bisa disesuaikan,Minor
"Sama seperi temuan nomor 18, mohon untuk format angkanya disesuaikan jika itu adalah uang",Minor
"Saat mengisi tahap 3, klik button kembali, saat lanjut lagi dari tahap 2 ke tahap 3, progress pada tahap 3 tidak tersave.
Sama halnya dengan tahap 4 ke 3<br><br>(tahap 3 gambar 1-3, tahap 4 gambar 4-6)<br>",Minor
"Dalam pengisian informasi penyelenggara terlapor, default number of informasi transaksi mengikuti jumlah informasi transaksi yang diisikan sebelumnya.
<br><br>&nbsp;Jika informasi transaksi sebelumnya terdiri dari 3 transaksi (gambar 1), maka ketika menambahkan informasi transaksi selanjutnya by default akan tergenerate 3 fillable form of informasi transaksi (gambar 2).
<br><br>&nbsp;Waktu transaksi juga mengikuti waktu yang diisikan sesuai informasi transaksi sebelumnya. (gambar 3)<br><br>",Minor
Form 04A &amp; 04B Isian pada kolom Jenis Penolakan hanya muncul 0 seharusnya 01,Mayor
"Form 060 sepertinya ada typo ""Pelanggaraan"" pada web, strukdat dan template",Kosmetik
"Nama kolom dan sandi referensi yang bener pake ""tingkat""?<br><br>krn nama kolom dan nama referensi blm sesuai",Kosmetik
Field belum center dengan menu nya (SS1)<br><br>SS terlampir,Kosmetik
"Email berhasil masuk ketika proses berhasil, namun kosong (SS1)<br><br>SS terlampir",Minor
"1. Data diatas adalah acuan buat filter data kebawah, tetapi data yg dibawah ga tertulis data yang diatas yang di filter, seperti contoh status laporan (SS1)<br><br>2. Ketika kita klik ikon view, setelah masuk browsernya langsung berganti tidak masuk tab browser baru, tetapi tidak ada menu kembali nya jadi harus klik lewat tombol undo yg di atas, kembali ke tampilan yg sebelumnya (SS2)<br><br>SS terlampir<br>",Mayor
"Negative case pada fitur import data excel.<br><br>belum ada validasi data hasil import excel. Case:<br><br>&nbsp;1. Pada inputan kolom <b>Nomor Telpon</b>, diisi lebih dari 12 karakter dan karakter non numerik. <b>Data berhasil import</b><br><br>2.kolom <b>email, </b>diisi tanpa <b>""@""</b>.&nbsp;<b>Data berhasil import<br></b><br>3. <b>Kolom Role</b>, pada excel diisi&nbsp;<b>123@#$%^</b> , sedangkan pada web rolenya terisi <b>""admin""</b><br><br>4.<b> Kolom PUJK , </b>di excel diisi <b>""BSI""</b> tetapi pada web tampil tanda strip saja&nbsp;&nbsp;<b>""-"" </b>.",Mayor
Status Proses Gagal namun data masih muncul,Mayor
data dropdown Jenis LJK belum ada,Mayor
"Label pada web tidak terdapat ""()""",Kosmetik
"Label pada web tidak terdapat ""()""",Kosmetik
"Berhubung yang dikosongkan hanya footer, seharusnya pesan error yang muncul hanya footer saja",Kosmetik
Untuk disamakan data didalam kolom Delta % seperti data kolom lainnya (rata kanan),Kosmetik
"Sektor Bus dan BPRS data tidak muncul pada ""Jenis Akad"", ""Nominal""&nbsp;",Mayor
"Ketika klik button ""Simpan"", muncul popup error (SS1)<br>SS terlampir",Fatal
"pada kolom ""jumlah tidak dikirim"" belum muncul pada kolom ""tidak dikirim""",Mayor
"ada koma pada ""kas deposito""",Kosmetik
"pada pdf top leader, di kolom net value, datanya belum sesuai tampilan web",Kosmetik
notifikasi penolakan simbolnya belum sesuai ,Mayor
isi data kolom tabel tidak sama dengan data tabel hasil dari export excel general,Mayor
Ketika tambah data muncul popup error (SS1)<br>SS terlampir,Mayor
"ketika mengubah tindak lanjut dengan keterangan lewat waktu, lalu pilih action tindak lanjut, keterangan status temuan berubah menjadi Tepat waktu",Mayor
image/gambar gagal load pada halaman submenu tersebut,Minor
"ketika klik Buka, tampil",Fatal
"Berhubung yang dikosongkan hanya footer, seharusnya pesan error yang muncul hanya footer saja",Kosmetik
pada menu edit data tahun tidak berubah ,Mayor
Terjadi data error saat tester akan menampilkan data ,Mayor
tester melakukan edit data (menambahkan kesimpulan pada analisis kesimpulan) namun hasilnya tidak muncul pada export excel general (tidak terupdate),Mayor
"Pada notifikasi user, Tanggal deadline notifikasi belum sesuai dengan tanggal deadline yang diinput pada form tindak lanjut",Mayor
pada filter buy/sell dan summarize/netting. tidak bisa dipilih salah satu datanya dan tidak bisa tampil saat memilih salah satu data,Mayor
"pada filter monthly, januari dan februari 2019. tidak ada investor code, security code dan cp investor code",Minor
"1. Kolom 7 seharusnya ""Nominal Setoran Awal"" <br>2. Kolom 20-22 Nama kolomnya berbeda dengan yg di strukdat",Mayor
Penulisan pilihan agama Budha seharusnya dituliskan Buddha,Kosmetik
Hasil Download aplikasi Client tidak sesuai dan muncul eror -Y,Mayor
angka pada rata rata MKBD garis grafik belum sesuai dengan tabel grafik. mohon untuk disesuaikan antara grafik dan data. mohon di cek untuk seluruh grafik&nbsp;,Mayor
"Data tidak ter export semua ke excel, jika di tabel web hanya menampilkan sebagian data",Mayor
"Form 04B Kolom 4 hasil redaksi berbeda dengan yang di strukdat, mohon bantuannya.",Minor
1. Input panjang maksumum &gt;4000 blm muncul pesan error yang sesuai<br>,Mayor
"Ketika melakukan tambah data pada menu input sanksi, data tidak tampil dan email belum muncul",Mayor
Total keseluruhan belum sesuai dengan data yang ada,Mayor
"1. Saat pertama login seharusnya tidak bisa batal ganti password&nbsp; <br><br>2. Narasi pesan kesalahan saat password lama salah ""Password yang anda masukkan salah"" seharusnya ""Password Lama yang anda masukkan salah""",Mayor
masih bisa mengganti password menggunakan karakter selain yang ditampilkan pada pesan kesalahan ,Mayor
Nama LJK pada hasil download tidak sesuai dengan web,Mayor
kolom informasi in progress dan done masih belum sesuai,Mayor
"Data hasil export excel general dengan data aplikasi belum sama, untuk data posisi dalam industri pada export excel general masih kosong.",Mayor
isi data kolom data before dan after masih berupa json mengakibatkan end user kesusahan mentracking perubahan data,Minor
Data YOY dan Analisa current ratio belum ada pada hasil tarikan data export excel general,Mayor
Harusnya tidak muncul pesan error di baris 6 s.d 12 kolom 8 (krn udh sesuai strukdat),Minor
setelah melakukan input tanggal tindak lanjut hasil tanggal data tidak lanjut&nbsp; tidak muncul ,Mayor
"TC : melakukan perubahan data pada menu <b>pengaturan pengguna</b>, tetapi data tidak tercatat pada log aktivitas ataupun log aksi",Mayor
berhasil download aplikasi client laporan berkala BUS Laporan Self-Assessment Tingkat Kesehatan Bank (Konsolidasi) pada web tetapi gagal install.,Fatal
Data hasil tarikan export excel general tidak muncul pada kolom transaksi efek,Mayor
symbols pada Peringkat Agunan masih terbaca error,Mayor
"pada kolom 5 (Kode Jenis Kredit atau Pembiayaan) jika diisi angka saja atau huruf saja, belum ada validasi ""ERROR|1100|Error di KODE JENIS KREDIT/PEMBIAYAAN, format data harus huruf dan angka"" seperti saat hanya diisi simbol saja",Minor
symbol pada kolom Keterangan masih terbaca menjadi error,Mayor
"1. Saat pertama login seharusnya tidak bisa batal ganti password&nbsp;<br><br>2. Narasi pesan kesalahan saat password lama salah ""Password yang anda masukkan salah"" seharusnya ""Password Lama yang anda masukkan salah""",Mayor
Pada kolom keterangan masih terbaca error,Mayor
berhasil download aplikasi client laporan berkala BUS Laporan Self-Assessment Tingkat Kesehatan Bank (individu) pada web tetapi gagal install.,Fatal
pada kolom 19 (keterangan) pada saat kolom di isi dengan karakter yang sudah sesuai dengan ketentuan jsutru menyebabkan error pada aplikasi validasi,Mayor
Tidak ada tombol export excel pada pola 8 dan pola 9,Mayor
validasi pada kolom keterangan belum sesuai,Mayor
ketika melakukan pelaksaan halaman gagal memuat/berpindah ke halaman selanjutnya ,Fatal
Based on strukdat seharusnya 4000 karakter,Mayor
nama kolom 19 - 21 belum sesuai struktur data,Mayor
"Ketika sudah melakukan filter data dan menampilkannya,&nbsp; serta export ke Excel, belum ada aktivitas yang terekam di log aktivitas",Mayor
"1. Saat pertama login seharusnya tidak bisa batal ganti password&nbsp;<br><br>2. Narasi pesan kesalahan saat password lama salah ""Password yang anda masukkan salah"" seharusnya ""Password Lama yang anda masukkan salah""",Mayor
Belum ada button reset password pengguna,Mayor
data hasil download tidak muncul/error,Mayor
Hasil download belum sesuai dengan aplikasi,Minor
Pada kolom 25 setelah dilakukan penambahan karakter terjadi error,Mayor
saat melakukan proses persetujuan selanjutnya data yang telah di kirim belum muncul ,Mayor
Penulisan Aktifitas yang seharusnya Aktivitas sesuai dengan KBBI,Kosmetik
"- Ketika sudah melakukan filter data dan menampilkannya, belum ada aktivitas pola 1, 8, 9  yang terekam di log aktivitas<br><br>- export pdf/jpeg pada log 8,9, tidak terekam di log aktivitas&nbsp;",Mayor
Hover pada chart belum menampilkan informasi tambahan.,Minor
"ketika berhasil melakukan filter, chart menjadi tidak muncul",Minor
Perpaduan antara warna  pada error message captcha dengan background tidak sesuai (tenggelam),Kosmetik
"saat edit pengembalian dana, kolom dana yang dikembalikan dapat diisi dengan alfabet, dan error message tidak informatif",Minor
"Saat mengakses profile pengguna, menu pada sidebar yang di-highlight merupakan menu yang diakses sebelum profile pengguna",Minor
"Ketika klik button ""Reset Filter""(SS1) Status laporan tidak sesuai dengan hasil yang diharapkan pada skenario(SS2)<br><br>SS terlampir",Minor
"Sandi ref diadjust sesuai konfirmasi DPEA ""tidak ditemukan pada referensi Peringkat<br><br>adjust ke kode komponen&nbsp;010101 s.d&nbsp;010108",Minor
hasil download pada tabel belum sesuai aplikasi dan contoh lampiran,Mayor
"untuk 04B Kolom 7 referensinya masih lolos, seharusnya angka 33 & 89 tidak termasuk dalam referensi",Mayor
1. hasil download pada tabel belum sesuai aplikasi dan contoh lampiran<br>2. terdapat kolom kosong,Mayor
"Setelah instal aplikasi dan login pertama kali muncul notif ""Mohon Ubah Password"" di close berhasil tertutup dan user tidak Ubah Password, seharusnya&nbsp; disable buttonnya",Mayor
"pada SRE Summary, sudah ditunggu lama. namun belum muncul data tabelnya",Mayor
jika klik page akhir muncul pop up error,Mayor
"pada menu pelaksanaan, ketika mengisi keterangan, opsi berupa bullets points tidak muncul atau tidak tersedia.",Minor
Based on kolom keterangan seharusnya tidak ada kolom kosong,Mayor
Simbol pada peringkat agunan masih terbaca error,Mayor
"pada SRE Summary, table tidak terlihat semua. namun jika di zoom out terlihat. tidak bisa scroll samping",Minor
"Sandi ref diadjust sesuai konfirmasi DPEA ""tidak ditemukan pada referensi xxxxx (adjust sesuai kolom konsolidasi per masing2 kolom peringkat)<br><br>adjust ke kode komponen&nbsp;010201 s.d&nbsp;010212&nbsp;",Minor
"Password Lama yang dimasukan salah tetapi hasil notifikasi hanya info ""Password yang anda masukan salah"" seharusnya ""Password Lama yang anda masukan salah""",Kosmetik
Kolom keterangan terbaca error,Mayor
"1. Saat pertama login seharusnya tidak bisa batal ganti password&nbsp;<br><br>2. Narasi pesan kesalahan saat password lama salah ""Password yang anda masukkan salah"" seharusnya ""Password Lama yang anda masukkan salah""",Mayor
"1. Saat pertama login seharusnya tidak bisa batal ganti password&nbsp;<br><br>2. Narasi pesan kesalahan saat password lama salah ""Password yang anda masukkan salah"" seharusnya ""Password Lama yang anda masukkan salah""",Mayor
"1. Saat pertama login seharusnya tidak bisa batal ganti password&nbsp;<br><br>2. Narasi pesan kesalahan saat password lama salah ""Password yang anda masukkan salah"" seharusnya ""Password Lama yang anda masukkan salah""",Mayor
"1. Saat pertama login seharusnya tidak bisa batal ganti password&nbsp;<br><br>2. Narasi pesan kesalahan saat password lama salah ""Password yang anda masukkan salah"" seharusnya ""Password Lama yang anda masukkan salah""",Mayor
"1. Saat pertama login seharusnya tidak bisa batal ganti password&nbsp;<br><br>2. Narasi pesan kesalahan saat password lama salah ""Password yang anda masukkan salah"" seharusnya ""Password Lama yang anda masukkan salah""",Mayor
"1. Saat pertama login seharusnya tidak bisa batal ganti password&nbsp;<br><br>2. Narasi pesan kesalahan saat password lama salah ""Password yang anda masukkan salah"" seharusnya ""Password Lama yang anda masukkan salah""",Mayor
"1. Saat pertama login seharusnya tidak bisa batal ganti password&nbsp;<br><br>2. Narasi pesan kesalahan saat password lama salah ""Password yang anda masukkan salah"" seharusnya ""Password Lama yang anda masukkan salah""",Mayor
"1. Saat pertama login seharusnya tidak bisa batal ganti password&nbsp;<br><br>2. Narasi pesan kesalahan saat password lama salah ""Password yang anda masukkan salah"" seharusnya ""Password Lama yang anda masukkan salah""",Mayor
"1. error message belum sesuai ketika save value kosong.
<br><br>2. ketika tidak isi field dana yang dikembalikan, muncul pesan value invalid, padahal tidak ada tanda mandatory pada field tersebut.",Mayor
"Ketika sudah input data di sheet 2 pada excel(SS1), kemudian berhasil import data(SS2), namun datanya belum muncul di Monitoring Laporan Penipuan (SS3)<br><br>SS terlampir",Mayor
1. Sandi ref kolom 2 blm sesuai strukdat<br><br>2. Seharusnya muncul pesan error kalo kolom 1 dan kolom 2 untuk panjang maksimum hanya boleh 1<br><br>3. Pesan error kolom 3 redunden&nbsp;,Minor
"1. validasi kolom Penghasilan Kotor Per Tahun jika diisi hanya dengan angka tetapi melebihi maksimum karakter, seharusnya tidak ada log ""PENGHASILAN KOTOR PER TAHUN tidak boleh menggunakan huruf""<br><br>2. jika kolom Penghasilan Kotor Per Tahun diisi hanya dengan simbol, seharusnya keterangan validasinya tertulis simbol dan bukan huruf ""PENGHASILAN KOTOR PER TAHUN tidak boleh menggunakan <b>huruf</b>""<br>",Mayor
Di aplikasi pada tab menu transaksi efek tidak ada grafik seperti pada hasil tarikan data export excel,Mayor
" validasi kolom Penghasilan Kotor Per Tahun jika diisi hanya dengan angka tetapi melebihi maksimum karakter, seharusnya tidak ada log \""<b>PENGHASILAN KOTOR PER TAHUN tidak boleh menggunakan huruf</b>\""&nbsp;<br><br>- Jika kolom Penghasilan Kotor Per Tahun diisi hanya dengan simbol, seharusnya keterangan validasinya tertulis simbol dan bukan huruf \""<b>PENGHASILAN KOTOR PER TAHUN tidak boleh menggunakan huruf</b>\""",Mayor
"1. Kalo kolom 1 footer jadi primary key, harusnya ga ada muncul pesan error ""Karakter ganti baris harus CR LF""<br><br>",Minor
"Saat mencoba sort berdasarkan beberapa kriteria, muncul error yang tidak informatif. Fungsi sorting tidak bekerja",Mayor
Satus progres memakai bhs inggris,Kosmetik
Pada saat kolom 27 di lakukan edit karakter menyebabkan error sehingga validasi error dan data lainnya tidak terbaca,Mayor
keterangan pada validasi kolom 31-34 jika dikosongkan belum jelas/kurang informatif,Minor
"jika kolom 27 diisi menggunakan huruf, muncul pop-up kesalahan",Mayor
"validasi pada kolom 31-34 jika data dikosongkan, keterangan yang ditampilkan kurang informasi",Minor
Pada tabel 10 perusahaan efek dengan Portofolio HC 85%-100% terbesar. Pada salah satu kolom hanya mencantumkan logo % tidak menjelaskan % dari apa.,Kosmetik
Kanal \'Laporan Profil Risiko (Individu) BUK\' dan \'Laporan Profil Risiko (Konsolidasi) BUK\' belum ada di akun pengawas perbankan,Mayor
"Acuan sorting pada log tidak konsisten, apakah kolom nomor seharusnya bersifat statis (tidak berubah) atau melekat pada salah satu diantara key yang lain ",Minor
"Fungsi admin iasc tidak sesuai dengan di mockup. Di mockup disebut bahwa Admin IASC tidak ada menu verifikasi laporan penipuan, sementara di web Admin IASC dapat mengakses verifikasi laporan penipuan",Mayor
"Dalam kolom kode jabatan, data yang diberikan sudah benar dan dilakukan tes saat aplikasi pertama kali dibuka juga benar, namun untuk testing kedua kali dan seterusnya muncul error pada kolom tersebut",Mayor
"Hasil download excel pada ""kategori"" memakai bhs inggris",Kosmetik
Tanggal Status Persetujuan pada window Detail dan Ubah Status IDeb belum tercatat,Mayor
"ketika buka menu ""rekap laporan penipuan"", tetapi bar menu yang menyala adalah ""laporan kendala""",Minor
Belum ada Fungsi Perhitungan SLA,Mayor
"Hasil download excel pada ""kategori"" memakai bhs inggris<br><br>1. Grafik&nbsp;Nilai MKBD PE AB Dengan Rata-rata MKBD Tertinggi 

2. Grafik Nilai MKBD PE AB Dengan Rata-rata MKBD Terendah&nbsp;",Kosmetik
Jika di klik export Excel dan Export PDF muncul seperti gambar 2,Mayor
Saat input karakter selain karakter lolos berhasil tersimpan,Mayor
Hapus Data belum sesuai T.1.1,Minor
Harusnya muncul pesan error terkait karakter apa saja yg diperbolehkan ketika footer dikasih tab&nbsp;,Mayor
ubah data perencanaan&nbsp; belum sesuai dengan T.1.1,Minor
Hapus Data Belum sesuai dengan T.1.1<br><br>,Minor
"1. filter ""kolom"" dan ""rentang waktu"" belum ditambahkan pada web<br><br>2. format export csv belum ada.<br>",Mayor
"pop up hapus data keterangannya belum sesuai (case nya pemeriksaan khusus, tp tertulis tematik)",Minor
tambah data menu monitoring belum sesuai dengan T.1.1,Minor
kolom Nama LJK tidak bisa diexpand/lebarkan,Kosmetik
"Skenario 1 pada rutin, notifikasi email header&nbsp; LJK belum sesuai",Minor
"Skenario 2 koreksi,&nbsp; notif email pada akun apolo sit 1 belum muncul tetapi pada akun pengawas sudah muncul.",Mayor
"ketika di menu ""Cek Status Laporan Penipuan"" as a guest, klik bar menu seperti tentnag iasc, kibijakan privasi dll. url tidak ditemukan",Mayor
kolom Nama LJK tidak bisa diexpand/lebarkan,Kosmetik
"Pada button ""Lihat Detail"", tidak bisa di klik (SS1)

SS terlampir",Minor
Seharusnya muncul pesan error untuk row 23 kolom 1 terkait wajib diisi. krn hanya kolom 2 dan 3 yang harus dikosongkan,Minor
1. untuk sandi referensi kolom 2 pake yg di sheet form 0100 atau sheet ref?<br><br><br>yg benar&nbsp;<b>Peringkat Kualitas Penerapan Manajemen Risiko</b>&nbsp;atau&nbsp;<b>Peringkat Kualitas Manajemen Risiko?&nbsp;</b><br><br>2. Pesan error kolom 3 redunden (SS1)<br><br>3. Seharusnya kolom 1 hanya dapat diisi angka (SS2)&nbsp;,Minor
"Token yang digunakan sudah kadaluarsa dari waktu yang ditentukan, namun masih dapat melakukan pengujian",Mayor
"file yang dikirim hanya pdf, namun pesan kesalahan ketika divalidasi file docx muncul pesan harus txt atau pdf",Minor
"1. Pada nama file dan header panjang maksimal kode LJK adalah 3 namun untuk KPBLN contoh filenya panjang 4<br><br>2. file yang dikirim hanya txt, namun pesan kesalahan ketika divalidasi file docx muncul pesan harus txt atau pdf<br><br>3. Kode Sektor&nbsp;010302 tidak ada di struktur data",Mayor
Kode Laporan tidak sama dengan struktur data,Mayor
"file yang dikirim hanya pdf, namun pesan kesalahan ketika divalidasi file docx muncul pesan harus txt atau pdf",Minor
LJK selain Cabut Izin Usaha tidak bisa diedit jika belum di-approve/tolak,Mayor
"Email PIC tidak ada tanda mandatory tetapi jika tidak diisi, muncul validasi",Minor
"Pada pdf, masih terpotong tampilan datanya. kurang input parameter, output parameter dan keterangan",Minor
"pada hasil download excel dan pdf pada transaction summary, belum benar judulnya/sebagian judul tidak ada",Minor
"pada hasil download excel dan pdf pada SRE Summary, belum benar semua",Minor
"ketika user  guest klik bukti laporan penipuan pada email kemudian diarahkan ke halaman ringkasan laporan penipuan, kemudian klik laporkan penipuan, guest diarahkan ke halaman admin, tetapi url masih sebagai guest dan muncul pesan error.",Mayor
kode sektor dan sandi LJK sudah diadjust tp masih muncul error,Mayor
"Email belum masuk setelah pengiriman file melalui Client, dan belum update pada Monitoring",Fatal
"saat mau log out tidak langsung keluar dan muncul bacaan ""koneksi ke server terputus""",Mayor
"Ketika:<br>- Pilih opsi â€œTidak, informasi transaksi yang disampaikan tidak ditemukanâ€<br>- Isi textbox alasan
<br>- Pilih opsi â€œDitolakâ€(SS1) Kemudian klik button ""Disimpan"", muncul popup error(SS2)<br><br>SS terlampir",Fatal
1. nama referensi blm sesuai<br><br>2. nama kolom blm sesuai<br><br><br>,Minor
"Masih terdapat tombol Generate Manual Form Absensi, sesuai pembahasan pada Kick Off meeting bahwa tombol seharusnya di hide",Mayor
"Ketika:<br>- Pilih opsi â€œTidak, informasi transaksi yang disampaikan tidak ditemukanâ€<br>- Isi textbox alasan
- Pilih opsi â€œMinta Perbaikan Kepada Lembaga Pelaporâ€(SS1)<br>kemudian klik button ""Disimpan"" muncul popup error(SS2)<br><br>SS terlampir",Fatal
"1. Kolom 12, 19 seharusnya bisa spasi<br><br>2. Kolom 8 kosong belum muncul pesan validasi, pada strukdat M<br><br>3. Kolom 18 masih bisa diisi selain 1 dan 2 (tes masih lolos 3-5)<br><br>4. Hanya Header muncul pesan komponen single sedangkan komponen multi semua",Mayor
button Tampilkan Laporan belum berfungsi,Mayor
Pada tampilan warna 100% berbeda-beda warnanya tidak seperti contoh terlampir,Minor
sudah lebih dari 30 menit Email laporan TKSUUSIS tidak masuk,Mayor
belum ada unduh data,Mayor
validasi ini tidak jalan<br><br><br>,Mayor
"Tidak bisa melakukan kirim data, muncul notif error",Fatal
File hanya txt namun muncul pesan harus txt atau pdf,Minor
 Hanya Header muncul pesan komponen single sedangkan komponen multi semua,Mayor
Hanya Header muncul pesan komponen single sedangkan komponen multi semua,Mayor
1. Kolom 3 pada struktur data hanya bisa huruf dan angka namun dapat diisi #0000<br><br>2. Hanya Header muncul pesan komponen single sedangkan komponen multi semua,Mayor
1. Kolom 3 pada struktur data hanya bisa huruf dan angka namun dapat diisi #0000<br><br>2. Hanya Header muncul pesan komponen single sedangkan komponen multi semua,Mayor
1. Kolom 3 pada struktur data hanya bisa huruf dan angka namun dapat diisi #0000<br><br>2. Pesan kesalahan yang muncul di kolom 5 berbeda dengan struktur data<br><br>3. Hanya Header muncul pesan komponen single sedangkan komponen multi semua,Mayor
1. Hanya Header muncul pesan komponen single sedangkan komponen multi semua<br><br>2. Pesan panjang minimum untuk kolom 3 dan 4 belum muncul,Mayor
"<b>1.&nbsp;</b>tidak ada sugestion penggunaan sandi berkualitas ketika input sandi baru.<br><b>gambar&nbsp;1.1 contoh tooltip sandi berkualitas</b><br><br><br><b>2.&nbsp;</b>belum ada fasiilitas pengingat ubah sandi setelah beberapa waktu sandi digunakan.<br><br><b>3.&nbsp;</b>ubah sandi dengan sandi identik dan berurutan&nbsp;<b>masih bisa disimpan</b>, misal sebelumnya sandi menggunakan 12345, kemudian diubah jadi 123456.&nbsp;<b>Tidak ada validasi error</b><br><br><b>4. </b>Atur ulang sandi dengan sandi sebelumnya <b>masih bisa simpan</b>. contoh : sandi sebelumnya 12345678 diganti dengan yang sama.&nbsp;<b>Tidak ada validasi error</b><br>",Mayor
"Pada tampilan web, data monitoring sanksi belum tampil, namun saat diekspor ke Excel muncul 4 data.",Mayor
Email LJK tidak masuk setelah pengiriman file melalui web skenario 21 periode 30-09-2027,Mayor
Email LJK tidak masuk setelah pengiriman file melalui aplikasi client skenario 15 periode 30-09-2027,Mayor
tidak dapat login,Fatal
sistem gagal menampilkan dokumen pendukung pembaruan informasi<br><br>,Mayor
Penempatan icon aksi tidak pada kolom aksi<br><br><br>,Minor
Hasil export excel dan csv belum sesuai dengan data yang tampil pada tabel web. pada web hanya ada 29 data sedangkan hasil export ada 69 data.,Mayor
"Tombol Tambah data tidak bisa langsung di Klik saat akan menambahkan data baru, harus mencari melalui filter terlebih dahulu",Minor
Footer Copyright masih 2022<br><br>,Kosmetik
Pada saat download file terdapat bacaan error pada file yang di download,Mayor
data tidak muncul pada field Nomor STTD AP di OJK ,Mayor
"pada table kolom: <br>-NIP
<br>-Satuan Kerja
<br>-Input Parameter
<br>-Output Parameter<br>-keterangan
<br>masih kosong/tidak ada data yang terekam",Minor
"Muncul tombol cetak, saat menginput nilai yang salah pada salah satu field nama, npwp, tanggal lahir, tipe",Mayor
"pada hasil leaders dan laggards, tidak ada page seperti di mockup",Kosmetik
Nama data belum sesuai dengan excel mapping,Minor
Nama field belum sesuai dengan excel mapping,Kosmetik
"Pada kanal ""Laporan hasil Pengawasan DPS BUS"" masih belum ada",Mayor
button Lihat Detail belum berfungsi,Mayor
Untuk Format penulisan tanggal agar disamakan atau diseragamkan,Minor
1. Penamaan suku bunga/Diskonto tidak sesuai dengan mockup (SS2)<br><br>2. Penamaan lembaga belum sesuai (SS3)<br><br>3. Tabel belum center (SS4),Minor
Belum Sesuai Mockup&nbsp;<br>1. Tabel tidak sesuai (SS02 - SS04)<br>2. Format tanggal penetapan dan periode kemunculan (SS05)<br>,Mayor
button filter dan reset Grid tidak ada jarak ,Kosmetik
"Saat melakukan tambah data atau ubah data pada input form saat klik diluar area input form otomatis akan kembali ke luar tanpa klik tombol ""X""",Mayor
terdapat halaman kosong pada hasil download pdf,Minor
Belum Sesuai Mockup&nbsp;<br>1. Nilai perolehanan Agunan (SS02)<br>,Kosmetik
1. Pada web tidak ada kolom jenis aset (SS1)<br><br>2. Judul keterangan tindak lanjut tidak sesuai (SS3)<br><br>,Minor
"hasil export pdf tidak rapi, judul dengan isi konten terpisah",Minor
"1. Penulisan ""dilakukan"" kurang huruf n .<br><br>2. Penulisan poin pada aplikasi tidak sesuai mockup (SS2)<br><br>3. Judul keterangan tindak lanjut tidak sesuai (SS3)<br><br>",Minor
sudah lebih dari 30 menit Email laporan LHDPSUUSS tidak masuk,Mayor
"seharusnya kalo udh muncul pesan error ""tidak sesuai dengan referensi"" berarti trigger panjang maksimum ga akan muncul",Minor
"1. Penulisan \""Peringkatatau kurang spasi\"" (SS1)
<br><br>&nbsp;2. Pada poin no 3 di mock up berwarna merah (SS2)
<br><br>&nbsp;3. Judul keterangan tindak lanjut tidak sesuai (SS3)",Kosmetik
1. kolom tidak sesuai dengan mockup ( SS1-SS5)<br><br>2. Judul tabel belum center adjust semua skenario ews (SS6),Mayor
Respon loading cetak dokumen cukup lama sekitar 5 menit tak kunjung terunduh.<br><br>,Mayor
Belum Sesuai Mockup&nbsp;<br>1. Tabel tidak sesuai (SS02 - SS03),Minor
Pada saat filter data tim urutan nomer belum sesuai,Kosmetik
"ketika tambah baru lalu klik simpan, tidak ada respon selanjutnya",Mayor
Fungsi Integrasi berupa Tautan Informasi ke SIPO G2 belum bisa ditest,Fatal
"1. Judul keterangan tindak lanjut tidak sesuai (SS1)
<br><br>&nbsp;2. Penulisan root-cause belum italic (SS2)",Kosmetik
Error pada login dan tidak bisa mendapatkan token,Fatal
sudah melakukan 3 kali percobaan tapi email skenario 2 belum masuk sedangkan email skenario 3 sudah masuk ,Mayor
Field tidak ada pada excel mapping,Kosmetik
Ketika melakukan pengirimin ETL (LHDPSBUSS) data montirong tidak berubah dan email notif tidak masuk&nbsp;,Mayor
"ketika melakukan ubah temuan di monitoring, data yang ada di pelimpahan sanksi tidak ikut berubah",Mayor
"Generate Manual Form Absensi belum bisa menampilkan periode yang di proses generate. Generate dilakukan 27/08/2025 sampai saat ini belum tampil ( KPNBUKS, LHABUKS, TKSBUKKS)",Fatal
Penulisan poin pada aplikasi tidak sesuai mockup (SS1),Minor
- Data yang dicari tidak ada (format beda)- Deskripsi ilang jika data tidak ada(SS1),Minor
- Data yang dicari tidak ada (format beda)- Deskripsi ilang jika data tidak ada(SS1),Minor
captcha belum berfungsi. belum ada alert jika captcha yang dimasukkan salah dan tetap bisa memproses,Mayor
"- Deskripsi ilang jika data tidak ada <br><br>-Filter pencarian pada tabel suku bunga, Nominal , harga perolehan , dan jumlah bulan laporan belum berfungsi.(SS1-SS5)<br><br>",Minor
"Saat ingin melakukan edit data, dan klik ikon edit hanya stuck diloading",Fatal
submenu perkara baru tumpang tindih dengan sub menu data master jika browser 100%,Kosmetik
kolom overload dari template,Kosmetik
"Default filter data 2023-2025 ada isinya, tetapi saat di filter ulang tidak ada isinya, baik beda tahun ataupun 2023-2025",Mayor
"Footer copyright masih tahun <b>2018<br></b><br><b>note :&nbsp;</b><br>update tahun pada footer untuk menjaga kredibilitas website.<br>kalau footer masih menampilkan tahun lama, kesannya web sudah lama tidak diperbarui.<br><br><b>Suggestion for Improvement:</b><br>bisa juga dibuat seperti ini ""2018-2025 Otoritas Jasa keuangan"" seperti contoh footer simata .&nbsp;<b>ss contoh footer simata</b>",Kosmetik
"1. hasil download pada top 10 persebaran perkara fontnya kurang terbaca (SS1)<br>2. Mohon disesuaikan tata letak disamakan dengan di website karna fontnya terlihat gepeng (SS2)<br>3. terdapat bahasa tidak konsisten dalam bahasa inggris pada kata ""team"" dan terdapat double kata ""tim tim"" (SS3)<br>4. mohon disesuaikan tulisannya gepeng (SS4)",Minor
"1. Saat simpan tanpa generate dan upload BA Barang Bukti muncul error<br><br>2. Muncul Popup saat mengupload dokumen&nbsp;<br><br>3. mandatory tidak ada tanda (*) di Form Generate barang bukti<br><br>4. Awalnya Upload BA Barang Bukti mandatory, tapi saat klik simpan, tanda mandatorynya hilang",Mayor
pada data riwayat penilaian kembali bagi pihak utama LJK tidak ada isi form Jangka waktu sanksi sesuai dokumen T43.,Minor
"pada provinsi kalimantan utara,riau jumlah data belum sesuai pada saat diklik",Mayor
Kode Bank Kustodian kurang dari 5 belum muncul pesan kesalahan,Mayor
"Tampilan Tabel kurang responsif menyebabkan kolom terpotong, padahal scroll kanan sudah mentok.",Minor
Isi pdf tidak sesuai sample mockup,Minor
kalimat typo,Kosmetik
LHDPSBUSS skenario 15 hasil validasinya yang harusnya gagal tetapi sukses.,Mayor
"data yang tersimpan hanya Form Data ID, Kode Emiten, Nama Emiten dan Create Date.",Mayor
1. Tidak ada validasi error ketika edit kolom telpon dengan alphabetic dan tidak ada batasan karakter input nomor telpon<br><br>2. Tidak ada validasi error ketika edit tanggal. Tanggal mulai tidak boleh lebih besar dari tanggal selesai<br><br>3. Keterangan gagal edit data kurang informatif. tidak menunjukan secara spesifik kesalahan user input itu pada kolom mana.<br><br>,Mayor
"jumlah data ketika diklik belum sesuai:
<br>- perbankan perkara selesai (SS1)<br>- pasar modal perkara selesai (SS2)<br>- iknb perkara selesai (SS3)",Mayor
"Pada jenis ""Dalam proses persidangan"" jumlah data ketika diklik belum sesuai",Mayor
masih memungkinkan input data selain kolom catatan pengawas,Mayor
Filter PUJK belum memuat data yang sesuai,Mayor
"Typo pada kolom ""Nomor STTDPenilai"", kurang space pada kata ""penilai""",Kosmetik
Pada list perkara aktif ketika klik aksi lihat menampilkan halaman error,Fatal
belum ada Validasi ke Form 89I204,Mayor
masih memungkinkan input data selain kolom catatan pengawas. dan entry data baru<br><br>mohon diperinci kolom mana saja yang bisa edit atau tidak.<br>bisa diberi tanda pada kolom yang bisa diedit tersebut,Mayor
masih memungkinkan input data selain kolom catatan pengawas. dan entry data baru<br><br>mohon diperinci kolom mana saja yang bisa edit atau tidak.<br>bisa diberi tanda pada kolom yang bisa diedit tersebut,Mayor
"karakter no surat belum sesuai struktur data, cek juga pesan validasinya",Mayor
1. Nama Kolom masih belum wrapping<br><br>2.&nbsp;Tanggal Penyampaian seharusnya <b>Tanggal Penyampaian Via SPE</b>&nbsp;<br><br>3. Pihak seharusnya <b>Pihak-Pihak</b><br><br>4.&nbsp;<b>(untuk Perusahaan Terbuka yang mempunyai ekuitas negatif) </b>dan <b>?&nbsp;</b>belum ada<br><br>5-7. belum ada penyambung <b>-</b><b><br></b>,Kosmetik
Tidak dapat pindah  ke No lain jika berada pada no 1. Namun jika berada No selain 1 dapat pindah ke No yang lain,Minor
"Tampilan tidak responsif, breadcrumbs atau tombol yang ada dibawah menu akan tertutup jika tampilan browser di perbesar. (Diperbesar karena dibutuhkan untuk capture, sedangkan jika 90% tampilan jadi kurang terlihat)",Kosmetik
kurang space pada penamaan kolom,Kosmetik
"ketika klik aksi ""Lihat Dokumen"" lalu pilih salah satu dokumen perkara untuk melihat dokumen yang tampil ""dokumen tidak ditemukan""",Mayor
data tidak bisa tambah data,Mayor
nama kolom mohon di wrap,Kosmetik
Pada list trend pasal yang dilanggar jumlah data masih ada yang belum sesuai ketika diklik,Mayor
"Pada tampilan tabel, nama kolom secara default terpotong sehingga sulit dibaca dengan jelas. Meskipun lebar kolom bisa di-adjust oleh user, hal ini kurang user friendly terutama saat pertama kali membuka tabel.<br><br><b>Suggestion for Improvement:</b><br data-start=""384"" data-end=""387"">Disarankan agar tabel menampilkan nama kolom secara penuh sejak awal, misalnya dengan:<br>- Menyesuaikan lebar kolom otomatis sesuai panjang teks header, atau<br>- Menambahkan fitur&nbsp;tooltip/hover&nbsp;yang menampilkan nama kolom lengkap.<br><br>Dengan begitu, user dapat langsung memahami isi tabel tanpa perlu melakukan penyesuaian manual terlebih dahulu.",Minor
"1. Filter belum sesuai dengan status, menyebabkan filter tidak terbaca<br><br>2. Keterangan dibawah Tabel data menampilkan total keseluruhan data dari seluruh status, padahal statusnya sudah difilter menjadi ""Belum ada status""<br><br>3. Pagination berantakan <br>(page 1-2 sesuai, <br>page 3 ada 2 data, <br>4-11 kosong, <br>12-13 ada 1 data, <br>14 ada 5 data, <br>15-16 kosong)&nbsp; - Harusnya jumlah page disesuaikan saja dengan jumlah data<br><br>",Mayor
1. Nama field tidak sesuai (di banding dan kasasi juga sama)<br>2. tombol tidak sesuai,Kosmetik
Tidak bisa upload file,Mayor
Gagal generate ,Mayor
1. Tanggal Penyampaian seharusnya&nbsp;<b>Tanggal Penyampaian Via SPE</b>&nbsp;<br><br>2. Pihak seharusnya&nbsp;<b>Pihak-Pihak</b><br><br>3.&nbsp;<b>(untuk Perusahaan Terbuka yang mempunyai ekuitas negatif)</b><b>&nbsp;</b>belum ada<br><br>4-5. belum ada penyambung&nbsp;<b>-</b>,Kosmetik
"ketika klik aksi ""Rotasi Tim"" dan akan melakukan upload dokumen format pdf, muncul notifikasi terjadi kesalahan",Mayor
"saat edit, kolom yang terlihat hanya 1 baris dan tidak full",Kosmetik
kolom bisa diisi dengan selain Ya/Tidak,Mayor
"saat edit, kotak yang tampil tidak full",Kosmetik
data bisa diisi dengan selain Ya/Tidak,Mayor
kurang space pada penamaan kolom,Kosmetik
audit trail belum menyimpan seluruh aktivitas pengguna belum&nbsp;sesuai dengan T.1.1,Mayor
"Nama dropdown tidak sesuai, hasil download juga typo, profile jadi profil",Minor
Tidak ada validasi error pada inputan data yang tidak sesuai.<br><br>inputan data diluar kategori data pada mockup dapat tersimpan.,Mayor
masih bisa mengubah password dengan karakter selain yang disebutkan pada pesan validasi,Mayor
beberapa kolom dapat diisi angka minus,Minor
Download excel di luar skenario berbeda dengan download excel yang ada di dalam skenario (SS1-SS2),Mayor
Session timeout error,Fatal
1. Panjang maksimum seharusnya 4000<br><br>2. Seharusnya pesan error yang muncul hanya untuk footer aja<br><br>3. File strukdat harap dilengkapi,Mayor
"Hasil export excel di dalam dan diluar skenario berbeda, terdapat data yang belum ada&nbsp; dan terdapat kolom tanggal jatuh tempo surat berharga (SS1)",Mayor
Suku Bunga/Persentase Imbalan  dan kualitas belum ada datanya. dan terdapat kolom Jenis LJK (SS1),Mayor
&nbsp;kualitas belum ada datanya. dan terdapat kolom Jenis LJK (SS1),Mayor
Nama form pada client kurang kata Hasil,Kosmetik
Error saat klik cari,Mayor
Data LPRUUSIQ tidak tampil,Mayor
Data TKSUUSIS tidak tampil,Mayor
Terdapat kolom Jenis LJK (SS1),Mayor
"mohon pada saat edit, mohon text box disesuaikan besarnya dengan frame",Kosmetik
Pada skenario saat memilih kelompok sanksi dengan pilihan sanksi lain tidak bisa free text,Minor
text box NO ND Permohonan dan Dibuat Oleh tumpang tindih,Kosmetik
data terpotong pada hasil download pdf,Kosmetik
Pada tabel untuk nominal denda tidak menggunakan format uang,Minor
"1. belum ada kolom No<br><br>2. No. Surat Permohonan, Tanggal Surat Permohonan, Tanggal ND Permohonan belum tergenerate",Mayor
data Nomor Identitas Penjamin dan Nomor Identitas Pengurus/Pemilik belum tersedia,Mayor
"Harusnya bisa klik button drag, tp tidak berfungsi",Kosmetik
Pada saat tambah perkara baru lalu klik tombol daftarkan muncul halaman error,Mayor
1. Kolom tanggal bisa diisi free text (bukan pilihan tanggal)<br><b>(ss &amp; ss 1.2)</b><br><br>2. kolom rasio dapat diisi alphabet dan berupa free text <b>(ss2)</b><br><br>3. kolom total dan jumlah dapat diisi alphabet dan berupa free text<b> (ss3 &amp; ss3.2)</b>,Mayor
"Data tidak di temukan , sedangkan pada monitoring sudah sukses dan data form yang lainnya (pdf) sudah muncul",Mayor
"Data tidak di temukan , sedangkan pada monitoring sudah sukses dan data form yang lainnya (pdf) sudah muncul",Mayor
"data pada kolom tidak sesuai ketentuan : ""tanggal penyampaian = tanggal pengumuman""<br><br>tidak ada validasi error di kolom, pada saat<b>&nbsp;</b>kolom ""Tanggal Penyampaian"" tidak sama dengan ""tanggal pengumuman""&nbsp;<b>(allowed input).&nbsp;</b><br>",Mayor
"Data tidak di temukan , sedangkan pada monitoring sudah sukses dan data form yang lainnya (pdf) sudah muncul",Mayor
"Data tidak di temukan , sedangkan pada monitoring sudah sukses dan data form yang lainnya (pdf) sudah muncul",Mayor
pengetesan password expired tetapi tidak di arahkan untuk ganti password ketika expired,Mayor
Radio Button pelaporan Koreksi terpotong,Kosmetik
"Pada form input terdapat dua field tanggal yang ditampilkan bersebelahan tanpa keterangan ""Fromâ€“To"". Hal ini membingungkan user untuk membedakan tanggal awal dan tanggal akhir. <br><br><b>Saran:</b> tambahkan label/placeholder yang jelas (contoh: Tanggal Awal dan Tanggal Akhir) agar lebih user-friendly.<br>",Minor
1. panjang maksimal untuk kolom yang berisi referensi Peringkat Profil Risiko hanya muncul di kolom 5<br><br>2. Pesan kesalahan untuk free text ketika diisi tab belum menampilkan *. Karakter | seharusnya tidak ditampilkan karena tidak dapat digunakan,Mayor
Footer tidak tampil pada web,Minor
Data belum tersedia untuk testing<br>,Mayor
footer pada hasil generate kosong / tidak tampil,Minor
"Field ""Nama Perkara"" ada tanda mandatory, tetapi saat dicoba dikosongkan tidak muncul alert mandatory harus diisi, melainkan muncul error yang lain",Mayor
Email LJK dan pengawas tidak masuk setelah pengiriman file melalui aplikasi client periode 31-12-2035,Mayor
"Saat salah satu field dikosongkan, notif popup sebaiknya disesuikan pada mandatory yg tidak diisi",Minor
"ketika mencari nota dinas berhasil menampilkan pop up  informasi perkara SIPEDANG tetapi pada textbox muncul informasi error
",Mayor
"Ketika sudah ditambahkan akun baru, akun baru tersebut gagal login ke aplikasi. <br><br>Seharusnya dapat login (SS)",Mayor
"1. Pesan kesalahan untuk free text ketika diisi tab belum menampilkan *. Karakter | seharusnya tidak ditampilkan karena tidak dapat digunakan<br><br>2. Pada struktur data tidak ada keterangan dapat disampaikan hanya header, seharusnya tidak bisa hanya header",Mayor
1. Pesan kesalahan untuk free text ketika diisi tab belum menampilkan *. Karakter | seharusnya tidak ditampilkan karena tidak dapat digunakan,Mayor
1. Panjang maksimum seharusnya 4000<br><br>2. Seharusnya pesan error yang muncul hanya untuk footer aja<br><br>3. File strukdat harap dilengkapi<br>,Mayor
Apakah transaksi ini termasuk yang dikecualikan dari kewajiban penggunaan Penilai? belum ada dropdown,Mayor
Tanggal Proses MDM belum muncul,Mayor
pesan kesalahan untuk peringkat menampilkan peringkat profil risiko semua belum sesuai referensi masing-masing,Mayor
"hasil tambah data badan hukum belum bisa masuk ke menu cari profil (db siputri), menurut konfirmasi dev disebabkan oleh masalah proses olah data pada aplikasi&nbsp; MDM yang belum berjalan.<br>",Mayor
1.  Hasil download gepeng dan ada halaman kosong<br>2. hasil reset masih memunculkan data,Mayor
Pada kolom Title Grade tidak ada fitur search/cari. (SS01)<br>,Mayor
Error saat request data,Mayor
"Email masuk LJK dan pengawas lebih dari 30 menit, seharusnya max.10 menit<br><br>LHABUKS dan KPNBUKS",Mayor
nama kolom tidak sesuai dengan sumber data,Kosmetik
"1. Muncul tabel ""Surat Tanda Tangan"" yang tidak ada pada Form Tambah Riwayat Pendirian<br><br>2. Nama Tabel tidak bisa bergeser lebih pada bagian kanan yang menyebabkan nama tabel tidak bisa terlihat detail",Mayor
User dengan Title Grade Analis Junior masih bisa menggunakan Role Pejabat Pemohon (SS01 &amp; SS02)<br>,Mayor
"Ketika melakukan ubah bahasa dari indonesia ke inggris, ada 2 tampilan yang belum berubah ke bahasa inggris",Minor
Error saat kirim persetujuan ,Mayor
ketika melakukan perubahan bahasa indonesia ke bahasa inggris ada beberapa tampilan yang belum berubah bahasa yang belum sesuai&nbsp;<br><br>,Minor
"penamaan file excel hasil Download Daftar Unduh Data Perorangan &amp; badan hukum belum sesuai. masih default ""DataGrid"".

mohon sesuaikan dengan judul tabel<br>",Minor
1. footer tidak tampil<br>2.&nbsp; nama kolom tidak sesuai,Minor
"ketika klik tombol ""proses""&nbsp;fungsi tidak berjalan dan tidak muncul notifikasi error jika terjadi kesalahan",Mayor
"Berhubung installernya beda, kode LJK dan kode sektor udh diadjust sesuai pesan error. Tp muncul pesan error lainnya",Mayor
"all form yang terdapat field ""keterangan"" dapat memasukkan gambar",Mayor
tidak dapat menampilkan data internal ,Fatal
"Pada verifikasi kasus ketika klik tombol ubah lalu klik simpan, data tidak langsung berubah tetapi harus refresh halaman dulu",Mayor
"1. data pada&nbsp;II. Penilaian faktor profil risiko<br>2. tidak ada kolom analisa pada I. Hasil Penilaian Tingkat Kesehatan Bank (gambar3)<br>3. tidak ada kolom header ""Konsolidasi"" pada&nbsp;II. Penilaian faktor profil risiko (gambar3)<br>4. perbedaan nama kolom pada&nbsp;III. Penilaian faktor tata kelola(gambar3)",Mayor
"Bisa ditambahkan kolom nomor, mengingat banyaknya data yang ditampilkan",Kosmetik
Belum ada batasan jumlah angka saat memasukan nomor ktp dan nomor npwp,Minor
"isian kolom ""Apakah Efek bersifat ekuitas yang dikonversi dapat dialihkan?"" masih berupa free text. bukan pilihan Ya atau Tidak (ss1)<br><br>begitu juga untuk kolom lock up (cek ss2)<br><br>Mohon tipe data pada setiap kolom disesuaikan dengan mockup",Mayor
Pada pop up yang terdapat tabel pada nama tabel NPWP belum berada pada posisi center,Kosmetik
"1. data pada&nbsp;II. Penilaian faktor profil risiko<br>2. tidak ada kolom analisa pada I. Hasil Penilaian Tingkat Kesehatan Bank (gambar3)<br>3. tidak ada kolom header ""Konsolidasi"" pada&nbsp;II. Penilaian faktor profil risiko (gambar3)<br>4. perbedaan nama kolom pada&nbsp;III. Penilaian faktor tata kelola(gambar3)",Mayor
"Menunggu proses unduh data memakan waktu lebih dari 1 jam tak kunjung berubah status jadi ""selesai"", sehingga data tidak bisa di unduh<br>",Fatal
"Ketika sudah masuk ke dataset yang dipilih, lalu melakukan export, data pada excel belum memuat data pada tampilan web",Mayor
"1. Seharusnya kode komponen multi&nbsp;<br><br>adjust ke template<br><br>2. Meskipun sudah muncul pesan error terkait referensi, seharusnya muncul pesan error terkait format data&nbsp;",Mayor
Tidak muncul teks/redaksi bahwa password telah kadaluarsa,Mayor
Tidak muncul teks/redaksi bahwa password telah kadaluarsa,Mayor
Perhatikan konsistensi pesan error yang muncul. Seharusnya panjang maksimum,Kosmetik
"pada hasil download pdf, nama kolom belum rata tengah",Kosmetik
ketika melakukan zoom 100% maka terdapat menu yang tidak masuk ,Mayor
"Data \""Nama Task\"" dan \""Deskripsi\"" tidak tampil/kosong (SS01)<br>",Mayor
"ketika melakukan pengiriman email layanan data internal, email tidak masuk ",Mayor
tidak dapat memuat halaman selanjutnya ,Fatal
"1. Tambah Data Peraturan Penyidikan (Gambar mandatory tapi bisa dikosongkan)
<br><br>2. pada saat Lihat Detail gambar tidak ada",Mayor
"-tombol pada upload, download dan tambah berdempetan<br>-tombol tambah berbentuk puzzle",Kosmetik
"ketika klik tombol tambah, terjadi error",Fatal
-Apabila menghapus isi&nbsp; Kolom vallue setting kemudian save. tidak ada pop up value setting mandatory (SS1)<br>,Mayor
Radio button untuk laporan koreksi tidak dapat diklik ,Mayor
"pada pop up kirim data, melakukan pilih bobot saja pada tabel tanpa melakukan upload data lalu klik setujui, muncul popup gagal tetapi form nya tidak muncul kembali (pop up menjadi blank putih)",Mayor
1. Tambah Data Informasi (Gambar mandatory tapi bisa dikosongkan)<br><br>2. pada saat Lihat Detail gambar tidak ada,Mayor
ketika melakukan pencarian data area dan sub area data tidak di temukan ,Mayor
"ketika sudah melakukan kirim email, di tampilan web tabel terkirim berhasil bertambah 1, tetapi email belum masuk ke penerima",Mayor
filtering bulan belum berfungsi,Mayor
Tampilan belum rapi,Minor
slider / banner tidak memuat gambar/informasi<br>,Minor
"Jika memungkinkan pada setiap tabel yang ada untuk ditambahkan kolom nomor, mengingat pada setiap tab menu bisa menambahkan data lebih dari 1",Kosmetik
"data CIF / No Akun Lama, CIF / No Akun Baru dan Deskripsi Status belum ada sampling data",Kosmetik
"ketika aplikasi time out, login muncul pada pop up",Mayor
"pada tambah katalog, di:&nbsp;<br>-Kelas informasi<br>-sub kelas informasi<br>-kelompok informasi<br>masih tidak ada data yang bisa dipilih",Mayor
"pada beberapa katalog data ketika diklik, tidak memunculkan hasil metadata/error",Mayor
"ketika melakukan tambah data hari libur&nbsp; nasional , dan mengklik simpan data yang tersimpan ke duplicate dengan hari libur bursa&nbsp;",Mayor
"Ketika masuk ke validasi data, data default nya kosong, ketika melakukan penarikan data dengan filter, tampilan menjadi error",Mayor
"1. Gagal tambah data
2. Filter tidak berfungsi<br>3. Notifikasi Hapus Data berhasil tetapi data masih ada",Mayor
"Ketika masuk ke validasi data, data default nya kosong, lalu pada filter area dan sub area tidak muncul opsi pilihannya",Mayor
tidak bisa melakukan upload file hari libur ,Mayor
Tidak ada tanda mandatory (*) pada field yang wajib diisi<br>,Minor
ketika upload berhasil lalu melanjutkan ke form berikutnya. jika kembali pada form yang terdapat fitur upload. file yang terupload hilang,Mayor
"ketika masuk ke detail data, button kewajiban lapor belum tampil",Mayor
"Sub menu terpotong, banner ketutup",Kosmetik
1. Gagal tambah data<br>2. FIlter data provinsi belum berfungsi<br>3. Data berhasil dihapus tapi malah jadi nonaktif,Mayor
Gagal tambah data,Mayor
Pada bagian data individu tidak sesuai urutannya dengan file generate excel mohon disesuaikan,Minor
"ketika klik edit&gt;tidak&gt;batal, tombol batal tidak berfungsi",Minor
"ketika klik edit&gt;tidak&gt;lanjutkan, terdapat popup peringatan sistem ada kendala",Minor
"ketika sudah pilih area industri, kelompok informasi dan metrik, lalu klik button terapkan konfigurasi, data set tidak muncul",Mayor
" MIRDPPI skenario 3, Notifikasi email yang diharapkan masih belum sesuai skenario.",Mayor
kolom CR/ DIR No. dapat diisi alphabet,Minor
"Ketika melakukan filter triwulan, pada judul kolom bulan 2 tidak bertambah informasi triwulan",Minor
Menu Data Pegawai &amp; Monitoring Proses dan Log masih 404 Not Found (SS01 &amp; SS02),Fatal
data yang berhasil ditambahkan terbaru tidak muncul paling atas pada tabel (urutan masih&nbsp; acak secara default). tidak ada sort berdasarkan tanggal juga.,Minor
data debitur yang menerima penyediaan dana baru atau perpanjangan sejak 1 Juni 2016 dan sebelum 1 juni 2016 belum ada untuk test D01,Mayor
-&nbsp; Hasil donwload excel dan pdf. beberapa kolom penamaan tidak sesuai aplikasi<br><br>- Pada hasil download excel dan pdf terdapat Kolom No. sedangkan di aplikasi tidak ada<br><br>(SS1),Minor
"Pada bagian ubah data<br>bagian LI/LK ketika klik tombol:<br>-Ubah Modus Operandi<br>-Ubah Uraian Singkat Kejadian<br>muncul pop up ""mohon maaf terdapat kesalahan""",Mayor
"1.Muncul error ketika download template LK dan template LI<br>2. ketika tambah terduga klik icon cari di kolom nama, pilih nama yang dipilih muncul pop up ""mohon maaf terjadi kesalahan"" (SS5)<br>3. NIK tidak bisa diklik pada saat pilih nama<br>4. ketika tambah pelapor kolom npwp bisa di input huruf (SS4)",Mayor
Profil Risiko pada hasil preview tidak berurutan seperti di strukdat,Minor
Tidak ada datanya ,Minor
"Pada Unduh data Detail Aplikasi isi hasil unduh Excel dan pdf, urutan data tidak sesuai aplikasi (SS1)<br>",Minor
Laporan Self-Assessment Tingkat Kesehatan Bank (Individu)<br>Pada preview terdapat beberapa nama kolom yang tidak sesuai dengan strukdat serta template,Minor
Muncul error ketika download template&nbsp;,Mayor
"Saat Tambah Satuan Kerja Baru, sudah memilih Akses LJK ketika di simpan. Pada saat mode lihat tidak menyimpan yang sudah dipilih pada Akses LJK. (SS01)<br>",Mayor
Dropdown satuan masih terdisable,Mayor
Footer belum sesuai,Minor
filtering dengan Kode Surat Referensi dan No ND Permohonan belum berfungsi,Mayor
"1. Pada bagian penyelesaian pelanggaran TIPISJK ketika melakukan upload lebih dari 25mb masih bisa dilakukan<br>2. Pada kolom Perkiraan Pelanggaran Aturan/Regulasi ketika melakukan ubah data hanya bisa pilih pasal, jika mau mengganti pasal muncul notifikasi error (SS2)<br>3. ketika klik proses tetapi upload tidak diisi muncul error (SS3)<br>",Mayor
"pada form edit belum ditambahkan field ""keterangan""",Mayor
"1. Tidak ada button hapus data
<br><br>2. ketika ubah data sekali, tidak dapat dilakukan ubah data kembali.",Mayor
"Pada download excel dan PDF, pada kolom tanggal mulai efektif hanya tanggal (pada aplikasi tanggal dan jam) , <br><br>terdapat kolom no pada hasil download pdf dan excel sedangkan di aplikasi tidak ada (sebaiknya tambahkan kolom no pada aplikasi) (SS1)",Minor
"&nbsp;MIRDPPI Rutin Periode 2025-06-30 , pada apolo.sit017@gmail.com notifikasi email nya belum masuk tetapi untuk email pengawas sudah masuk notifikasi emailnya dan pada absensi monitoring sudah tercatat.",Mayor
"Pada hasil excel dan PDF Detail Enumerasi , belum sesuai dengan aplikasi.
<br>- Isi data tidak sesuai dengan aplikasi <br>&nbsp;- Pada aplikasi tidak terdapat kolom NO sedangkan hasil download terdapat.
<br>- Penulisan tanggal pada aplikasi di singkat.",Minor
"Hasil Ekspor Pdf dan Excel tidak sesuai dengan data yang di tampilkan, pada hasil export terdapat data double (SS01 &amp; SS02)",Minor
"pada kotak hitam, harus ada namanya berupa ""Status data""",Kosmetik
tidak bisa masuk ke menu Statistik Perusahaan Jasa Keuangan ketika dalam mode bahasa inggris,Mayor
"pada USR_IRBF. di kolom <br>&nbsp;-II. Produk Jasa;
<br>-III. Jaringan DIstribusi
belum lengkap seperti di mockup",Minor
"term yang telah digantikan masih masuk kedalam list data<br><br>note :&nbsp;<br>terkait ganti term ini. karena data yang digantikan akan otomatis terhapus.<br><br>mohon ditambahkan konfirmasi seperti contoh ini&nbsp; ""apakah anda yakin ingin mengganti term? data term yang lama akan terhapus""<br>supaya user aware terkait aksi ini,",Mayor
"Data Sektor Ekonomi belum ada icon Download pdf dan excel (SS1)
",Mayor
Profil Risiko untuk Bank secara Konsolidasi<br>Pada preview tabel data Penilaian Posisi Sebelumnya - Peringkat Tingkat Risiko tidak sesuai dengan template yang sudah dikirimkan,Mayor
ketika halaman di klik muncul halaman error,Mayor
Pada halaman Merger/Konsolidasi&nbsp;belum ada icon Download pdf dan excel (SS1),Mayor
"erorr upload kurang informatif.<br><br>hanya tertulis <b>""terjadi kesalahan saat mengupload file""</b>&nbsp;<br><br><b>saran :</b><br>bisa ditambahkan copy seperti ""silahkan cek kesalahan dengan mengklik tombol ""gagal"" pada kolom status""",Minor
Belum terdapat tombol aksi untuk memunculkan pop up data yang tersedia,Mayor
ketika klik lanjutkan dari irbf tidak ke ice. tetap ke irbf. lalu ke irsf dan final. namun ketika kembali dari final>irsf>ice>irbf.,Minor
"1. Ketika input angka dengan format satuan, menjadi ribuan bahkan puluhan ribu (SS1)<br><br>2. Ketika input angka dengan tanda koma, berhasil (untuk jumlah nasabah) (SS2)<br><br>SS terlampir",Minor
website belum menyediakan template untuk import data.<br><br><b>saran:</b>  untuk ditambahkan button download template import seperti contoh&nbsp; (<b>gambar&nbsp;ss contoh botton download template)</b><br>,Minor
Tidak ada validasi error ketika input upload data tidak sesuai pilihan kategori pada masing2 kolom.,Mayor
1. Pesan error untuk kode komponen 010110 blm muncul<br><br>2. Pesan error yang muncul redudnen untuk kolom yang sama dengan keterangan yang berbeda&nbsp;<br><br>3. Kolom 3 s.d. 10 kalo dikosongin seharusnya muncul pesan error wajib diisi dan referensi. Kode komponen&nbsp;010110 blm muncul pesan error terkait referensinya,Mayor
Penamaan belum disesuaikan (Masih ada yang Penilaian masih ada yang Pengkinian) (SS1)<br>SS terlampir,Kosmetik
Terdapat kesalahan nama Laporan dan Form pada client. Untuk Syariah menggunakan kata&nbsp; Nasabah.<br><br>Untuk dicek semua tampilan yang menampilkan hal tersebut pada client.,Minor
"Laporan KPBLN terkait Debitur di Indonesia yang Menerima Pinjaman/Garansi BUS&nbsp;<br><br>seharusnya
<br><br>Laporan KPBLN terkait
Nasabah di Indonesia yang
Menerima Pembiayaan,
Fasilitas Penyediaan Dana
Lainnya dan/atau Garansi",Mayor
"tipe Laporan KPBLN terkait Debitur di Indonesia yang Menerima Pinjaman/Garansi BUS&nbsp;<br><br>seharusnya
<br><br>Laporan KPBLN terkait
Nasabah di Indonesia yang
Menerima Pembiayaan,
Fasilitas Penyediaan Dana
Lainnya dan/atau Garansi",Mayor
1. Label kolom blm sesuai. Makesure ke strukdat&nbsp;<br><br>2. Baris 11 kurang pesan error terkait referensi<br><br>3. Baris 12 pesan error terkait referensi ke double dgn pesan ref yg berbeda. Makesure ke strukdat ref yg benar<br>,Mayor
pada pesan kesalahan ditampilkan karakter * sebagai yang diperbolehkan namun saat diganti menggunakan * tidak bisa,Mayor
pada pesan kesalahan ditampilkan karakter * sebagai yang diperbolehkan namun saat diganti menggunakan * tidak bisa,Mayor
Nama form PDF berbeda dengan struktur data,Minor
"pada final, tombol simpan dan selesai tidak bisa diklik/proses",Mayor
tidak ada irsf info pada asuransi umum,Mayor
"pada finalisasi, di tingkat risiko TPPU dan TPPT, ketika diklik simpan review. ada alert",Minor
Pada Tab menu SELESAI untuk slide Data Riwayat Fraud belum bisa tampil,Mayor
Muncul popup error (SS1)<br><br>SS terlampir,Minor
"Di filter dari tahun 2000 sampai 2025, datanya tidak ditemukan (SS1)<br><br>SS terlampir",Mayor
"1. Saat tambah sektor, Kode Sektor tidak unique
<br>2. Form Filter setelah di klik cari form menjadi default kembali<br>(SS01)<br>",Mayor
Tidak ada validasi error ketika input upload data tidak sesuai pilihan kategori pada masing2 kolom.,Mayor
&nbsp;Sesuai kesepakatan untuk menyesuaikan nama kolom&nbsp;<br><br>010101-010105 ref peringkat komposit 010301 ref peringkat komposit<br>,Kosmetik
Sesuai kesepakatan untuk menyesuaikan nama kolom&nbsp;<br><br>010101-010105 ref peringkat komposit<br><br>010301 ref peringkat komposit,Kosmetik
1.muncul error pada tombol download anggaran dan download template Rendik<br>2. ketika sub kegiatan tidak diisi lalu klik simpan muncul error (SS3),Mayor
"1. Tidak bisa klik tombol tambah kegiatan<br>2. muncul error ketika klik tombol proses<br>3. tombol ""Download Anggaran"" error jika table kegiatan belum dilakukan simpan data (SS4)<br>4. muncul halaman error ketika klik tombol simpan/edit (SS5)",Mayor
ketika klik log akses tidak ada aksi dari menu log akses ,Mayor
ketika klik edit>tidak>lanjut. ada popup peringatan,Minor
"ketika klik edit>tidak>batal, tombol batal tidak berfungsi",Minor
"Saat menambahkan data baru melalui form input, data berhasil tersimpan, namun tidak langsung muncul di posisi paling atas pada halaman pertama list. Data justru ditampilkan di urutan paling bawah dan berpindah ke halaman berikutnya. Hal ini berpotensi menyulitkan user untuk menemukan data yang baru saja ditambahkan.
<br><br><b>Saran Perbaikan:</b>
Atur default sorting list berdasarkan tanggal/waktu input (descending), sehingga data terbaru otomatis muncul di posisi paling atas.",Minor
"pada BF, belum ada:<br>-keterangan pengisian<br>-flag detail<br>-kode kompenen/baris<br>-catatan",Minor
pada SF belum sesuai mockup,Minor
"pada page ""ICE"" namun yang tampil adalah BF",Minor
"Pada Tab Pemanggilan ketika akan input diform:<br>- surat panggilan<br>- surat panggilan Ke-2<br>- bantuan penyampaian surat panggilan<br>- surat perintah membawa saksi/tersangka<br><br>di kolom<br>""penyidik yang ditemui"" muncul nama redundan lebih dari satu",Mayor
1. nama kolom pada aplikasi dan hasil downlaod berbeda<br><br>2. Isi kolom Diturunkan dari term lain (formula) berbeda,Minor
"Kolom ""Term Pengganti"" dan ""DD Ref No Term Pengganti"" muncul di list namun selalu kosong, tidak ada field input di form untuk mengisinya. Perlu ditambahkan form input bila kolom digunakan, atau disembunyikan jika tidak diperlukan.",Mayor
"Pada menu Metadata > Tambah Term, setelah data term berhasil ditambahkan, tidak ditemukan tombol/opsi Hapus. Hal ini menimbulkan pertanyaan apakah data yang sudah ditambahkan memang tidak dapat dihapus atau fitur hapus belum tersedia",Mayor
"1.Pada pelaksanaan gelar perkara kolom nomor gelar perkara ketika melakukan pencarian muncul notifikasi ""service sipena belum ditemukan""<br>2. Belum ada tanda mandatory pada Risalah Rapat Gelar Perkara(SS2)<br>",Mayor
data yang tampil hanya sebagian jika unit data owner dan unit data consumernya lengthnya kepanjangan,Minor
nama kolom berbeda antara aplikasi dan hasil download,Minor
1. DD Ref No dan Nama Term belum ada<br><br>2. data Tanggal Terakhir Diupdate dan Terakhir Diupdate Oleh belum tergenerate,Mayor
Kolom pada halaman belum rapih (SS1)<br><br>SS terlampir,Kosmetik
Penempatan Posisi tabel berubah (tidak sama) ketika tambah data dan edit data,Minor
pada skenario 3 email yang diterima tidak sesuai,Mayor
upload data berhasil tetapi belum berhasil di save ,Mayor
"tanggal data belum tampil , hasil excel sudah mengikuti referensi&nbsp;",Mayor
Untuk kolom Persentase Kepemilikan pada tab menu Riwayat kepemilikan LJK dan Riwayat Kepemilikan Non LJK agar disamakan dengan tab menu Riwayat Beneficial Owner (ditambahkan simbol %),Kosmetik
"pada sf info, belum sesuai mockup<br><br>info ada di gambar",Minor
"pada hasil download, nama kolom belum rata tengah",Kosmetik
Redaksi email skenario 1&2 belum sesuai,Mayor
Pada Tab Menu SELESAI tidak berubah menjadi warna hijau seperti tab menu lainnya saat data telah selasai diinput dan simpan,Kosmetik
nama kolom belum rata tengah pada hasil download,Kosmetik
"Ketika sudah berhasil menambah Satuan Kerja Baru, jika tidak di filter tidak tampil di grid Daftar 100 Satuan Kerja Teratas (SS01)",Mayor
Tanda pemisah pada nominal belum sesuai (SS1)<br><br>SS terlampir,Minor
"input field tipe data existing berupa freetext. untuk menghindari typo dari user disarankan menggunakan dropdown, jadi user tinggal pilih tipe data yang disediakan sistem.",Minor
"Pada saat print data daftar pelaku di sektor jasa keuangan, Riwayat Fraud tidak masuk pada hasil print",Mayor
"1. Penamaan sub menu ""Surat Perintah Tugas Penyelidikan"" berbeda dengan nama judul (SS1)<br><br>2. Penamaan button upload terpotong pada penyelesaian pelangganran&nbsp; TIPISJK (SS2)",Kosmetik
"pada form no 10 data tidak tampil pada tabel, namun pada form 29 data muncul",Mayor
Email tidak masuk lebih dari 30 menit,Mayor
- Format jam pada Enumerasi belum sesuai format lampiran<br>&nbsp;(SS1)<br><br>- tulisan tanggal pada aplikasi&nbsp; berupa singkatan (SS 2),Kosmetik
"Ketika masuk ke form antrikan adhoc, lalu hanya mengisi waktu trigger saja lalu simpan, muncul notifikasi gagal simpan",Mayor
Nama Provinsi tidak muncul,Mayor
- Nama enemurasi tidak sesuai dengan lampiran <br><br>&nbsp;- Format jam pada&nbsp; detail Enumerasi,Minor
dapat mengganti term dengan termnya sendiri membuat ambigu,Mayor
"saat melakukan kirim ulang setelah reset data hasil pada monitoringnya naik versi 2 dan data sebelumnya tampil lagi, yang seharusnya kosong dan mengulang ke versi 1",Mayor
"Belum ada tanda mandatory untuk Jenis Akses LJK , Hak Akses Aplikasi , dan Jangka Waktu Aktif (SS 1- SS3)",Minor
"Ketika hanya mengisi filter ""Perubahan Satuan Kerja"" terjadi error 500 (SS01)",Mayor
"1. Dokumen mandatory bisa dikosongkan<br>2. Dokumen yang diupload tidak ada di list dan di detail<br>3. Saat tambah data muncul popup konfirmasi, belum di klik ya atau tidak tetapi sudah menyimpan data<br><br>",Mayor
"- Pada download PDF terdapat beberapa halaman kosong (SS1)<br><br>- Pada pilihan Filter Berdasarkan
Informasi Merger/Konsolidasi terdapat double kata merger dan konsolidasi (SS2)",Mayor
opsi dropdown redundan,Mayor
1.ketika upload pdf lebih dari 25mb atau upload file selain pdf tidak ada notifikasi validasi<br>2. Ketika input dan klik simpan tidak ada respon apa-apa tetapi data berhasil ditambah,Mayor
Muncul proses loading yang tidak selesai-selesai padahal data sudah  muncul,Mayor
Pada Audit Log Terdapat 2 download XLS dan XLSX yang ternyata hasilnya sama saja yaitu Excel,Minor
belum ada button download template upload detail term,Mayor
Notif berhasil disimpan namun tabel data tidak muncul,Mayor
"pada dalam menu D.Informasi Pengawasan Lainnya, pada tabel ""Progres hasil pemeriksaan dan tindak lanjut"" terdapat typo pada spasi",Kosmetik
terdapat pengulangan typo <b>aksi</b> pada tabel,Kosmetik
Email Koreksi Penyesuaian tidak masuk lebih dari 30 menit,Mayor
"pada page ICE, belum sesuai mockup",Minor
"filter daftar table ketika tidak di isi lalu klik filter, terdapat alert wajib isi tetapi tidak ada tanda mandatorynya",Mayor
"pada finalisasi, saat simpan review sudah berhasil. namun tidak ke page finalisasi.",Minor
"pada final, tombol simpan dan selesai tidak bisa diklik/proses",Mayor
"Pada menu Audit Log Sub menu Aktivitas Permintaan Informasi setelah memilih / mem-filter kategori yang ingin dicari belum ada tombol ""CARI""",Mayor
dalam tabel tgl review diganti menjadi tanggal ,Kosmetik
belum ada button download pada menu parameterize sesuai mockup,Mayor
Agar bisa ditambahkan kolom nomor pada tabel AKTIVITAS PENGGUNA (Audit Log) dan AKTIVITAS PERMINTAAN INFORMASI (Audit Log) mengingat data yang ditampilkan cukup banyak,Kosmetik
"1. Pada form ""NIK"" belum bermandatory (SS1)<br><br>2. Proses berhasil tanpa diinput NIK yang bersifat mandatory (SS2)<br><br>SS terlampir",Mayor
"Ketika membuka dataset dalam bahasa inggris, data tidak berhasil terbuka",Mayor
Belum ada button download pada menu translasi,Mayor
"Ketika membuka dataset dalam bahasa inggris, opsi metrics ada yang belum ter-translate",Minor
"ketika lihat detail, tidak melakukan perubahan apapun karena disable (view only) muncul notif ""success!""",Mayor
header belum sesuai dan belum rapi di 3 sub menu,Minor
ketika dalam bahasa inggris terdapat 1 pertanyaan yang belum ter-translate,Minor
Pada tabel Riwayat Review ada tabel yang hanya muncul huruf awal saja,Kosmetik
label Nama Bank belum sesuai dengan Template,Kosmetik
saat melakukan filter tanggal mulai dan tanggal selesai hasil filter masih tercarmpur tidak sesuai filter ,Mayor
Email tidak masuk lebih dari 30 menit,Mayor
"pada aplikasi tidak ada tabel ""Informasi Hubungan Keluarga"" sedangkan dalam strukdat memiliki tabel tersebut",Mayor
"ketika klik simpan, tombol nilai dan predikat pada BF, ICE, SF berubah penamaannya",Minor
"1. nama kolom belum sesuai template, seharusnya Des X-3, Des X-2 dan Des X-1<br><br>2. nama kolom pada section Pertumbuhan belum menyatakan tahun-3, tahun-2 dan tahun-1",Mayor
Tabel terpotong atau belum sesuai dengan strukdat,Minor
salah satu kelompok informasi belum berhasil ter-translate,Minor
Saat mengirim data muncul notifikasi error,Mayor
"tabel berbeda dengan strukdat, pada strukdat menggunakan garis miring sedangkan pada aplikasi tidak menggunakan",Kosmetik
"1. nama kolom belum sesuai template, seharusnya Des X-3, Des X-2 dan Des X-1<br><br>2. nama kolom pada section Pertumbuhan belum menyatakan tahun-3, tahun-2 dan tahun-1",Mayor
"pada field tanggal mulai dan selesai, tampilan bulan belum sama/seragam<br><br>",Kosmetik
"1. nama kolom belum sesuai template, seharusnya Des X-3, Des X-2 dan Des X-1<br><br>2. nama kolom pada section Pertumbuhan belum menyatakan tahun-3, tahun-2 dan tahun-1",Mayor
Seharusnya muncul pesan error untuk baris 3,Mayor
Seharusnya muncul pesan error untuk baris 3,Mayor
Tidak sesuai dengan strukdat,Minor
Tabel berbeda dengan strukdat,Mayor
nilai X belum digenerate menjadi nilai tahun,Mayor
"ketika melakukan kalkulasi dan datanya belum benar, masih terjadi sukses kalkulasi",Mayor
"pada Asuransi umum dan LPBBTI, di judul kecilnya masih belum sesuai",Kosmetik
"melakukan kirim laporan rutin melalui web tetapi gagal web, yang seharusnya berhasil karena belum mengirim file sukses",Mayor
ada beberapa File pdf yang di upload melebihi 25mb masih bisa terupload,Mayor
- Pada pilihan filter terdapat kalimat terpotong (SS1) <br><br>- Download PDF dan Excel masih kosong (SS2 &amp; SS3),Mayor
1. keterangan saat tidak ada data masih belum sesuai dengan template<br><br>2. nama kolom terpotong dan kolom tidak bisa di lebar/kecilkan<br><br>3. belum ada garis miring pada BPR/BPRS,Minor
nama kolom Nama Lampiran berbeda antara aplikasi dan template,Kosmetik
kolom Tanggal Upload dan Diupload Oleh belum ada,Mayor
tidak ada kolom aksi pada tabel aplikasi,Mayor
eror saat melakukan kirim data,Mayor
Terdapat typo pada tabel approver,Kosmetik
belum bisa edit data,Mayor
"1. Tes panjang maksimum, pesan error blm muncul<br><br>2. Seharusnya muncul pesan error terkait format data hanya boleh angka<br><br>3. Seharusnya muncul pesan error untuk baris 3",Mayor
Nama belum sesuai dengan T.1.1,Kosmetik
"1. Tes panjang maksimum, pesan error blm muncul<br><br>2. Kalo sedang menguji terkait karakter, seharusnya engga muncul pesan error terkait panjang maksimum kan? Yg muncul cukup pesan error terkait karakter yg diperbolehkan<br><br>3. Seharusnya muncul pesan error untuk baris 3",Mayor
"Pada saat simpan tambah pengguna hanya loading saja, tidak ada keterangan berhasil tersimpan atau tidak (SS1)",Mayor
button back ketika di klik tampilan tidak kembali ke halaman sebelumnya,Mayor
1. format tanggal belum konsisten<br><br>2. Nama Kolom Terpotong,Minor
notifikasi email tidak masuk setelah menjalankan ETL tetapi  pada absensi monitoring sudah tercatat.,Mayor
email belum masuk setelah menjalankan etl sementara monitoringnya sudah masuk,Mayor
eror saat melakukan kirim data,Mayor
terdapat data yang kosong pada koreksi perubahan form 2A100,Mayor
"1. Times out belum 60 menit (SS1), tetapi sudah muncul alert ""Your session has expired"" (SS2)<br><br>2. Ketika sudah input ""Predikat Akhir"", ""Supervisor Adjustment"", kemudian klik button ""Simpan Review"" dan klik button ""Simpan dan Selesai"" (SS3), data yang tersimpan status datanya masih ""Belum Ditindak Lanjuti"" (SS4)<br><br>SS terlampir",Mayor
terdapat data yang kosong pada koreksi perubahan form 2B100,Mayor
"1. Tes panjang maksimum, pesan error blm muncul<br><br>2. Seharusnya muncul pesan error terkait format data hanya boleh angka<br><br>3. Seharusnya muncul pesan error untuk baris 3<br>",Mayor
terdapat data yang kosong pada koreksi Penyesuaian form 2A100,Mayor
terdapat data yang kosong pada koreksi Penyesuaian form 2B100,Mayor
Data belum muncul pada tabel,Mayor
button save belum berfungsi,Mayor
"1. Tes panjang maksimum, pesan error blm muncul<br><br>2. Seharusnya muncul pesan error terkait format data hanya boleh angka<br><br>3. Seharusnya muncul pesan error untuk baris 3<br><br>4. Seharusnya muncul pesan error terkait panjang maksimum angka untuk kolom 6",Mayor
data yang ditambahkan tidak tampil,Mayor
data yang ditambahkan belum dapat tersimpan,Mayor
max. size dokumen upload seharusnya 25mb,Mayor
keterangan .xlsx belum ada,Mayor
mohon disesuaikan form input/field-field beserta penamaannya yang ada di mockup dokumen T11,Mayor
1.&nbsp; Tulisan terpotong (SS1)<br><br>2.&nbsp; Penulisan OSD36 seharusnya&nbsp; Osdx01 (sesuai lampiran) (SS2)<br><br>3.&nbsp; Format tanggal pada periode belum sesuai lampiran&nbsp; (SS3)<br><br>4. Pada lampiran hanya ada CKPN saja dan tidak ada kode kantor dan nama kantor (SS4)<br>,Minor
setelah klik hapus dan save changes data tidak terhapus,Mayor
"pada BF, sudah diisi sub menu dan tidak diisi pada bagian warna hitam. namun tidak muncul validasi nilai dan predikat",Minor
"Password yang digunakan:<br>1) P@ssw0rd*2<br>2) Pa$s'w0rd<br>3) P@55w:ord<br>Pada karakter _{}[]\|;:'"",&lt;&gt;./`* saat dites lolos seharusnya tidak lolos",Minor
Catatan tidak mandatory tapi ada validasi harus diisi,Mayor
Ketika selesai mengedit tidak ada alert berhasil atau gagal (SS01)<br>,Minor
Tombol Export Excel dan Export PDF belum berfungsi.<br>,Mayor
space antar baris terlalu jauh pada hasil download PDF,Kosmetik
Format Periode Data YYYYMMDD tidak sesuai struktur data nama file,Mayor
saat proses instalasi terkadang tidak dapat terinstall dan file installer menghilang (terhapus) dari device,Fatal
tidak dapat kalkulasi all,Mayor
"belum ada&nbsp;Menampilkan tahun pemeriksaan kedepan, sesuai dengan perbaikan rumus",Minor
"aplikasi dan strukdat berbeda, pada tabel di strukdat tidak menggunakan tanda kurung, sedangkan diaplikasi menggunakan tanda kurung ",Kosmetik
"aplikasi dan strukdat berbeda, pada tabel di strukdat tidak menggunakan tanda kurung, sedangkan diaplikasi menggunakan tanda kurung",Kosmetik
salin data belum berfungsi/salin data tidak ada data yang tersalin,Mayor
"1. Pada ""Waktu Screening"", dan ""Waktu Pemblokiran"", tidak bisa di input, dan icon Kalender belum berfungsi (tidak bisa di klik (SS1)<br><br>2. Pada ""Waktu Screening"" dan ""Waktu Pemblokiran"" bisa diinput manual dengan angka dan huruf, pada ""Nomor Rekening"" dan ""Nominal"" bisa diinput dengan huruf(SS2)<br><br>3. Button Simpan berfungsi, namun halaman selanjutnya hanya loading saja tidak menampilkan step selanjutnya(SS3)<br><br>SS terlampir",Fatal
pada skenario t.43 nomor 20.2 ketika masuk ke menu perusahaan jasa keuangan tidak ada halaman untuk melakukan filter tetapi langsung masuk ke halaman menu PJK,Mayor
"1. Data Pegawai,<br>Pada table perlu ditambah kolom No. (SS01)<br>2.&nbsp;Monitoring Proses dan Log, Pada table perlu ditambah kolom No. (SS02)<br>",Minor
setelah melakukan persetujuan katalog data internal&nbsp; data tidak masuk ke dalam katalog public ,Mayor
"1. Tulisan terpotong (SS1)<br><br>2. Tulisan LJK pada&nbsp; keterangan tindak lanjut kurang ""J"" (SS2)<br><br>3. Pada Download PDF teralu kecil dan terdapat tulisan keluar kolom (SS3)",Minor
space antar baris terlalu jauh pada hasil download PDF,Kosmetik
"Pada skenario kirim pelaporan laporan rutin-koreksi, jika terjadi gangguan jaringan tidak muncul pesan â€œPersiapan data sukses dan pengiriman data gagalâ€",Mayor
Penamaan OSD08 belum sesuai dengan lampiran T.1.1<br>,Minor
Belum ada notifikasi berhasil setelah upload excel,Minor
Format Periode Pelaporan tidak sama dengan lampiran T.1.1<br><br>,Minor
1. data pada header tidak tergenerate<br><br>2. isi data pada bagian B. Kondisi Keuangan belum sesuai,Mayor
Data belum muncul pada jenis pelanggaran penrbit,Minor
Nilai X belum terdefinisikan,Minor
Pada menu OSD00 sub menu  summary OSIDA dan summary kantor cabang saat klik salah satu selalu ditampilkan dengan Tab baru dengan fungsi tab sama seperti tab sebelumnya<br>,Minor
ada halaman / blank page putih secara horizontal pada hasil report nya&nbsp;,Minor
1. data pada form tersebut tidak sesuai / mungkin tertukar<br><br>2. value pada kolom yang menggunakan persen tidak ada persen nya (%),Mayor
pada kolom LJK/jenis lembaga terdapat banyak Manajer Investasi,Mayor
"Opsi Penambahan : Berdasarkan LJK 
Tambah Institusi: tidak tampil list LJK

Row Option pada Jenis lembaga juga double",Mayor
"pada header laporan penamaannya masih ""Tabel""",Minor
Judul pelaporan form 89|102 belum sesuai struktur data,Kosmetik
"1. Tulisan LJK pada&nbsp; keterangan tindak lanjut kurang ""J"" (SS1)<br><br>2. Urutan kolom tidak sesuai lampiran (SS2-SS3)<br><br>3. Penulisan tanggal masih singkatan (SS4)<br><br>4. Pada Download PDF teralu kecil dan terdapat tulisan keluar kolom (SS5)<br><br>5. Tulisan Judul terpotong (SS6)",Minor
"1. Pada saat upload:<br><br>- keputusan pembentukan Tim Analis<br>- dokumen laporan hasil analisis penyelesaian pelanggaran<br>- dokumen putusan permohonan penyelesaian pelanggaran<br>- dokumen persetujuan penyelesaian pelanggaran oleh pemohon<br>- proses penyelesaian pelanggaran<br>- verifikasi proses penyelesaian pelanggaran<br><br>muncul tombol ""Lihat"" lalu diklik muncul notifikasi konfirmasi ""Mohon maaf terdapat kesalahan"" (SS1)<br><br>2. pada saat klik tombol simpan/edit file upload tidak tersimpan(SS2)<br><br>3. Pada saat klik simpan/edit tanggal laporan hasil analisis penyelesaian pelanggaran tidak tersimpan<br><br>4. tulisan di tombol upload :<br>- dokumen persetujuan penyelesaian pelanggaran oleh pemohon (SS3)<br>- dokumen akta penyelesaian pelanggaran<br>- surat bukti keabsahan penyelesaian pelanggaran anggaran<br>- surat bukti persetujuan pembayaran dilakukan dalam bentuk aset  <br>(SS4)<br>terpotong <br><br>5. ketika klik tombol proses file upload tidak bisa dilihat kembali (SS5)<br><br>6. Proses Penyelesaian Pelanggaran pada waktu penyelesaian pelanggaran teks pada textboxnya terpotong (SS6)",Mayor
email pengajuan failed/email tidak terkirim,Mayor
"Pada skenario kirim data, saat cek file signature dan kirim muncul pesan gagal, seharusnya sukses",Mayor
login pada eksternal (dummy-01) terlalu lama. baru berhasil ketika lama loading dan harus di refresh,Fatal
1. data tidak sesuai dengan sumber data(data tertukar/acak)&nbsp;(gambar 1)<br>2. nama pelaporan kurang spasi (gambar 2)<br>3. nama kolom pada kolom 10 tidak sesuai degan sumber data (gambar 3)<br>4. 2. value pada kolom yang menggunakan persen tidak ada persen nya (%),Mayor
"data yang tampil pada koreksi perubahan dan koreksi penyesuaian isinya sama, padahal sudah dibuat perbedaan (ss,ss1)",Mayor
"1. Pada tabel aplikasi tertulis Akad Kredit Pembiayaan, sedangkanpada lampiran T.1.1 Akad kredit / pembiayaan, ada simbol "" / "" (SS1)<br><br>2. Apabila memungkinkan pada tabel bisa ditambahkan kolom nomor mengingat data yang ditampilkan cukup banyak<br>(SS2)<br>",Kosmetik
1. Tulisan terpotong (SS1)<br><br>2. Tidak ada kolom nomor identitas (SS2)<br><br>3. Urutan kolom Nomor Rekening tidak sesuai lampiran (SS3 &amp; SS4 )<br><br>4.&nbsp;&nbsp;Pada Download PDF teralu kecil dan terdapat tulisan keluar kolom (SS5),Mayor
data tidak sesuai dengan sumber data(data tertukar/acak),Mayor
Hasil preview web data (data acak) tidak sesuai dengan template,Mayor
"Ketika klik button ""Download tanda terima""(SS1), hasil download tidak bisa buka, muncul alert ""We can't open this file, something went wrong"" (SS2)<br><br>SS terlampir",Mayor
1. data tidak sesuai dengan sumber data(data tertukar/acak)<br>2. nama pada kolom 8 tidak sesuai,Mayor
Log error Client kode status KCBA perlu disesuaikan menjadi KCBLN,Minor
Penulisan pada strukdat Sandi BUK perlu disesuaikan menjadi Kode LJK,Minor
1. Tulisan terpotong (SS1)<br><br>2. Poin No . 2 pada Keterangan usulan tindak lanjut tidak sesuai lampiran (SS2)&nbsp;<br><br>3. tidak ada kolom akad kredit/pembiayaan (SS3)<br><br>4. Pada Download PDF teralu kecil dan terdapat tulisan keluar kolom (SS5),Minor
1. Belum ada menu metadata pada user data steward<br><br>2. Belum ada menu pengaturan,Mayor
data tidak sesuai dengan sumber data(data tertukar/acak)<br>,Mayor
"1.Template pada kolom header blum sesuai strukdat dan preview web. -g1<br><br>2. Kolom header Previe web (LJKatau) tidak ada spasi dan pada template kolom header belum sesuai dengan strukdat dan preview web -g2<br><br>3.Pada template kolom header terdapat&nbsp; (tanggal) blum sesuai dengan strukdat dan preview web -g3<br><br>4.pada hasil preview tanggal transaksi terdapat uptime(waktu 00.00.00), tolong disesuaikan juga pada&nbsp; tanggal jatuh tempo, tanggal kontrak, jangka waktu mulai, jangka waktu jatuh tempo -g4<br><br>5.Template masih belum sesuai dengan preview dan strukdat -g5",Mayor
"ketika pilih salah sartu data, dan klik detail, terjadi error",Mayor
"pada login internal, menjadi admin eksternal sebelumnya. ketika dicoba login ulang, loadingnya lama",Fatal
belum bisa melakukan proses ETL untuk import data,Fatal
"tabel ""tgl review"" diganti menjadi ""Tanggal Review""&nbsp;",Kosmetik
label koreksi penyesuaian angkanya naik kalau periode yang difilter berbeda,Kosmetik
1. tidak ada validasi mandatory ketika ada kolom yang belum diisi lalu klik tombol simpan/edit (SS1)<br>2. penamaan pada tombol upload berbeda antara web dan mockup (SS2),Minor
"Pada saat kirim data, jika nama file dan jumlah file tidak sesuai hasil redaksinya tidak muncul keterangan nama file dan jumlah file yg sesuai",Minor
"pada asuransi umum, tidak ada data sama sekali",Minor
"1. Pada Aktivitas Permintaan Informasi data filter tidak sesuai dengan data tabel / tampilan dibawahnya, mohon agar disesuaikan.<br><br><br>&nbsp;2. Tombol cari belum ada setelah kita memfilter data untuk diproses export xls atau xlsx",Mayor
pada halaman data auto approval belum ada kolom pic ,Mayor
"1.data masih acak g1<br><br>2. pada hasil preview tanggal transaksi terdapat uptime(waktu 00.00.00), tolong disesuaikan juga pada&nbsp; tanggal jatuh tempo, tanggal kontrak, jangka waktu mulai, jangka waktu jatuh tempo -g2<br><br>3.Template masih belum sesuai dengan preview dan strukdat -g3<br><br>4.Template masih belum sesuai dengan preview dan strukdat -g4<br><br>5.Template masih belum sesuai dengan preview dan strukdat -g5<br><br>6.Template masih belum sesuai dengan preview dan strukdat -g6<br><br>7.Template dan preview masih belum sesuai dengan strukdat -g7",Mayor
value dari kolom tanggal error,Mayor
fitur delete pada dokumen pendukung belum berfungsi,Mayor
"pada saat lakukan approval, reviewer utama masih bisa diisi dengan level yang di bawah ketentuan",Mayor
belum ada Tag Dokumen,Mayor
Tanggal diubah/update pada form riwayat sanksi dan pelanggaran belum muncul pada form selesai<br>,Mayor
Ketika melakukan subtitusi metric muncul pop up error,Mayor
"1. Untuk hasil export PDF pada OSD00 Summary OSIDA kurang rapi, terlihat kolom masih banyak space namun belum maksimal &gt; SS1<br><br>2. Bisa ditambahkan kolom nomor &gt; SS2<br>",Minor
"1.Kolom header LJKatau tidak spasi belum sesuai dengan struktur data, dan template masih ada beberapa yang belum sesuai, tolong disesuaikan dengan struktur data. (g1)<br><br>2.Template masih belum sesuai dengan strukr data. (g2)<br><br>3.Template masih belum sesuai dengan strukr data. (g3)",Kosmetik
"1.Kolom header (Nilai) align tidak center / belum sejajar dan pada strukdat terdapat (Rupiah) pada preview tidak ada, tolong disesuaikan dengan struktur data.<br><br>2.Template masih belum sesuai dengan strukr data. (g2)<br><br>3.Template masih belum sesuai dengan strukr data. (g3)",Kosmetik
Margin belum serasi,Kosmetik
belum ada keterangan pengkinian ke-berapa,Mayor
"1. Tulisan terpotong (SS1)<br><br>2. Typo pada penulisan ""SLIK"" (SS2)<br><br>3. Penulisan akad kredit tidak sesuai lampiran (SS3)<br><br>4. Penulisan tanggal pada aplikasi disingkat (SS4)<br><br>5. tidak ada kolom tunggakan bunga (SS5)<br>",Mayor
catatan yang sudah disave tidak bisa dilakukan pengeditan ataupun penghapusan catatan,Mayor
Catatan Pemantauan belum mandatory,Mayor
value kolom 6 dan 7 tidak ada % nya ,Kosmetik
"Ketika tambah data baru setelah mengisi data dan klik button simpan, hanya loading. <br>Tidak ada notif gagal/atau berhasil (SS01)<br>",Mayor
Log Eror pada Client ada perbedaan dengan struktur data : <br>Jenis Usaha &gt; Kode Sektor LJK,Minor
total jumalh kolom pada aplikasi belum sama dengan jumlah kolom pada dokumen pendukung,Minor
Tombol Export PDF belum berfungsi<br>,Mayor
"ketika pilih salah satu data, dan klik detail. dokumen yang sudah diunggah sebelumnya tidak ada/tidak dapat dilihat",Mayor
"saat akan melakukan Pengkinian, masih tertulis Pemantauan SP",Kosmetik
jumlah data tidak sesuai ketika diklik,Mayor
file extension yang dapat digunakan belum lengkap,Minor
nama pengunggah dan tanggal belum muncul<br>,Minor
Untuk data yang dibatalkan atau ditolak tidak masuk table&nbsp;Riwayat Persetujuan Penyusunan dan Penginian Supervisory Plan,Mayor
"Perbedaan pada struktur data perlu disesuaikan<br>Kode Periode Data &gt; Kode Jenis Periode
Periode Data &gt; Periode Pelaporan",Minor
ketika klik tombol edit/simpan data notifikasi berhasil simpan data tetapi data tidak berubah pada field rentan waktu kejadian dan perkiraan peraturan pelanggaran,Mayor
"1. 1. Tulisan terpotong (SS1)<br><br>2.&nbsp;&nbsp;Typo pada penulisan ""SLIK"" (SS2)<br><br>3. Penulisan akad kredit tidak sesuai lampiran&nbsp; &nbsp;(SS4)<br><br>4. Penulisan tanggal pada aplikasi disingkat (SS5)<br>",Minor
Error dalam melalukan download file pdf dan excel pada pemantauan supervisory plan,Mayor
"1. 1. Tulisan terpotong <br>dan  Typo pada penulisan \""SLIK\"" (SS2)<br><br>2. Tidak ada kolom Akad Kredit/Pembiayaan (SS2-SS3) <br>",Minor
"Pada Referensi=&gt; Manajemen Pengguna Eksternal, belum tercatat pada audit log nya (SS1)<br><br>SS terlampir",Minor
"mohon untuk ditambahkan kolom nomor pada tabel, karena data yang ditampilkan dalam tabel cukup banyak<br>",Kosmetik
"Nama Laporan belum sesuai strukdat pada menu pelaporan, tab halaman pelaporan<br><br>Cek dan sesuaikan halaman lain yang menampilkan nama laporan&nbsp;",Minor
Posisi data baru memuat Tahun,Mayor
Pada kolom satuan kerja dan bank tidak dapat diketik,Mayor
Kolom Keterangan menampilkan pesan error dengan stack trace panjang sehingga tabel terlihat berantakan. (SS01),Minor
proses bulk download sudah hampir 1 jam belum tampil atauÂ tergenerate,Mayor
Redaksi pada modal ubah password terpotong / tidak full,Minor
Nama berbeda,Kosmetik
"1. data pada tabel log monitoring data di kolom periode bisa dirubah formatnya menjadi format tahun, bulan,tanggal <br>(SS1)<br><br>2. Bisa ditambahkan kolom nomor juga mengingat data yang ditampilkan cukup banyak<br>(SS2)<br>",Minor
belum bisa download data,Mayor
1. Pada saat ubah Informasi perkara pada field Lembaga/Instansi tidak bisa di klik (SS1)<br>2. Pada field kolom ketika pilih provinsi dropdown kota tidak otomatis terisi sesuai provinsi yang dipilih dan ketika diklik simpan data tidak tersimpan (SS2)<br>3. tombol ubah surat tugas perintah penyelidikan ketika diklik tidak terjadi apa apa<br>4. Pada form laporan hasil penyelidikan field tempat pelaksanaan ketika pilih provinsi dropdown kota tidak otomatis menyesuaikan<br>5. tidak bisa klik simpan pada form laporan hasil penyelidikan,Mayor
Link http://10.223.60.14:9995 sesuai dengan Dokumen T.4.3 skenario 16 belum bisa dibuka<br>,Mayor
"1. Nama Referensi pada pesan kesalahan kolom 2 belum sesuai<br><br>2. Belum ada validasi panjang maksimal, karakter, format desimal, lebih dari 2 angka di belakang titik, nilai negatif untuk kolom 7. Cek semua validasi sesuai struktur data<br><br>3. Pesan kesalahan untuk free text kecuali simbol | dan enter belum detil (kolom 5 dan 6)",Mayor
kurang tutup kurung pada pesan kesalahan kolom freetext. Pastikan semua sektor sudah terimplemen,Kosmetik
1. Nama Referensi pada pesan kesalahan kolom 2 belum sesuai<br><br>2. Kode komponen pada txt beda dengan struktur data<br><br>3. Pesan kesalahan untuk free text kecuali simbol | dan enter belum detil (kolom 6 dan 7),Mayor
"1.Pada kolom (Keterangan Nilai &amp; Biaya Rupiah) pada struktur data dan template menggunakan koma tetapi hasil preview tidak terdapat koma,&nbsp;<br>-pada beberapa kolom excel dan pdf juga tidak terdapat koma, tolong disesuaikan dengan struktur data",Mayor
"1.Pada kolom (Jumlah efek unit &amp; Biaya Rupiah, Nilai Rupiah) pada struktur data dan template menggunakan koma tetapi hasil preview tidak terdapat koma,&nbsp;<br>-pada beberaoa kolom excel dan pdf juga tidak terdapat koma, tolong disesuaikan dengan struktur data",Mayor
Nama kolom belum terdapat spasi ,Kosmetik
Belum terdapat spasi pada nama kolom,Kosmetik
Nama kolom memakai bhs inggris,Kosmetik
1. sumber data belum muncul<br>2. nama field belum muncul<br>,Minor
"1. pada bagian A, data Dewan Pengawas Syariah belum sesuai<br><br>2. data pada bagian C belum sesuai<br><br>3. format tanggal pada bagian D belum sesuai template<br><br>4. data pada Fokus dan Strategi Pengawasan Bank BPRS belum sesuai",Mayor
Skenario / pengujian belum lengkap datanya dan belum dapat berjalan untuk â€œBusiness Intelligenceâ€<br>,Mayor
Data blm muncul di form 23A00 untuk jenis penyesuaian&nbsp;<br><br>tolong adjust ke export PDF dan excel,Mayor
Data blm muncul di form 23A00 untuk jenis perubahan<br><br><br>tolong adjust ke export PDF dan excel<br>,Mayor
pada kolom route tidak ada datanya,Minor
Nama kolom belum terdapat spasi,Kosmetik
Hasil Download Pdf belum sesuai,Mayor
"1. Tulisan LJK pada&nbsp; keterangan tindak lanjut kurang ""J"" (SS1)<br><br>2. Tidak ada kolom CIF (SS2)<br><br>3. typo pada penulisan CKPN Tidak baik (SS3)<br><br>4. Kurang tanda (/) pada penulisan Akad kredit/Pembiayaan (SS4)",Mayor
"Di client label namanya Rutin, Perubahan, Penyesuaian<br><br>sedangkan di PPT materi briefing rutin, koreksi bank, koreksi pengawas",Kosmetik
"Di client label namanya Rutin, Perubahan, Penyesuaian <br><br>sedangkan di PPT materi briefing rutin, koreksi bank, koreksi pengawas",Kosmetik
Pada form edit profil tidak terdapat field PIC ojk namun pada cetak pdf terdapat pic ojk<br>,Mayor
"pada nilai dan predikat di finalisasi, bf dan sf masih ada dan invalid<br><br>",Mayor
ketika sampai di finalisasi dan klik selesai. tidak terjadi perubahan status,Fatal
"saat uplaod Dokumen Pendukung, keterangan berhasil belum ada",Mayor
belum bisa upload dengan extension zip,Mayor
upload data dengan extension zip belum bisa,Mayor
"filter ""Perubahan Satuan Kerja"" setelah melakukan filter/klik cari kembali menjadi default(semua)",Minor
"saat diklik membuka 2 tab APOLO web secara langsung, cukup 1 tab saja",Minor
"Tambah data pengguna, Nomor telephone bisa huruf (SS1)<br>",Mayor
hasil download pdf pada B Kondisi keuangan dalam kolom posisi DES 2022 berbeda dengan aplikasi,Mayor
"Penulisan angka pada C, TINGKAT KESEHATAN BPR kolom penilaian pengawas > DES 2023 > Peringkat antara aplikasi dan hasil download pdf berbeda",Minor
Pada D. Informasi Pengawasan lainnya BPR > D.2 Informasi tindakan pengawasan kolom Tanggal batas akhir tindak lanjut dan tanggal tindak lanjut oleh BPR/BPRS dalam download pdf menampilkan nama hari sedangkan pada aplikasi tidak menampilkan ,Minor
Pada fokus dan strategi Pengawasan Bank > B. Fokus Pengawasan Lainnya > tabel Level reviewer dan Status Reviewer hasil download PDF dengan aplikasi berbeda,Mayor
"untuk kategori kolom ""produk"" data belum tersedia",Mayor
Pada download excel menu A. Profil BPR > 2. Struktur Kepengurusan pada kolom masa berlaku sertifikat kompetensi kerja dan Hubungan keluarga tidak ada pemisah tabel,Kosmetik
Format Periode Data YYYYMMDD tidak sesuai struktur data nama file,Mayor
"Penulisan Keterangan Usulan Tindak Lanjut pada poin 3, diaplikasi tertulis LK yang seharusnya LJK<br>",Kosmetik
Belum berhasil memuat halaman,Fatal
Penulisan notifikasi log error kesalahan periode data pada kata desember seharusnya D kapital,Kosmetik
"Hasil download excel belum sesuai, kolom waktu terisi pengguna dan sebaliknya.",Mayor
"Hasil download excel belum sesuai, kolom waktu terisi pengguna dan sebaliknya.",Mayor
1.Hasil preview masih terdapat seperator (.) belum sesuai dengan&nbsp;Template dan struktur data. (g1),Kosmetik
"1.  ketika akan melakukan update klik tombol simpan/edit muncul error (SS2)<br>2. Bisa melakukan simpan data pada kolom yang bertanda mandatory ketika kosong (SS1)<br>3.  Pada saat tindak lanjut di pilih ""Tidak ditingkatkan Penyidikan"" kolom ""Alasan dihentikan"" sudah diisi tapi tidak tersimpan (SS3)<br>",Mayor
"Filter Nama tidak berfungsi, saat pertama kali diklik berhasil menampilkan list nama dari Z, saat diklik lagi tidak mengurutkan nama dari A, padahal simbol tanda panahnya sudah berubah",Mayor
"Tambah data bisa dikosongkan, padahal mandatory (nama hak akses dan user manual)",Mayor
Pada redaksi Log eror nomor surat muncul space lebih sebelum kata Wajib,Kosmetik
Popup konfirmasi hilang,Minor
Pesan kesalahan file PDF salah. tidak boleh melebihi 2 MB seharusnya 20 MB. Cek semua sektor.,Mayor
"Hasil Bulk download hanya menampilkan 2 form baru pdf, tidak ada 2 form excel",Mayor
Pesan kesalahan file PDF salah. tidak boleh melebihi 2 MB seharusnya 20 MB. Cek semua sektor.,Mayor
Belum berhasil melakukan pencarian data,Mayor
Belum berhasil melakukan pencarian data,Mayor
Saat Validasi muncul pesan kesalahan namun progress bar berhasil sampai Pembentukan File Kirim,Fatal
tidak ada validasi error ketika input data berulang (redundan)<br>pada tipe cleansing translasi dan parameterize,Mayor
Belum berhasil melakukan pencarian data,Mayor
belum ada tombol untuk kalkulasi all/ belum bisa melakukan kalkulasi all,Mayor
Nama kolom memakai bhs inggris,Kosmetik
Nama kolom memakai bhs inggris,Kosmetik
"Pada menu daftar pengurus dan pemegang saham, terdapat kalimat tanpa spasi (typo)",Kosmetik
Penulisan notifikasi log error kesalahan periode data pada kata desember seharusnya D kapital dan space titikÂ tidakÂ jauh,Kosmetik
"1. Penulisan Keterangan Usulan Tindak Lanjut pada poin 1,2 dan 3 pada aplikasi tertulis LK yang seharusnya LJK.
<br><br> 2. Jika memungkinkan bisa menambahkan kolom nomor pada tabel karena data yang ditampilkan cukup banyak.<br>",Kosmetik
"Informasi yang tampil pada menu didalam detail, belum lengkap atau sebagian belum tampil",Mayor
terdapat item data yang belum tampil sesuai dengan T.1.1,Mayor
Notifikasi email tidak muncul pada laporan TPPBUSRNA periode rutin 2035-12-31,Mayor
Notifikasi email tidak muncul pada laporan TPPBUSRNA periode koreksi 2035-12-31,Mayor
Saat melakukan hapus draft terjadi error,Mayor
terdapat beberapa kolom yang belum muncul sesuai dengan T.1.1 ,Mayor
"di Tab Barang Bukti &gt; upload dokumen keterangannya pdf dan image, tetapi saat upload image ada alert tidak mendukung ekstensi .jpg .png .avif dan .webp&nbsp;<br>image dengan ekstensi apa saja yang diperbolehkan?",Mayor
terdapat kolom yang belum muncul di web tidak sesuai dengan t.1.1 ,Mayor
hasil download excel pada B Kondisi keuangan dalam kolom posisi DES 2022 berbeda dengan aplikasi,Mayor
"Pada download excel C, TINGKAT KESEHATAN BPR kolom penilaian pengawas > DES 2023 > Peringkat pada hasil download tersebut mohon disesuaikan dengan yang seperti di aplikasi",Minor
Pada D. Informasi Pengawasan lainnya BPR > D.2 Informasi tindakan pengawasan kolom Tanggal batas akhir tindak lanjut dan tanggal tindak lanjut oleh BPR/BPRS dalam download excel menampilkan nama hari sedangkan pada aplikasi tidak menampilkan,Minor
hasil nama judul terlalu rapat (typo),Kosmetik
"Setelah membuat surat, sistem redirect ke halaman Konsep tetapi halaman tidak dapat diakses dan menampilkan error Invalid column name (SS01)<br>",Fatal
1. judul pada pdf tidak sesuai (SS1)<br><br>2. pada download excel tidak ada judulnya (SS2)<br><br>adjust semua skenario OSD 36-45,Minor
Pada T.1.1 penamaan kolom â€œTotal Baki Debetâ€,Kosmetik
"upload dokumen pendukung wajib diisi, tetapi ketika melakukan upload file tidak tersimpan",Mayor
"Pada download excel hasil download tidak memiliki kolom aksi, sedangkan pada aplikasi memiliki kolom aksi",Kosmetik
Pada download EXCEL menu Riwayat Persetujuan Penyusunan dan Penginian Supervisory Plan pada kolom Tanggal Penyusunan berbeda dengan aplikasi,Minor
ketika status data konsep dan klilk detail. laporan gabungannya tidak ada,Minor
setelah melakukan proses konsep baru halaman  tidak dapat memuat selanjutnya tetapi data berhasil masuk dengan notifikasi konsep naskah dinas berhasil di proses ,Mayor
Pada download EXCEL dalam menu pemantauan supervisory plan memiliki kolom Perencanaan Pengawasan (supervisory plan) sedangkan dalam aplikasi tidak ada,Mayor
"Saat Klik aksi Detail, muncul halaman error<br>",Fatal
"Pada download PDF hasil download tidak memiliki kolom aksi, sedangkan pada aplikasi memiliki kolom aksi",Kosmetik
Pada download PDF menu Riwayat Persetujuan Penyusunan dan Penginian Supervisory Plan pada kolom Tanggal Penyusunan berbeda dengan aplikasi,Mayor
Saat klik tombol aksi Konsep halaman error<br>,Fatal
Pada download PDF dalam menu pemantauan supervisory plan memiliki kolom Perencanaan Pengawasan (supervisory plan) sedangkan dalam aplikasi tidak ada,Mayor
"1. Pada kolom upload masih bisa upload dokumen diatas 25mb
2. belum ada informasi format serta ukuran file upload
",Mayor
Data double dan pada saat lihat detail error,Mayor
"Pada data OSD 36-45 sebaiknya untuk judul kolom dibuat Center semua, karena pada aplikasi judul terdapat di kanan/kiri.",Minor
"Filter pencarian pada jenis LJK, Kode LJK, kantor cabang belum berfungsi (SS1)",Mayor
Blm diakomodir ,Fatal
Belum diakomodir,Fatal
"TPPBUSRNA periode 2027-12-31 dengan no surat (TPPBUSRNA-15) notif email mpks.tester 5 tidak masuk, pada monitoring absensi sudah tercatat.",Mayor
"1.Pada bagian Informasi Terduga tombol detail,edit tidak berfungsi<br>2. Ketika melakukan ubah pada kolom ""Perkiraan Pelanggaran Aturan Regulasi"" tidak langsung berubah harus di refresh dulu",Mayor
Belum diakomodir,Fatal
Nama field menggunakan bhs inggris,Minor
Versi belum tergenerate,Mayor
keterangan pejabat terendah yang dapat menetapkan belum sesuai,Mayor
ketika melakukan perubahan bahasa penyusunan naskah muncul tampilan halaman <br>error ,Mayor
"form pada row 2 sudah sesuai dengan struktur data akan tetapi masih terkena error validasi

pesan error menyebutkan kode komponen tidak ditemukan pada referensi Form 81A201",Mayor
belum bisa melakukan export pdf,Mayor
belum bisa melakukan export excel,Mayor
Status Reviewer belum tergenerate,Mayor
belum ada judul tabel pada excel,Kosmetik
"Terdapat kolom informasi yang belum muncul, belum sesuai dengan t.1.1",Mayor
"Terdapat kolom informasi yang belum muncul, belum sesuai dengan t.1.1",Mayor
"Pada Strategi Pengawasan diisi di bagian A dan B namun bagian B di save terlebih dahulu, maka saat save bagian A dan di refresh, data A akan tersimpan di section B",Mayor
belum ada audit log untuk akses monitoring konsistensi,Mayor
"Ketika setelah finalisasi, tidak tercatat pada audit log nya (SS1)<br><br>SS terlampir",Mayor
"Semua export excel ketika melakukan download, format dokumen masih xls. tidak csv.",Mayor
Data Penyusunan masih lebih dari 1,Mayor
pada download PDF judul kolom pada header tidak sesuai dengan aplikasi (SS1),Minor
pada download pdf dan excel versi belum muncul,Mayor
setelah melakukan pengiriman email  dan proses persetujuan email tidak masuk,Mayor
Email Mpks.tester5 belum masuk pada laporan TPPFNSRNA periode 2035<br>,Mayor
"Pada Kanal Sub Laporan Penilaian Risiko belum sesuai dengan template dan strudat ""Laporan Penilaian Risiko Secara Individu (Individual Risk Assessment)""",Minor
"Untuk semua tampilan Pop up proses, sebelum di klik ""ok"" pop up sudah menghilang",Minor
belum ada validasi saat akan simpan Catatan Pemantauan,Mayor
judul kolom belum sama (ada yang center ada yang rata kiri),Kosmetik
Tidak tercatat pada Audit Log nya (SS1)<br><br>SS terlampir,Mayor
"Kolom 5 dan 6 jika diisi tab menampilkan pesan wajib diisi, sektor lain menampilkan pesan karakter yang diperbolehkan",Mayor
"Jika diganti ekstensi menjadi txt, muncul pesan ekstensi tidak sesuai 2 kali",Minor
"Kolom 6 dan 7 jika diisi tab menampilkan pesan wajib diisi, sektor lain menampilkan pesan karakter yang diperbolehkan",Mayor
"Jika diganti ekstensi menjadi txt, muncul pesan ekstensi tidak sesuai 2 kali",Minor
"Jika diganti ekstensi menjadi txt, muncul pesan ekstensi tidak sesuai 2 kali",Minor
"Kolom 5, 6, 10 dan 11 jika diisi tab menampilkan pesan wajib diisi, sektor lain menampilkan pesan karakter yang diperbolehkan",Mayor
"Jika diganti ekstensi menjadi txt, muncul pesan ekstensi tidak sesuai 2 kali",Minor
"1. File txt hasil generate template berbeda dengan struktur data<br><br>2. Kolom  6, 7, 11 dan 12 jika diisi tab menampilkan pesan wajib diisi, sektor lain menampilkan pesan karakter yang diperbolehkan",Mayor
"Jika diganti ekstensi menjadi txt, muncul pesan ekstensi tidak sesuai 2 kali",Minor
Jika ditambahkan baris D01 muncul pesan kesalahan yang belum menggambarkan hanya boleh header saja,Mayor
"Jika diganti ekstensi menjadi txt, muncul pesan ekstensi tidak sesuai 2 kali",Minor
"Kolom 5, 6, 10 dan 11 jika diisi tab menampilkan pesan wajib diisi, sektor lain menampilkan pesan karakter yang diperbolehkan",Mayor
"Jika diganti ekstensi menjadi txt, muncul pesan ekstensi tidak sesuai 2 kali",Minor
"1. File txt hasil generate template berbeda dengan struktur data<br><br>2. Kolom 6, 7, 11 dan 12 jika diisi tab menampilkan pesan wajib diisi, sektor lain menampilkan pesan karakter yang diperbolehkan",Mayor
"Jika diganti ekstensi menjadi txt, muncul pesan ekstensi tidak sesuai 2 kali",Minor
Mohon disesuaikan penulisan angka pada tabel bobot antara PDF dengan Aplikasi,Minor
"ketika sudah klik kirim persetujuan, belum otomatis masuk ke list daftar menunggu persetujuan",Minor
Dalam output PDF dan Excel tidak ada bagan E.Concern Lain,Mayor
hasil dowload Excel pada Fokus Pengawasan lainnya belum sesuai dengan aplikasi,Minor
Notifikasi WA belum muncul,Mayor
tidak menerima email tetapi status pada monitoring sudah berubah,Minor
setelah melakukan kik konfirmasi pengiriman mailroom status dan kolom aksi tidak berubah,Mayor
Tidak menerima email pada laporan TPPPAPNA periode 2035 rutin<br>,Minor
gagal melakukan pengiriman petunjukan naskah dinas,Mayor
email belum masuk pada laporan TPPBUSRLA periode 2035 rutin,Mayor
Data dari berbagai user belum muncul.,Mayor
"1. Invalid pada email nya (anindya.maya@ojk.go.id, dhodhom@gmail.com, rf.shannaya@ojk.go.id,<br>lukmannurhakim.dev@gmail.com, tester.devsit001@gmail.com) (SS1)<br><br>2. Dan belum tercatat pada activity log dan service log nya (SS2)<br><br>SS terlampir",Fatal
pada finalisasi tidak terdapat nilai dan predikat,Minor
"tidak ada tab final, hanya input saja berdasarkan konfirmasi dari wag",Minor
"tidak ada tab final, hanya input saja berdasarkan konfirmasi dari wag",Minor
pada hasil download pdf dan excel tabel reviewer aktif masih muncul,Minor
"ketika sudah klik kirim persetujuan, belum otomatis masuk ke list daftar menunggu persetujuan",Minor
Muncul pop up error,Mayor
"Pada hasil download bukti kirim, nama pelaporannya tidak lengkap",Minor
Untuk Audit Trail / Audit Log bisa ditambahkan,Mayor
Status internet tidak terhubung &amp; offline padahal terkoneksi dengan jaringan intranet,Mayor
"1. tidak ada judul kolom pada field Risiko dan Tingkat Kesehatan Bank<br><br>2. data profil resiko dan faktor TKS masih kosong. mohon diinfokan data KYB yang sudah terisi lengkap.<br><br>existing pada tampilan tabel jika kita pilih september 2025, kolom2 itu akan kosng jika data tidak tersedia (termasuk jduul kolom).hal ini dapat membingungkan user (kurang informatif) ketika melihat judul kolom ""kosong"". <b>(ss existing)<br></b><br>saran perbaikan: apakah memungkinkan jika judul kolom tetap ditampilkan walaupun data tidak tersedia pada periode yang dipilih, jika data tidak tersedia maka tampilkan notes ""data tidak tersedia"" pada baris data <b>(ss saran)</b>",Mayor
"Setelah berhasil login tidak ada notifikasi ""Mohon Ubah Password Anda terlebih dahulu"" jika tidak diubah maka tidak bisa akses Client <i>terlampir</i><br>",Minor
"nama pelaporan masih ada kata ""Data"" nya",Kosmetik
"ketika klik preview KYB, munculkan pesan error server",Fatal
"terdapat kata ""Data"" pada isi pelaporan email, belum sesuai dengan strukdat",Kosmetik
Saat ubah password dengan password baru yang sama dengan 3 password terakhir berhasil lolos,Mayor
"nama pelaporan masih ada kata ""Data"" nya",Kosmetik
"PDF Tanda Bukti Kirim masih terdapat kata ""Data""",Kosmetik
Penulisan tanggal disingkat (SS1),Kosmetik
Masih ada beberapa aktivitas yang belum tercatat di log,Mayor
"pada bukti kirim tidak konsisten kata ""data"" pada nama pelaporan, pada gambar atas skenario 23 dan yang bawah skenario 25.",Kosmetik
"nama pelaporan masih ada kata ""Data"" nya",Kosmetik
masih menampilkan 2 halaman,Minor
"PDF Tanda Bukti Kirim pelaporan masih terdapat kata ""Data""",Kosmetik
Pada Naskah Dinas Dalam Proses yang belum disetujui muncul <em>icon </em>Tong Sampah<br>,Mayor
gagal cek file signature<br>error RSA decrypt,Mayor
"pada hasil download PDF dan Excel file dokumen pendukung yang telah di upload kedalam aplikasi, tidak masuh pada output",Mayor
gagal download History Upload Dokumen error 404 not found,Fatal
"Penulisan Baki Debet Sebelum Dihapusbukukan (Baki Debet Bulan sebelumnya) , kurang tanda ( ) sesuai dengan lampiran (SS1)",Kosmetik
"pada note ""File yang diupload harus Word (docx) dengan maksimal ukuran 25 MB"" kurang kata pdf. padahal mendukung untuk upload pdf.",Minor
Login Gagal<br><br>notif:<br>No http resource was found that matches the request URLhttp//:10.224.60.57:8981/api/login,Fatal
belum terima email notifikasi h-7 bahwa user akan expired; <br>dan belum ada audit log bahwa email sudah terkirim,Mayor
"Laporan TPPBUSRLA periode 2029-12-31, notif email tidak masuk, pada monitoring absensi tidak tercatat juga.",Mayor
gagal save draft muncul pesaan error aplikasi,Fatal
"data pada kolom jabatan dan kolom level reviewer pada tabel field ""review aktif"" terpotong",Kosmetik
"setelah melakukan approved Nota dinas  tanggal dinas pada kalender belum muncul/tercatat, dari  yg terlibat bikin naskah dan penerima",Mayor
"search engine pada field pilih pegawai belum optimal.case search kata ""direk"" munculkan notif ""no result"" padahal ketika search dengan kata ""sipb"" muncul kata yang mengandung ""direk"".<br>",Mayor
Fungsi filter belum berfungsi (SS1),Mayor
Pada Saat validasi dan kirim laporan terdapat kesalahan atau tidak valid,Mayor
Form tidak ditemukan dan tidak sesuai format,Mayor
1. Pada saat klik raw table pada halaman profil gambar pecah (SS1)<br><br>2. Tabel kolom pada komisaris terlalu kecil sehingga tidak terbaca apabila tabel di geser (SS2)<br><br>3. penulisan button Historis pada aplikasi  historist (SS3)<br><br>4. Awalan judul pada kolom tabel Daftar surat berharga belum menggunakan huruf besar (kapital)<b> </b>(SS4),Kosmetik
"Kotak reminder terpotong, mohon cek juga untuk proses selain telaah",Kosmetik
Pada button histori dan detail tidak dapat diakses (SS1),Mayor
"1. Di dokumen T11 disebutkan hasil download berupa Pdf, Excel tetapi di aplikasi baru ada hasil download Pdf<br>2. Di dokumen T11 disebutkan ada  penyesuaian dashboard menambahkan:<br>- informasi tahapan Proses Perkara Aktif<br>- Informasi Distribusi Pasal yang dilanggar Per Sektor (PBKN,PMDK, PPDP, PVML)<br>- Informasi Rasio Jabatan Per Sektor (PBKN, PMDK, PPDP,PVML)",Mayor
Preview gagal menampilkan data (SS01)<br>,Mayor
"Ketika session pengguna habis (timeout), sistem langsung otomatis melakukan logout tanpa ada pemberitahuan terlebih dahulu. Hal ini berpotensi membingungkan pengguna karena mereka tidak mengetahui penyebab keluar dari sistem secara tiba-tiba. <br><br><br>Saran perbaikan : Tambahkan mekanisme notifikasi/popup saat session timeout agar pengguna memahami alasan logout dan dapat login ulang dengan lebih mudah.<br>",Mayor
Button Cetak Laporan belum berfungsi,Mayor
"Tombol ""Reset"" belum berfungsi untuk menghapus inputan (sesuai test case yang tercantum)_ SS1<br><br>SS terlampir",Minor
data dari Jadwal Pelaksanaan Forum Panel belum masuk ke menu Hasil Forum Panel,Mayor
"ketika save data, tidak ada history di audit log<br><br>",Minor
Pada skenario atau dokumen T.43 setelah klik menu pasar modal diminta klik APM dan klik Sub Menu APM_IPO1. Sedangkan pada aplikasi menu APM tidak ada jadi langsung dengan Sub Menu APM_IPO1,Minor
"ketika save data, tidak ada history di audit log",Minor
"Belum sesuai lampiran:<br>1. Pada lampiran tidak ada nomor (SS01)<br>2. Perbedaaan penamaan ""Jumlah LJK"" pada template ""Jumlah LJK Penerima Dana"" (SS01)<br>3. Sesuaikan juga hasil ekspor txt dan excel dengan temuan diatas",Minor
"Drop Down Jenis Lembaga, ketika dipilih, tampil double untuk Bank Umum Syariah<br><br>mohon cek juga pada<br>Kanal TPPU TPPT PPSPM yang lain",Mayor
nama Jenis Laporan seharusnya â€œRekap Absensi Pemantauan SPâ€ sesuai T11,Kosmetik
isi pada hasil data pdf tidak sesuai dengan aplikasi (SS1),Minor
Tidak bisa akses menu Supervisory Plan muncul pesan error aplikasi,Fatal
"belum ada ""oleh reviewer utama"" pada nama kolom Tanggal Catatan per TW",Kosmetik
laporan tidak tampil,Mayor
"catatan ""alasan menyetujui tidak sesuai kewenangan"" belum bisa dicek sudah masuk atau belum pada sistem",Mayor
Ketika dikasih tab blm muncul pesan error terkait karakter yg diperbolehkan<br>,Mayor
1. Pada lampiran tidak ada nomor (SS01)<br>2. Hasil Export Tidak ada nomornya (SS02)<br><br>,Minor
salah satu judul kolom pada riwayat review terpotong (cek ss),Minor
Pada Akun Reviewer pada kolom aksi liat dan edit memiliki fungsi yang sama dapat melakukan Revisi dan Checked dokumen,Mayor
Pada lampiran ada beberapa yang perlu di Bold (SS01),Kosmetik
Tombol proses belum berfungsi<br>,Mayor
"Untuk hasil atau detail laporan KKA tahunan pada Profil Perusahaan - Daftar Pemegang Saham terdapat penulisan atau penyingkatan Tanggal menjadi Tgl di tabel, mohon agar diseragamkan dengan lainnya menjadi Tanggal, berikut juga dengan hasil Export excel / pdf nya",Kosmetik
"- Judul pada tabel belum center<br>- tidak ada garis pemisah pada subtotal, other dan grand total (SS1)",Kosmetik
"- Judul pada tabel belum center<br>- tidak ada garis pemisah pada subtotal, other dan grand total (SS1",Kosmetik
1. Penyesuaian pada penamaan header tabel (SS01)<br>2. Penyesuaian pada posisi header tabel (SS01),Kosmetik
"Tidak dapat approve rbbr, notif error aplikasi kurang informatif errornya dibagian mana",Fatal
"Pada data KKA Tahunan tabel Aset, Liabilitas, Pendapatan, Beban dan Arus kas untuk item pada kolom uraian bisa di-rapi-kan kembail  rata kiri nya",Kosmetik
1. Penyesuaian pada penamaan header tabel (SS01)<br>2. Penyesuaian pada posisi header tabel (SS01),Kosmetik
error 200 tidak bisa tambah reviewer.,Fatal
pada file upload terpotong nama nya seperti pada gambar,Kosmetik
Pada data KKA Tahunan Tabel 10 Besar Penanganan Klaim ada data yg hasil export excel / pdf nya masih bentuk menggunakan satuan E,Minor
header belum sejajar,Kosmetik
"Pada data KKA Tahunan untuk Tabel Aset, Liabilitas, Ekuitas, Pendapatan, Beban, Arus Kas dan Pendapatan Per Lini Usaha, data hasil export excel pada tabelnya ada beberapa data pada uraian yg di marking berbeda warnanya (untuk total dsb) mohon agar disamakan dengan data yang ada di aplikasi diberikan perbedaan juga",Minor
tidak bisa input no surat,Mayor
"hasil unduhan template berjenis word namun pada saat unggah file, file yang di upload harus menggunakan file pdf. mohon untuk mencantumkan keterangan file yang di upload pada unggahan<br>",Minor
Strukdat pada validasi kolom blm sesuai. Tabel atas dan bawah blm sesuai,Kosmetik
"pada field Tag Dokumen, ada instruksi untuk ""select"" tag, ketika klik muncul ""tidak ada tag"", ternyata field ini bisa free text dengan enter sebagai input. ketika berhasil input tag keterangan ""tidak ada tag"" tetap muncul, hal ini dapat membingungkan user. untuk ux yang lebih baik mohon disuaikan kembali",Mayor
Penyesuain penamaan pada header dengan mockup pada lampiran termasuk dengan export (SS01),Kosmetik
"Pada saat ubah password :<br>1. Masih bisa ubah password berurutan : ganti password : P@ssw0rd3, kemudian ganti P@ssw0rd4<br>2. Masih bisa ubah password lama dengan password yang baru, kemudian diubah lagi ke password sebelumnya. <br>Password sebelumnya: P@ssw0rd! diubah menjadi  P@ssw0rd3, kemudian diubah kembali menjadi P@ssw0rd!",Mayor
Penyesuain penamaan pada header dengan mockup pada lampiran termasuk dengan export (SS01),Kosmetik
"1. Hasil Export Excel pada KK1 dan KK2 menampilkan kode bukan nama (SS01)<br>2. Pada Detail ""Nama LJK"" Tidak ada termasuk hasil export (SS02)<br>",Minor
1. Tampilan Chart / diagram Perusahaan Efek  belum sesuai dengan mockup lampiran (SS1)<br><br>2. Tampilan Chart / diagram Analisis Harga  belum sesuai dengan mockup lampiran (SS2)<br><br>3. Saat memfilter Switch View &gt; Luar Negeri dengan data yang sama namun hasil dari landing page Luar negeri datanya kosong (SS3)<br>,Mayor
"Pada saat ubah password :<br>1. Masih bisa ubah password berurutan : ganti password : P@ssw0rd, kemudian ganti P@ssw0rd2<br><br>2. Masih bisa ubah password lama dengan password yang baru, kemudian diubah lagi ke password sebelumnya.<br>Password sebelumnya: P@ssw0rd! diubah menjadi P@ssw0rd3, kemudian diubah kembali menjadi P@ssw0rd!<br><br>3. Redaksi Pada ganti password terpotong (gambar)<br><br>",Mayor
"saat data diajukan, Tag Dokumen tidak tersimpan",Mayor
"version upload dari koreksi pengawas keterangannya ""perubahan"" yang seharusnya ""penyesuaian""",Minor
Tidak bisa ubah parameter. error aplikasi,Fatal
"1. Penyesuai tabel pada lampiran mocakup jenis nasabah tidak ditampilkan (SS01)<br>2. Pada Detail Nama Kreditur, lampiran adalah Nama Bank (SS02)<br><br>*note termasuk hasil exportnya",Mayor
"pada note, kurang tabel pendelegasian wewenang.",Mayor
"Pada saat ubah password :<br>1. Masih bisa ubah password berurutan : ganti password : P@ssw0rd!, kemudian ganti P@ssw0rd5<br><br>2. Masih bisa ubah password lama dengan password yang baru, kemudian diubah lagi ke password sebelumnya.<br>Password sebelumnya: P@ssw0rd! diubah menjadi P@ssw0rd5, kemudian diubah kembali menjadi P@ssw0rd!<br><br>",Mayor
ketika klik tanggal mulai muncul pop up error,Mayor
"setelah melakukan penyetujuan dan pengkiinian, versi dalam aplikasi tidak naik, pada riwayat review tidak muncul",Mayor
"1. pada tabel profil resiko, kolom aksi tidak diberi judul<br><br>2. judul kolom tidak seragam rata tengah<br>",Minor
nama kolom pada hasil download belum sesuai dengan Template:<br><br>1. belum ada turunan Root Cause<br><br>2. Keterangan Akhir masih di bawah Penilaian QA dan Feedback bukan dibawah Penilaian<br><br>3. nama kolom berbeda dan belum ada turunan kolom lagi<br><br>4. nama kolom berbeda,Kosmetik
"Pengetesan periode Data Laporan pada Nama File muncul eror file yg tidak saya ubah, ini terjadi pada laporan Rutin, Koreksi Inisiatif LJK dan Koreksi Pengawas pada Form AI &amp; ALM",Minor
"1. Penamaan Judul Tidak Sesuai Mockup (SS01)<br>2. Penyesuai tabel pada lampiran mocakup jenis nasabah tidak ditampilkan (SS01)<br>3. Pada Hasil Export Excel Tidak ada Periode (SS02)<br>4. Pada Detail Nama Kreditur, lampiran adalah Nama Bank (SS03)<br><br>*note termasuk hasil exportnya",Mayor
judul kolom belum rata tengah,Kosmetik
hasil filter parameter tidak sesuai. cek ss,Mayor
"1. Penyesuai tabel pada lampiran mocakup jenis nasabah tidak ditampilkan (SS01)<br>2. Pada Detail Nama Kreditur, lampiran adalah Nama Bank (SS02)<br><br>*note termasuk hasil exportnya",Mayor
data lembaga perbankan redundan pada filter parameter,Mayor
1. Penamaan Judul Tidak Sesuai Moackup (SS01)<br>2. Penyesuai tabel pada lampiran mocakup terdapat kolom nomor CIF (SS01)<br>3. Pada Hasil Export Excel Tidak ada Periode (SS02)<br>,Minor
"tidak ada judul kolom ""aksi"" pada tabel dokumen pendukung dan Fokus dan Strategi Pengawasan Bank",Minor
"Untuk Penulisan Hak Cipta masih tertulis tahun 2022, mohon untuk di update pada tahun terkini (2025) sebagai penanda bahwa aplikasi selalu aktif dan update",Minor
dapat input fokus utama/sekunder/fokus lainnya secara redundan. tetapi yang muncul pada preview SP hanya 1.,Mayor
Pada Tabel Konseptor dan Riwayat konseptor untuk isi datanya tidak sesuai dengan kolomnya/bergeser,Minor
Hasil email dan monitoring SUKSES seharusnya gagal karena sudah pakai nomor surat expired dan sudah digunakan oleh LJK,Mayor
Jika nama <em>file</em> tidak sesuai,Mayor
Jika jumlah <em>file</em> tidak sesuai,Mayor
button download belum berfungsi,Mayor
1. Penamaan Judul Tidak Sesuai Moackup (SS01)<br>2. Penyesuai tabel pada lampiran mocakup terdapat kolom nomor CIF (SS01)<br>3. Pada Hasil Export Excel Tidak ada Periode (SS02),Minor
"saat akan simpan pada Tambah data Rekomendasi, halaman kembali ke halaman awal dan data yang ingin disimpan tidak tersimpan",Mayor
Catatan Pemantauan LTR tidak bisa diubah,Mayor
Hasil akhirnya belum sesuai (SS1)<br><br>SS terlampir,Mayor
1. tidak ada pilihan filter kantor cabang (SS1)<br>2. Judul kolom belum center (SS1),Minor
KK yang telah diajukan pada Penyusunan SP 2025 belum masuk ke Output SP,Mayor
Versioning belum tampil sesuai data latest,Mayor
Nama kantor cabang belum sesuai,Minor
judul kolom belum rata tengah,Kosmetik
tidak dapat kirim hasil review oleh reviewer pendukung sipbu2.erorr 401,Fatal
"pada version upload untuk no surat yang tidak terdaftar seharusnya memiliki tanda ""(-)"" contoh ""penyesuaian (-)""",Minor
"data hanya bisa di filter pada Ticker code AYAM saat ingin mem-filter Ticker Code BREN, IKPM dan IOTF tampilan langsung error",Fatal
Seharusnya muncul pesan error terkait Sub Total dari Sub Menu apa,Mayor
Ada beberapa Row yang tidak ada / tidak sesuai dimockup (SS01)<br>,Mayor
1. Urutan Header tidak sesuai dengan Mockup (SS01)<br>2. Penyesuaian penulisan pada Row Jenis Investasi (SS01),Minor
"pada riwayat konseptor, kolom tanggal penunjukan masih terdapat typo",Kosmetik
Tabel Summary IPO pada aplikasi beberapa kolomnya tidak sama dengan lampiran mockup.<br>,Minor
page 2 tidak muncul,Mayor
Seharusnya Gagal Client tetapi file terkirim dan terproses sehingga Gagal Web,Minor
Filter pencarian nama kantor cabang belum terfilter (SS1),Mayor
data header belum sejajar,Kosmetik
"Kanal pada RO Laporan TPPU, TPPT, PPSPM BUK belum sesuai, saat ini WALI AMANAT &gt;  LAPORAN INSIDENTIL WALI AMANAT",Mayor
tidak bisa melakukan upload laporan,Fatal
"1. Pada index code tidak terdapat keterangan composite (SS1)<br><br>2. Pada Berita saham terdapat double kolom pada kolom kode dan kolom tradedate (SS2)<br><br>3. Pada Kebutuhan informasi saham terdapat double kolom pada kolom ""Tradedate"" dan terdapat triple kolom pada  ""Kode eminten""  (SS3)",Mayor
"1. Kode Sektor LPBBTI Syariah belum sesuai struktur data<br><br>2. Terdapat 2 kolom 5 pada struktur data<br><br>3. Pesan karakter yang diperbolehkan pada kolom no surat belum sesuai dengan struktur data. karakter , tidak ada di strukdat namum lolos.<br>",Mayor
"ketika dokumen sudah dikirim dari drafter ke reviewer, button batal tidak muncul pada user drafter",Mayor
"1. pada lampiran terdapat kolom Tot val, Tot Vol dan Tot Freq (SS1)<br><br>2. Penamaan header tidak sesuai dengan lampiran , pada aplikasi singkatan (SS2)<br><br>",Mayor
1. Based on strukdat harusnya panjang maksimum 8<br><br>2. Tanda bagi apakah menggunakan / atau :. Tolong disepakati dan konsisten,Mayor
"1. Pada lampiran terdapat kolom ""Client ID"" (SS1)<br><br>2. Penamaan pada judul header belum sesuai lampiran (SS2)",Minor
"ketika klik ""proses"" muncul notif ""data berhasil diproses"", tetap data tidak muncul padahal filter yang dipilih hanya tanggal saja.",Mayor
"Pada Rekening koran terdapat kolom Qty Debit, Qty Kredit dan cumulativeQty sesuai dengan detail dashboard lampiran (SS1)",Mayor
Mohon dapat ditambahkan informasi <strong>Max Size Upload</strong> dan <strong>extension/format file</strong> yang diperbolehkan pada form upload dokumen/gambar,Minor
"1. tombol lihat tidak berfungsi pada table list pelimpahan (SS1)<br>2. ketika klik proses muncul notifikasi error (SS3)<br>3. di kolom ""Update Status Perkara"" hanya muncul pilihan ""SP3"" sehingga tidak bisa lanjut ke tahap selanjutnya<br>4. pada saat upload resume penyidikan final muncul pop up ""mohon maaf terjadi kesalahan"" (SS5)",Mayor
alignment pada judul kolom belum rata tengah,Kosmetik
tanda ceklis dan dropdown bertabrakan,Kosmetik
Nama kolom tidak muncul pada page 2,Minor
"Tidak terdapat menu menu <i>""</i>Logâ€  untuk Log Proses , upload dan detail (SS1)",Mayor
Data tidak muncul setelah klik view report,Mayor
Pada upload laporan hasil penyelidikan sudah diisi lalu klik tombol simpan setelah itu klik proses tetapi file upload harus diisi lagi,Mayor
"hasil filter masih belum sesuai parameter input filter. filter resiko = kredit, data yang bukan kredit ikut tampil",Mayor
"Pesan karakter yang diperbolehkan pada kolom no surat belum sesuai dengan struktur data. karakter , tidak ada di strukdat namum lolos.",Minor
"ketika dokumen sudah dikirim dari Reviewer1 ke reviewer2, button batal tidak muncul pada user reviewer 1",Mayor
urutan no data tidak dimulai dari 1,Minor
Hasil Dokumen Pendukung yang di download masih kosong,Mayor
tidak ada judul pada kolom aksi,Minor
1. Download PDF masih berantakan<br>2. Format tanggal tidak sesuai aplikasi (SS1),Minor
1. Tampilan Chart / diagram Perusahaan Efek belum sesuai dengan mockup lampiran (SS1)<br><br>2. Tampilan Chart / diagram Investor Fulfillment Order Sum belum sesuai dengan mockup lampiran (SS2)<br><br>3. Saat memfilter Switch View &gt; Luar Negeri dengan data yang sama namun hasil dari landing page Luar negeri datanya kosong (SS3)<br><br><br>,Mayor
nama kolom tidak sesuai dengan struktur data,Minor
Belum ada data yang dapat diuji untuk keempat ticker code,Minor
"tidak bisa akses, error 401",Fatal
Penamaan pada sub sub menu terpotong / tindak lengkap (SS01),Kosmetik
"Pada kode report CSA_2_1, CSA_2_2, CSA_2_3b, CSA_2_4, CSA_2_5a, CSA_2_5b, CSA_2_5c, penamaan di halaman aplikasinya ""Export Excel dan Export CSV""  (SS1), di log akses nya tercatat penamaan ""Download"" (SS2)<br><br>SS terlampir",Minor
error pada kolom RKE saat melakukan validasi padahal sudah menggunakan installer dan strukdat terbaru,Mayor
"belum ada spasi pada nama kolom ""antarkota""",Kosmetik
"saat menambahkan dokumen pada Upload Dokumen Risalah Rapat dan Penilaian, data tidak tersimpan",Mayor
upload dokumen belum mandatory,Mayor
belum bisa tambah Tindak Lanjut,Mayor
Validasi dengan mengubah ekstensi 4 form akan tetapi pada log eror hanya muncul 2 form,Minor
"karakter yang diperbolehkan pada form KWKC  kolom ""Alamat Lengkap"" belum sesuai",Kosmetik
Pesan validasi sandi referensi masi belum sesuai,Kosmetik
tanda ceklis bertabrakan dengan dropdown,Kosmetik
"ketika klik ""salin dari periode sebelumnya"" muncul notif ""data berhasil disalin"", tetapi tidak ada data yang disalin (kosong)",Mayor
"ketika klik kirim form ringkasan eksekutif arahan, muncul notif ""analisis kinerja keuangan harus diisi"" padahal field tersebut tidak ada pada form input",Mayor
"muncul notif ""catatan harus diisi"" padahal tidak ada tanda mandatory pada catatan.",Mayor
"Installer error, muncul notif gagal kalo user id/password salah<br><br>udh coba pake apolo.sit008@gmail.com masih ga bisa<br><br>",Fatal
page ke 3 tidak muncul data (data kosong)<br><br>,Minor
Pada saat login menggukan user devojk\usr.pengawas1 meggunakan password yang tidak sesuai masih bisa lolos/berhasil login,Minor
validasi panjang maksimal masih belum sesuai,Minor
Terdapat data redundan pada tabel data pengurus<br><br>Masih terdapat redundan pada data lainnya. mohon dilakukan cleansing untuk menghindari data redundan.,Mayor
"pada kalkulasi all belum bisa<br>dan<br>ketika klik simpan pada salah satu tab, tejadi error<br>",Fatal
Tidak bisa melihat/mengecek notifikasi,Minor
Nama kolom tidak sesuai pada struktur data,Minor
Lokasi Forum Panel belum ada mark mandatory (*),Kosmetik
"ketika klik approve sesusai kewenangan oleh sipbu 6, muncul notif berhasil approve, tetapi kolom status approve tidak terisi",Fatal
"Tahun pada watermark nya belum sesuai, masih tahun ""2023"" (SS1)<br><br>SS terlampir",Kosmetik
"jika hanya filter Jenis Laporan dan/atau Periode yang diisi sebelum klik Buat Laporan, Hasilnya akan error",Mayor
Garis pada tabel belum muncul,Kosmetik
user drafter bisa approve juga padahal bukan kewenangannya<br><br>akses aksi yang dibuka mohon disesuaikan dengan user dan kewenangan masing-masing user.,Fatal
aplikasi tidak dapat diakses,Fatal
Garis pada tabel belum muncul,Kosmetik
tanda ceklis dan dropdown overlap,Kosmetik
Tata letak txt pada excel tidak sejajar dengan  preview,Minor
"Flag versi upload di ke 3 laporan pada monitoring tidak sesuai, harusnya tampil mengikuti yang terbesar",Mayor
Garis pada tabel belum muncul,Kosmetik
"Persentase Tanggapan belum sesuai, data ""Selesai"" 1, ""Pantau"" 1",Mayor
"belum ada perubahan label dari ""Tanggapan Sekretariat Forum Panel - DPKP"" menjadi ""Tanggapan Fungsi Pengendalian Kualitas Pengawasan<br>Perbankan"".",Kosmetik
Saat Export <b>100 Debitur Terbesar yang Dibiayai &gt;1 LJK dalam Konglomerasi Keuangan Summary.</b> Tanda <b>(&gt;)</b> yang tercatat pada sub sub menu dan detail aktivitas tidak sesuai. (SS01),Kosmetik
Filter pencarian pada menu Pasar Modal belum berfungsi (SS1)<br><br>,Mayor
Nama aset belum sesuai dengan lampiran<br><br>,Minor
Penamaan Referensi Dati II masi belum sesuai,Kosmetik
tata letak header row 3 (tulisan aplikasi pelaporan online ojk(APOLO)) tidak terlihat dan tata letak pada nama pelaporan serta periode tidak sejajar,Minor
Kolom pada lampiran belum muncul pada aplikasi,Minor
Nama Pos-pos belum sesuai dengan lampiran,Minor
ada halaman berlebih,Minor
"Keterangan di aplikasi ""dalam triliun rupiah dan dolar AS"" (SS1) tidak ada di hasil export excel dan export csv (SS2)<br><br>SS terlampir",Kosmetik
"1. untuk no surat, diberi spasi lebih dari 50 digit tetap lolos validasi<br><br>2. Semua kolom jika diberi spasi  di depan, tengah ataupun belakang, akan tetap lolos<br><br>cek semua sektor<br>",Mayor
"""Total Aset PVML Syariah"" di aplikasi (SS1) dengan hasil Export Excelnya(SS2) berbeda<br><br>SS terlampir",Kosmetik
"1. Seharusnya muncul pesan error terkait karakter apa saja yang diperbolehkan !@#$%^&amp;*()_+{}:""&lt;&gt;?-=[]\;',./`~<br><br>2. Kalo multi dan di duplikat per kode komponen yang sama, seharusnya lolos validasi. Ini muncul notif error CR LF",Mayor
"Kolom 2 diberi spasi depan, belakang dan tengah masih lolos<br><br>cek semua sektor",Mayor
"Kolom 2 diberi spasi depan, belakang dan tengah masih lolos<br><br>cek semua sektor",Mayor
"penamaan form pada ""kode"" tidak menggunakan huruf kapital pada preview belum sesuai dengan strukdat dan template",Kosmetik
"Pada hasil Export CSV(SS1), terdapat penamaan kolom yang tidak sesuai dengan aplikasi dan hasil Export Excel (SS2)<br><br>SS terlampir",Kosmetik
"Kolom 2 diberi spasi depan, belakang dan tengah masih lolos<br><br>cek semua sektor",Mayor
"Kolom 2 diberi spasi depan, belakang dan tengah masih lolos<br><br>cek semua sektor",Mayor
Tampilan kolom kurang mohon disesuaikan,Minor
kolom nama di app dan export excel kurang mohon disesuaikan,Minor
Nama kolom pada aplikasi belum sesuai dengan lampiran,Kosmetik
"saat melakukan upload lampiran file melebihi ketentuan size, muncul popup default erorr<br>usul: Tampilan gagal/popup kalimatnya bisa disesuaikan<br>",Minor
File PDF diubah menjadi .txt tidak bisa,Fatal
"pada penomoran, belum sesuai dengan urutan nomor",Kosmetik
data pada excel belum sesuai dengan tampilan di web,Mayor
"Hasil email SUKSES seharusnya gagal, namun pada monitoring hasilnya GAGAL karena sudah pakai nomor surat expired",Mayor
"ketika input<br>-status alert menjadi tidak aktif<br>-input analisis<br>-input tindak lanjut<br>lalu klik simpan<br><br>tidak ada data yang berubah<br data-mce-bogus=""1"">",Mayor
"pada page log akses aplikasi, ketika klik next page, tidak ada data yang muncul/kosong",Mayor
menu BPR  belum muncul di menu Bar analystic<br>,Mayor
hasil table tidak sesuai dengan skenario,Minor
"ketika sudah export excel KYE Alert, tidak ada history bahwa sudah berhasil download",Mayor
Jika di klik muncul error,Fatal
"pada client tidak terdapat Laporan TPPU, TPPT, PSPM",Mayor
Pesan error untuk kode komponen RPRI0100000000 blm muncul,Mayor
"pada client hasil download dari web tidak terdapat Laporan TPPU, TPPT, PSPM",Mayor
Data pada penilaian Tata kelola untuk Faktor 4 Pelaksanaan Tugas tanggung jawab dan wewenang DPS ketika ingin edit data error.,Mayor
field Periode seharusnya optional,Mayor
"pada T11 dan T43 skenario modul ""Tindakan pengawasan dan pemantauan"" terdapat pendelegasian wewenang, sedangkan pada aplikasi tidak ada",Mayor
"tidak ada tombol ""sync"" di sebelah tombol export, sesuai dengan mockup",Mayor
"Terkait dengan temuan nomor 2 yang error pada Penilaian Tata kelola Faktor 4, mengakibatkan data pada Faktor 5 s.d Peringkat komposit menjadi tidak sesuai penempatannya ketika di KLIK / pilih",Mayor
laporan belum tampil jika hanya mengisi salah satu saja,Mayor
"Nama ""laba rugi"" seharusnya tidak muncul pada apliaksi",Minor
"kolom tabel masih lebar namun tulisan dalam tabel tidak dibuat kesamping, melainkan kebawah",Kosmetik
download client error,Mayor
typo pada penulisan Rentabilitas,Kosmetik
Strukdat blm jelas antara M/C/O untuk kode komponen multi<br><br>tolong update templatenya,Fatal
"Pada menu Zombie Company saat download pdf, jpeg dst. tidak tercatat di log akses (SS01)",Mayor
"tulisan pada tabel terpotong kebawah, saat view di zoomout tetap sama",Minor
tidak ada grafik pada tabel Another Ticker Code in Technology (SS1),Mayor
"1. pada modal ubah password, ada ""...."" pada awal kalimat <br><br>2. redaksi tentang kadaluarsa tidak konsisten dengan laporan lain<br>",Kosmetik
"1. titik ke double seharusnya .txt atau .pdf<br><br>2. seharusnya juga muncul pesan error tidak ditemukan/tidak sesuai format<br><br>3. seharusnya ketika ukuran file tidak sesuai maka muncul pesan error ""ukuran file tidak boleh lebih dari 20MB""",Minor
dokumen pendukung bersifat mandatory tapi data bisa di save jika tidak diisi,Mayor
Download pada Dokumen Pendukung error,Mayor
"1. titik ke double seharusnya .txt atau .pdf<br><br>2. seharusnya juga muncul pesan error tidak ditemukan/tidak sesuai format<br><br>3. seharusnya ketika ukuran file tidak sesuai maka muncul pesan error ""ukuran file tidak boleh lebih dari 20MB""",Minor
"1.Kode komponen multi selain kolom 10,11,13,15 tetap harus diisi<br><br>2. Terkait baris total di kolom 10,11,13,15 apakah akan di define penjumlahan detil atau penjumlahan baris1+baris 2 dst? khusus <br><br>3. Karakter | tidak boleh muncul krn ter-define as tab dan tanda * blm ada. Karakter yg diperbolehkan hanya !@#$%^&amp;*()_+{}:""&lt;&gt;?-=[]\;',./`~<br><br>4. kalo ada kode komponen single dan multi, maka cukup ""kode komponen harus unik"" atau perlu ada jumlah baris yg diperbolehkan?<br><br>5. kalo ada case kode komponen single dan multi dan dihilangkan yg multi, maka seharusnya muncul pesan error untuk kode komponen multi ga?<br><br>6. blm muncul pesan error terkait validasi antar form ke LPK!L26",Mayor
penamaan kolom nama dewan pada profil DIR masih belum sesuai template,Minor
penamaan kolom nama dewan pada profil DWAS masih belum sesuai template,Minor
"pada table penilaian risiko masih kurang 1 kolom berdasarkan mockup, yaitu ""Nama Platform""",Minor
pada hasil download belum sesuai dengan web,Minor
"ketika sudah export excel Penilaian Risiko, tidak ada history bahwa sudah berhasil download",Mayor
tidak ada history apapun saat membuka penilaian risiko,Mayor
tidak bisa sembarang upload tapi tidak ada download template,Mayor
"Pada Skenario pengujian <b>Akurasi Penetapan Kualitas Kredit Oleh BPR, </b>kolom nomor rekening belum tampil pada web, lalu kolom hubungan dengan bank tidak ada pada acuan tapi tampil pada web<br>",Mayor
page ke 2 data kosong<br><br>,Mayor
1. Pada analis Harga tedapat pilihan order date dan kategori retail (SS1)<br><br>2. Pada order category  tidak ada keterangan fixed.(SS2)<br><br>3. Pada order variant belum ada chart dan keterangan non retail dan retail (SS2)<br><br>4.Order dengan afiliasi keterangan unknow sedangkan di mockup terdapat keterangan chart tersebut <br>(SS2)<br><br>5. Pada pilihan switch view dalam negeri pada peta negara investor tidak terdapat pilihan negara dan provinsi (SS3)<br><br>,Mayor
"Pada bagian tabel masih ada yang belum sejajar, masih ada rata kiri dan ada yang di tengah, mohon disesuaikan",Kosmetik
email pemberitahuan ketika terdapat perubahan pada dokumen KYB belum bisa masuk,Mayor
"kolom ""jenis aktifitas"" ini untuk hasil download nya tidak terpanggil dan hanya berisi ""ActTypeLookup"" (tidak sesuai dengan preview)<br><br>",Minor
pada skenario <strong>Data Olahan<i> - Maturity Profile  </i></strong>terdapat kolom yang belum muncul di web  dengan acuan terdapat lampiran foto tersebut<br>,Mayor
kolom kode komponen &amp; nomor seharusnya tidak muncul di preview,Minor
email pemberitahuan belum berjalan,Mayor
Hasil Download pdf INV - Rincian Jenis Investasi tabel Kolom Total tidak sesuai,Minor
1. judul kolom tidak rata tengah<br>2. kolom aksi tidak ada judul kolom,Minor
Pada form RKU tampilan pada kolom Rasio di tiap baris seharusnya angka persentase tetapi pada preview hanya angka dengan pembulatan,Minor
"1. Make sure ke strukdat, krn harusnya mostly kolomnya M. Cek ke semua row krn mostly blm sesuai sehingga pesan error tidak muncul<br>",Mayor
"Tampilan preview Form RPI berbeda dengan template, pada :<br>Kolom 7, 8, 10, 11, 12 : referensi hanya muncul inputan saja<br><br>Kolom 13 : Alignment rata tengah berbeda dengan kolom 14-15<br><br>Kolom 13-15 : angka bernilai Rupiah tidak ada .00",Minor
Tampilan nama Form ALM - Jatuh Tempo Aset dan Liabilitas - BPJS Kesehatan berbeda dengan template,Minor
Urutan IPO tidak berurut (SS1),Kosmetik
"1. Pada Kolom ""pe"" merupakan singkatan Penulisan Huruf Besar (SS1)<br><br>2. Beberapa judul kolom awalan masih huruf kecil (SS2)",Kosmetik
Alignment masih belum sesuai,Kosmetik
"Form HIN pada kolom 3-5 judulnya berbeda dengan template<br><br>Pada Kolom Rasio Hasil Investasi presentase tidak muncul, berbeda dengan template",Minor
email belum tersedia,Mayor
Sebagian data tidak muncul pada aplikasi,Mayor
Tidak dapat memuat data Statistics Overview (SS1),Mayor
pada hasil export excel dan pdf yang belum sesuai dengan web<br>,Minor
"pada tabel kolom nilai merupakan mandatory jadi seperti yang lainnya harus di isi, jika tidak di isi maka tidak bisa disave, namun pada tabel tabel tersebut yang sudah tertera pada ss, kolom nilai tidak di isi namun bisa di save",Mayor
"pada peringkat merupakan mandatory harus di isi, namun bisa tidak diisi",Mayor
"Sama seperti pada temuan nomor 7, kolom nilai bisa tidak di isi",Mayor
"Penambahan akun pengguna baru masih gagal, integrasi dengan CAM gagal. (SS)",Fatal
"Form INV tampilan preview berbeda dengan templat :<br>Kolom Penurunan Nilai angka yang muncul di preview menjadi pembulatan<br><br>Kolom Harga Perolehan, Hasil Investasi, Harga Pasar, Bagian Penyertaan dan Saldo pada template terdapat .00",Minor
"Pada Skenario pengujian ""<b>Pembayaran angsuran dari Kredit NPL tidak melunasi tunggakan pokok terlebih dahulu</b>"", kolom persentase suku bunga belum tampil<br>",Mayor
Form LAKD pada kolom Saldo Aset Kontijensi .00 tidak muncul pada preview,Kosmetik
Pada tabel aplikasi untuk posisi judul tabel belum sesuai dengan strukdat,Kosmetik
pada Skenario <b>Data olahan - sebaran suku bunga dana pihak ketiga  dan kredit yang diberikan </b>ï»¿kolom tabel Kredit yang diberikan nama bulan ï»¿<b>mei 2024 </b>belum muncul<br>,Mayor
error message pada laporan koreksi 'Kode Status Koreksi' salah<br>yang seharusnya 2 tertulis 1<br>pada strukdat seharusnya 2,Mayor
"kolom antara ""aksi"" dan ""nilai komposit"" terbalik/belum sesuai urutan mockup<br><br>dari kolom konseptor-approver, diatasnya tidak ada ""Riwayat Otorisasi""",Minor
Penulisan Kolom - kolom pada tabel mohon untuk di seragamkan untuk rata kiri atau center,Kosmetik
pada skenario <strong>Data olahan- </strong><b>Sebaran Suku Bunga Dana Pihak Ketiga dan Kredit Yang Diberikan </b>Hasil export excel dan pdf keterangan text <b>Suku Bunga LPS  </b>belum tampil/muncul<br>,Mayor
Tidak ada judul kolom pada aksi tambah data,Minor
ada halaman berlebih pada preview nya,Kosmetik
Pada tabel aplikasi untuk posisi judul tabel belum sesuai dengan strukdat,Kosmetik
Judul belum sesuai (SS1),Kosmetik
Tabel tidak bisa ditampilkan,Mayor
Mohon dapat ditambahkan max size upload,Minor
"pada saat klik edit pada faktor 4, namun yang muncul adalah format edit faktor 5",Mayor
"pada saat klik edit pada faktor 5, namun yang muncul adalah format edit faktor 6",Mayor
Tampilan hasil export pdf dan excel nama judul di atas tabel tidak sama  di web <b>Tren Suku Bunga Rata-Rata</b> sedangkan hasil export <b>Simpanan bank lainnya </b>ada 2<br>,Kosmetik
Form LPAN pada hasil Download Pdf Logo OJK dan jenis laporan terpotong,Kosmetik
Terdapat kolom yang tidak ada dalam acuan,Mayor
Hasil download word belum sesuai dengan aplikasi,Mayor
tidak menerima email tetapi status pada monitoring sudah berubah,Minor
Tidak bisa kirim supervisory plan. error 200,Fatal
hasil download word terpotong<br><br>,Mayor
Form LPAN hasil download pdf bagian tanggal tertutup tabel,Kosmetik
pada menu <b>Sebaran Suku Bunga Terhadap 25 Nasabah Dana Pihak Ketiga Non Bank Dan Kredit Yang Diberikan Terbesar </b>tabel kredit yang diberikan nama bulan belum tampil<br>,Mayor
Nama data pada kolom Liabilitas dan Ekuitas belum sesuai dengan File acuan,Mayor
pada menu <b>Sebaran suku bunga terhadap nasabah Dana Pihak Ketiga Non Bank dan Kredit Yang Diberikan untuk pihak terkait</b><br>tabel kredit yang diberikan nama bulan belum tampil<br>,Mayor
Form INV nama kolom 5 berbeda dengan template (input) Kategori Investasi sedangkan di Preview Kategori Surat Berharga. Kolom 13 &amp; 14 berbeda dengan template (input) Tgl Mulai &amp; Tgl Jatuh Tempo sedangkan di Preview Tanggal Mulai &amp; Tanggal Jatuh Tempo,Kosmetik
judul kolom belum rata tengah,Kosmetik
"terdapat perbedaan label jenis nasabah dan tingkat risiko<br>pada sumber data tertulis ""Risiko Menengah""pada preview web tertulis ""Risiko Sedang""",Kosmetik
Garis pada tabel belum muncul,Minor
"Hasil Export PDF terdapat 2 lembar tetapi pada lembar ke 2 kosong, peringatan Rahasia berada di halaman ke 2 (SS01)<br>",Minor
"ketika ingin input detail, di periode tidak ada pilihan yang bisa dipilih",Minor
"Hasil download pada pdf penempatan ""cetak"" masuk dalam tabel",Minor
terdapat judul keterangan yang belum sesuai dengan acuan,Minor
judul kolom belum rata tengah,Kosmetik
"Data yang telah di isi pada kertas kerja profil risiko (risiko kredit, risiko operasional, risiko kepatuhan, risiko likuiditas, risiko reputasi, risiko strategis) hilang saat melakukan / klik ""Salin Data"" pada Analisis Profil Risiko dengan pilihan Penilaian BPR/BPRS<br><br>1. SS1 proses Salin Data<br><br>2. SS2 status data sudah selesai<br><br>3. SS3 data yang sudah dipilih hilang kecuali dokumen pendukung<br><br>4. SS4 sebelumnya data yang sudah dibuat telah ter-record pada preview penilaian.",Fatal
tidak ada menu proses global,Fatal
field dokumen pendukung double,Minor
Penulisan histori pada aplikasi Historist,Kosmetik
Tidak ada datanya (SS1)<br><br>SS terlampir,Mayor
"ketika klik export, tidak ada hasil yang bisa didownload, melainkan muncul server error",Mayor
tidak ada tombol klik simpan draft/proses,Mayor
salin periode sebelumnya pada kolom evaluasi pencapaian strategi hasilnya kosong. mohon diperjelas informasinya jika data pada sebelumnya kosong,Mayor
salin periode sebelumnya pada kolom tindak lanjut error,Mayor
ketika mencoba difilter terjadi error server,Mayor
terdapat page kosong ketika mendownload format pdf<br>,Mayor
posisi isi di dalam tabel masih belum rapih/masih ada yang rata kiri dan rata kanan,Kosmetik
peringatan Rahasia berada di halaman ke 2 (SS01)<br>,Minor
judul pada halaman olahan data belum sesuai dengan lampiran 4<br>,Mayor
1. tidak bisa simpan hasil edit.<br>2. tidak bisa upload dokumen di kolom dok pendukung,Mayor
tidak bisa download dokumen,Mayor
tidak bisa delete data,Mayor
"saat hapus 1 digit periode data pada nama file (contoh 2025123) menjadi hang saat baca direktori. Tes dilakukan pada laporan PNA BUK dan BUS, cek semua sektor dan semua laporan",Mayor
pada file upload terpotong nama nya seperti pada gambar,Kosmetik
button hapus belum berfungsi,Mayor
pada tulisan <br>-KeteranganRisiko<br>-PeringkatMitigasi<br>-KeteranganMitigasi<br>masih berdempetan,Kosmetik
pada detail workpaper di table masih kurang:<br>-parameter<br>-indikator parameter<br><br>dan <br><br>belum ada kolom reviewer serta tombol draft dan proses,Minor
tidak ada judul kolom pada kolom aksi,Minor
button download belum berfungsi,Mayor
"Pada file upload ""nama file"" terpotong<br><br>TPPLUDRLA, TPPLUDRNA, TPPLUDPNA",Kosmetik
"Pada file upload ""nama file"" terpotong<br><br>TPPFNKRLA, TPPFNKRNA, TPPFNKPNA",Kosmetik
"Pada table kolom ""ROE"" Tidak ada (SS01)<br>*temasuk hasil export<br>",Mayor
"perbedaan data pada kolom ""upaya yang dilakukan""",Mayor
"Pada kolom ""Nama Pemilik Anggunan"" terdapat data ""NULL"" (SS1)",Mayor
"fungsi alert pemberitahaun email reminder berupa email setiap tanggal 15 di bulan Maret, Juni, September, dan Desember kepada seluruh tim pengawas bank apabila belum terdapat catatan pemantauan belum berjalan",Mayor
"pada beberapa kolom terdapat data ""NULL"" (SS1)",Mayor
Status Pengawas tidak tampil,Mayor
saat  melakukan pencarian nama perusahaan dengan mengklik tombol refresh data tidak ditemukan/muncul,Mayor
"pada form tambah data, belum terdapat asterix (red) untuk kolom yang wajib diisi",Minor
typo pada penamaan header kolom<br>,Kosmetik
Open Dokumen Excel tampil warning 'We Found a problem  with some content',Minor
"ketika tampil halaman Akses ditolak. Anda tidak memiliki izin untuk mengakses halaman ini.<br><br>kondisi: sedang dihalaman role (peran admin) <br>lalu ubah role jadi kadep, tampil error, selanjutnya klik halaman Home, tampil tetap error",Minor
"1. Ada blankspot pada preview secara horizontal (samping) table (gambar 1)<br><br><br>2. Nama kolom berbeda (gambr 2)<br><br>3. Header Download Excel row 3 tulisan ""Aplikasi Pelaporan Online OJK (APOLO)"" terpotong dan tidak terlihat (harus di adjustment manual)<br>(gambar 3)<br><br>",Minor
Hasil Export PDF Tidak Sesuai dengan Aplikasi (SS01)<br>,Mayor
Error pas Login<br>Akses ditolak. Anda tidak memiliki izin untuk mengakses halaman ini.<br><br>Kondisi: sebelumnya menambahkan role Kadep pada akun admin,Mayor
Untuk download Penilaian TKS / Preview TKS hanya tersedia dalam bentuk PDF untuk Excel tidak ada (sesuai dokumen T 1.1),Mayor
belum ada kolom jatuh tempo aset dan liabilitas pada preview,Mayor
pada list report status kegiatan belum sesuai,Mayor
"tidak ada kata ""baris"" pada kolom kode komponen",Minor
perbedaan merge cell pada header,Kosmetik
judul kolom tidak rata tengah,Kosmetik
pada list report jenis  kegiatan belum sesuai dengan acuan T.1.1,Mayor
Data terpotong dan ada beberapa data yang tidak masuk,Mayor
header pada hasil downlaod excel tidak sejajar,Minor
"1. Kalo kode komponen multi dan salah satu kode komponen tersebut dihilangkan, seharusnya tidak muncul pesan error untuk kolom lainnya krn trigger primary key kolom kode komponennya kosong<br><br>2.seharusnya muncul pesan error untuk kode komponen SBN0200000000 di kolom 16 terkait ""Total = Penjumlahan detail""<br>",Mayor
1. Pada diagram Statistics Overview angka terbalik (SS1)<br><br>2. Pada tabel investore code belum ada data nya (SS2),Mayor
download error,Mayor
kolom out standing belum tampil dan kolom saldo harga pokok tidak ada pada acuan<br>,Mayor
"Belum sesuai dengan lampiran, seperti penambahan/perubahan kolom belum sesuai (SS01)<br>",Mayor
Tujuan pengujian belum sesuai acuan,Mayor
kolom out standing belum tampil dan kolom saldo harga pokok tidak ada pada acuan<br>,Mayor
1. kolom out standing belum tampil dan kolom saldo harga pokok tidak ada pada acuan<br><br>2. nama kolom nasabah di web masih tertulis nama debitur dan cif debitur<br>,Mayor
nama kolom pada form HIN masih belum sesuai dengan strukdat,Minor
"File txt yg lolos validasi blm ada, krn ada perubahan strukdat di RPRI untuk menguji antar form",Mayor
Pada tulisan :<br>-Nama produkaktivitas<br>-NomorRegistrasiProdukAktivitas<br>-keterangan ProdukAktivitas<br>-SumberData<br>Masih berdempetan,Kosmetik
Hasil download pdf Form ALM terpotong,Kosmetik
"1. kolom out standing belum tampil dan kolom saldo harga pokok tidak ada pada acuan<br style=""font-size: 11.36px;""><br style=""font-size: 11.36px;"">2. nama kolom nasabah di web masih tertulis nama debitur dan cif debitur<br>",Mayor
"1. kolom out standing belum tampil dan kolom saldo harga pokok tidak ada pada acuan<br style=""font-size: 11.36px;""><br>2. usulan tindak lanjut masih belum rapi<br>",Mayor
ketika melakukan export excel dengan kondisi belum melakukan input apapun hasil excel pada<strong> log status kegiatan</strong> dan <strong>upload dokumen pendukung</strong> sudah ada isinya,Mayor
"jika kolom 3 diisi tab, muncul 2 pesan kesalahan terkait karakter pada beberapa baris. Cek semua baris.",Mayor
Pada kolom liabilitas tidak terdapat data pada file acuan,Minor
"Saat Upload File data pendukung yang diminta pada dokumen T.31 adalah PDF namun Kami dapat upload dokumen diluar format PDF, hal tersebut terjadi pada sub menu Penilaian risiko kredit s.d risiko strategis<br><br>- SS1 dokumen T.31<br>- SS2 Data Penilaian Risiko Kredit",Mayor
Form LAKD pada hasil download pdf muncul halaman tambahan yang tidak sesuai,Kosmetik
terdapat keterangan gambar yang tidak ter-loading,Mayor
"Form INV kolom suku bunga/nisbah pada strukdat menggunakan ""titik"" sedangkan pada web menggunakan ""koma""<br>dan dikolom penurunan nilai data tidak sesuai",Kosmetik
"Saat upload Dokumen data pendukung yang diminta dalam dokumen T. 31 adalah XLS namun Kami dapal melakukan upload data file diluar format XLS, hal ini terjadi pada penilaian Rentanbilitas , Penilaian Permodalan, dan Penilaian TKS<br><br>- SS1 Dokumen T.31<br>-SS2 Data Penilaian Rentanbilitas",Mayor
Hasil export excel pada periode belum sesuai dengan web <br><br>,Mayor
"1. Kalo kode komponen multi dan salah satu kode komponen tersebut dihilangkan, seharusnya tidak muncul pesan error untuk kolom lainnya krn trigger primary key kolom kode komponennya kosong",Mayor
"pilihan dropdown redundan pada pilihan ""10T-30T""",Mayor
1. Jenis Kantor panjang maksimal belum sesuai struktur data<br>2. Lokasi Kantor karakter yang diperbolehkan belum sesuai struktur data,Mayor
referensi 9110 terkena validasi padahal ada di master referensi. Cek seluruh referensi.,Mayor
"1. Pesan kesalahan karakter yang diperbolehkan pada Sandi Lokasi berbeda dengan struktur data. Pada struktur data tidak ada :<br><br>2. Nama Referensi Kelas Peserta pada pesan kesalahan berbeda dengan struktur data. Pada struktur data tidak ada ""Program Jaminan""",Mayor
"1.  Pesan kesalahan karakter yang diperbolehkan pada Sandi Lokasi berbeda dengan struktur data. Pada struktur data tidak ada :<br><br>2. Pesan kesalahan karakter yang diperbolehkan pada Nama Lokasi berbeda dengan struktur data. Pada struktur data hanya huruf angka.<br><br>3. Kolom 7-12 opsional namun muncul pesan wajib diisi saat dikosongkan<br><br>4. Nama Referensi Kelas Peserta pada pesan kesalahan berbeda dengan struktur data. Pada struktur data tidak ada ""Program Jaminan""",Mayor
"1.  Pesan kesalahan karakter yang diperbolehkan pada Sandi Lokasi berbeda dengan struktur data. Pada struktur data tidak ada :<br><br>2. Pesan kesalahan karakter yang diperbolehkan pada Nama Lokasi berbeda dengan struktur data. Pada struktur data hanya huruf angka.<br><br>3. Kolom 9-10 opsional namun muncul pesan wajib diisi saat dikosongkan<br><br>4. Nama Referensi Kelas Peserta pada pesan kesalahan berbeda dengan struktur data. Pada struktur data tidak ada ""Program Jaminan""",Mayor
1. Pesan kesalahan karakter yang diperbolehkan pada Sandi Lokasi berbeda dengan struktur data. Pada struktur data tidak ada :,Mayor
1. Pesan kesalahan karakter yang diperbolehkan pada Sandi Lokasi berbeda dengan struktur data. Pada struktur data tidak ada :,Mayor
"Pada menu Penilaian Tata Kelola, pada saat form sudah check simpan KK, namun data tetap bisa di edit",Mayor
Saat login muncul pesan error,Fatal
"kata "" Sisa Jangka "" pada tabel acuan tidak ada pada tabel web",Minor
"terdapat typo pada kolom waktu hari, pada tabel acuan menggunakan ""s.d."" sedangkan pada tabel web menggunakan ""hingga""<br><br>",Minor
"terdapat typo pada tabel web, pada tabel acuan tertulis ""Liabilitas kepada Bank Lain - Lainnya"" sedangkan pada tabel web tertulis ""Kewajiban terhadap Bank Lain - Lainnya""<br><br>",Minor
terdapat beberapa kata yang tidak sesuai dengan tabel acuan<br><br>,Minor
terdapat beberapa kata yang tidak sesuai dengan tabel acuan<br><br>,Minor
Pada tulisan: <br>- NamaDokumen<br>-LinkDokumen<br>-TanggalUploadDokumen<br>Masih Berdempetan,Kosmetik
"Pada bagian Export Excel dan Export Pdf pada saat di klik muncul ""error""",Fatal
Berdasarkan konfirmasi bahwa pada Penilaian Tata Kelola - Peringkat Komposit akan ditambahkan Tombol Pilih File / Dokumen<br><br>- SS1 Konfirmasi dari Grup <br><br>-SS2 Tampilan Peringkat Komposit sebelum ada Tombol Pilih Dokumen<br><br>,Mayor
terdapat keterangan gambar yang tidak ter-loading,Mayor
"Pada saat ingin uncheck simpan kk terhadap data yang di edit dengan kondisi masih dalam check kk, uncheck tersebut tidak dapat dilakukan / gagal",Mayor
output dicetak oleh belum sesuai,Mayor
1. Pada switch dalam negeri terdapat negara China (SS1)<br>2. gambar peta dalam negeri tidak sesuai (SS2),Mayor
"ketika klik export, terjadi error dan tidak ada audit lognya",Fatal
muncul unexpected respons pada field versi sebelumnya,Mayor
"ketika klik detail, terjadi error",Fatal
"Belum sesuai dengan lampiran, seperti penambahan dan urutannya pada Laba Rugi belum sesuai (SS01)<br>",Mayor
terdapat halaman kosong pada hasil export PDF,Mayor
Layout pada tab jenis laporan / tab 1 berubah dan tidak sesuai,Kosmetik
"Belum sesuai dengan lampiran, seperti penambahan/perubahan kolom belum sesuai (SS01 &amp; SS02)<br>",Mayor
"Saat dilakukan perubahan data dokumen pendukung, sumber data  dari SIPENA berubah menjadi input manual, pada bagian attachment  lampiran sumber SIPENA dapat dihapus.",Mayor
Footer belum sesuai,Kosmetik
data tidak tampil pada form RKPNG,Mayor
Data belum seluruhnya di edit namun bisa melakukan check simpan KK,Mayor
posisi isi editing dalam tabel masih tidak rapih/sesuai,Kosmetik
nama file hasil download belum sesuai,Mayor
pada page 2-16 belum terdapat nama kolom,Minor
Pada page 17 data tidak muncul (halaman kosong),Mayor
"ada kesalahan penulisan ""risiko"" menjadi ""resiko"" di hasil preview",Kosmetik
pada menu Rekap / Monitoring Rencana Pengawasan belum menampilkan <i>Filter Dropdown</i><strong> PIC</strong> dan  <strong>Status kegiatan belum </strong> sesuai dengan T.1.1,Mayor
Typo,Kosmetik
hasil export PDF pada page 2 berada dibawah (posisi belum sesuai),Kosmetik
Hasil download pdf terpotong,Minor
"pada ""Pengawasan Berkala/ Pengawasan Isidental"" dropdown saat pemilihan satker ""bank umum"" itu muncul ""bank umum"" yang lain, serta penamaan satker belum sesuai.",Minor
"Space berlebih pada halaman 2 dan 4 nama kolom ""Total Aset"" di hasil export PDF",Minor
"jika Submit Proses Global, tidak terlihat gagal/berhasilnya, dan hanya kembali ke halaman awal",Mayor
penulisan kalimat dengan garis miring ( / ) tidak konsisten<br>,Kosmetik
"beberapa data kolom kosong, cek ss",Minor
"Berhasil menambah data ""Pengawasan Isidental"" tetapi Penamaan ""satker tujuan"" pada no 1 &amp; 3 tidak muncul",Minor
filter tanggal awal tidak boleh &gt; dari tanggal akhir. mohon ditambahkan validasi error,Mayor
sumber data dan hasil report basic berbeda,Mayor
"Belum ada Judul ""Peringkat Komposit"" Heading untuk Peringkat Komposit",Kosmetik
"1. ada kesalahan penulisan ""risiko"" menjadi ""resiko"" di hasil preview<br><br>2. isi data pada sumber data dan hasil preview berbeda, tidak berurutan",Mayor
kolom header nomor belum center.<br>,Kosmetik
"Saat membuka Faktor 4 Pelaksanaan Tugas, Tanggung Jawab, dan Wewenang DPS namun data / profil yang ditampilkan adalah Faktor 6",Mayor
Nama kolom tidak sesuai dengan strukdat,Kosmetik
Tidak ada judul pada filed status,Minor
"sebelumnya pada form ini sudah dilakukan check simpan kk pada data yang belum selesai, setelah fixed temuan kemarin, ketika uncheck simpan kk pada form ini, menu edit jadi tidak tambil",Mayor
pada Upload Dokumen Pendukung sumber data Sipena (external) berhasil di simpan dengan tidak di generate,Mayor
"Pada  aplikasi terdapat nama kolom ""Selisih Penilaian kembali aset tetap"" namun pada file acuan tidak terdapat nama kolom terserbut",Minor
hasil export PDF pada page 2 berada dibawah (posisi belum sesuai),Kosmetik
"pada skenario <b>Analisa Kredit - Status Jatuh Tempo, </b>ï»¿kolom jangka waktu kredit belum sesuai acuan",Mayor
"pada skenario <b>Tren Sebaran Nasabah Dana Pihak Ketiga, </b>ï»¿kolom Tiering Nominal belum sesuai acuan<br>",Mayor
"1. apabila pilihan source lebih dari 1, terdapat angka yang tertumpuk (SS1)<br><br>2. Pada halaman IPO4 tanggal terpotong (SS2)",Minor
Nama Pos- Pos dan sandi belum sesuai dengan file acuan,Mayor
Hasil download PDF pada page 2 belum terdapat nama kolom,Minor
Data belum seluruhnya di edit namun bisa melakukan check simpan KK,Mayor
Gagal menyimpan dan ajukan TKS pada form rentabilitas,Mayor
"Pada kolom ""BOPO"", datanya terinput ""#Error"" (SS1)<br><br>SS terlampir",Mayor
Panjang maksimum kolom 3 harusnya 10 atau 20?,Mayor
"pada ""pengawasan isidental"" data sudah ada tetapi saat melakukan filter satker data tidak ditemeukan",Mayor
"1.Filter periode (2025-10-01 - 2025-10-31), tetapi data pada bulan september tetap ke filter, seharusnya tidak terfilter. (g1)<br><br>2.Filter periode (2025-09-01 - 2025-09-30), data pada periode september ada tetapi data tidak ditemukan (g2)<br>",Mayor
Belum ada tanda mandatory (*) pada start date dan end date (SS1)<br><br>adjust semua tampilan halaman <br><br>,Mayor
item data yang ada di web belum sesuai dengan T.1.1,Mayor
"1.Filter periode (2025-10-1 - 2025-10-31), tetapi data pada bulan september, mei, jun tetap ke filter, seharusnya tidak terfilter. (g3)<br><br>2.Filter periode (2025-05-03 - 2025-05-04), data pada periode mei ada tetapi data tidak ditemukan (g2)",Mayor
1. pada tabel amount nilai belum desimal (SS1)<br><br>2. Apabila filter security code dan security name tampilan data tidak ada perubahan (SS2),Minor
gagal saat cari dokumen di sipena,Mayor
ketika klik detail terjadi error,Mayor
gagal melakukan export excel dan export  Pdf,Mayor
"Ketika klik lihat semua pesan terjadi ""error""",Mayor
Hasil download PDF pada page 2 tidak ada data (kosong),Mayor
Data double,Mayor
pada NPWP dan Telepon tidak ada isinya,Minor
"1.Filter periode (2025-10-1 - 2025-10-31), tetapi data pada bulan selain oktober tetap ke filter, seharusnya tidak terfilter. (g1)<br><br>2.Filter periode (2025-07-01 - 2025-07-31), data pada periode july ada tetapi data tidak ditemukan (g2)",Mayor
saat melakukan uji coba dengan industri  yang berbeda tanggal mulai  yang telah diinput sebelumnya  belum berhasil tersimpan <br>,Mayor
Warna seperti disable,Kosmetik
Di beberapa row muncul pesan error di kolom 3 yg double,Mayor
Penamaan bulan pada form berbeda,Kosmetik
"Pada saat scrollbar belum tampil jadi beberapa tabel tidak tampil pada zoom 100% dan tombol <strong>""kembali""</strong> belum tersedia",Mayor
Penamaan Penilaian Risiko Strategis agar bisa disamakan untuk heading page,Kosmetik
"ketika klik export berhasil dan sudah download, terjadi loading selama 2 menit dan ada alert timeout",Minor
Terdapat data yang kosong (SS1)<br><br>SS terlampir,Minor
"hasil export, di list status tidak ada (nama user)",Kosmetik
"untuk penamaan pada log audit (hasil rencana pengawasan lintas sektor) pada t.1.1 (hasil pengawasan lintas sektor), penamaan belum sesuai t.1.1<br>Mohon untuk disesuaikan untuk Create Read Update Delete dan Edit.",Mayor
"ketika menambahkan data baru yang tanggal SK nya sama masih berada dibawah, mohon ditampilkan di paling atas",Minor
"1.Pada <b style="""">satuan kerja terkait</b> tidak terdapat <strong>Button</strong> ""close"" jadi menghilangkan pilihan secara manual menggunakan <strong>Backspace<br></strong><br>2.Pada<b> satuan kerja terkait</b> tedapat ""_ _"" tetapi ketika berhasil membuat data tidak terdapat ""_ _""ï»¿.",Minor
"1.Filter periode (2025-10-1 - 2025-10-31), tetapi data pada bulan selain oktober tetap ke filter, seharusnya tidak terfilter. (g1)<br><br>2.Tombol <b>reset</b> tidak berfungsi",Mayor
"1.Filter periode (2025-08-01 - 2025-08-31), tetapi data pada bulan selain oktober tetap ke filter, seharusnya tidak terfilter. (g1)<br><br>2.Tombol <b style=""font-size: 11.36px;"">reset</b> dan &amp; <b>cari data </b>tidak berfungsi (g2)<br><br>3.Data sudah ada, ketika filter cakupan risiko, hasil data tidak ada (g3)",Mayor
"pada didalam parameter periode menggunakan nama bulan berbahasa inggris, namun pada aplikasi yang tampil bahasa indonesia",Kosmetik
"Pada T31 tertulis bahwa hanya upload file XLS, namun dicoba menggunakan jenis file lain masih dapat diupload",Mayor
Judul tabel masih rata kiri sedangkan tabel lainnya di tengah,Kosmetik
pada hasil export pdf dan excel terdapat dokumen yang belum muncul dan terdapat hasil export  pdf deskripsi yang ada si dalam upload dokumen pendukung tidak lengkap/ tepotong,Mayor
"data yang sudah tersedia di SIPENA server dev OJK, setelah input <b>""Masukkan </b><b>Nomor Surat""</b>  nomor surat tidak ditemukan",Mayor
ketika upload dokumen pendukung. dokumnenya tidak tersave di riwayat upload,Mayor
Pada Tombol Preview Penilaian Excel hasil download untuk Format Penulisa Rupiah pada Aset dan Format tanggal pada Tanggal penyusunan belum sesuai,Minor
"Pada kolom ""SumberData"" masih berdempetan",Kosmetik
menu audit trail belum tampil/muncul,Mayor
"Pada Selection ""BPR"" dan Sheet ""Overview"", Kode Data pada Baris pertama tidak muncul, sedangkan untuk Baris 2 dan seterusnya muncul <br><br>SS terlampir",Minor
tanggal awal tidak boleh lebih besar dari tanggal akhir (mohon tambahkan validasi error),Minor
"Pada Upload Dokumen Pendukung Kolom ""NamaFile"" dan ""TipeFile"" masih berdempetan",Kosmetik
maximal size upload seharusnya 10 MB,Mayor
Terdapat data yang kosong (SS1)<br><br>SS terlampir,Minor
Form INV dan IPL nama kolom Nomor Baris ada perbedaan dengan preview hanya muncul No,Minor
Nama Satker kosong (tidak tercatat) ketika melakukan export PDF dan export Excel (SS1)<br><br>SS terlampir,Mayor
"ketika klik salah satu detail. namun hasil nya belum sesuai. contoh : buka entitas 9972, tapi yang terbuka entitas 9969",Minor
Saat memilih parameter menjadi 030499-BPJSKS0001 muncul eror Bad Request,Minor
Kolom penurunan nilai pada preview form  INV koreksi LJK dan pengawas masih belum sesuai,Kosmetik
"1. pada kolom type data pada acuan berformat decimal 11,2 tetapi pada web yang tampil desimal nya lebih dari 2 angka dibelakang koma<br><br style=""font-size: 11.36px;"">2. report code dan enitity code tidak ada pada acuan tapi tampil di web<br style=""font-size: 11.36px;""><br style=""font-size: 11.36px;"">3. period mungkin diganti ke periode<br><br>4. tidak ada kolom nomor",Minor
Form RKE baris Rasio tampilan persentase kurang dua angka dibelakang koma dan tanda persentase,Kosmetik
"Saat data dikosongkan dan klik Simpan, tombol merespon tetapi tidak ada data yang masuk. Tombol Simpan mohon di disable kalau tidak ada data yang diisi",Mayor
"Belum ada alert untuk data disimpan, edit, dan hapus",Mayor
"Filter <strong>Nama KK</strong> &amp; <strong>Nama LJK</strong> tidak terdapat pada header, tetapi masuk ke dalam table, mohon disesuaikan",Minor
"Filter <strong style=""font-size: 11.36px;"">Nama KK</strong> &amp; <strong style=""font-size: 11.36px;"">Nama LJK</strong> tidak terdapat pada header, tetapi masuk ke dalam table, mohon disesuaikan",Minor
ketika melakukan penginputan tanggal mulai tidak melebihi dari tanggal selesai muncul notif warning dan data tidak berhasil tersimpan,Mayor
Pada filter berdasarkan kolom LCR belum berfungsi (SS1),Mayor
"1. pada tabel data, kolom severe belum tampil<br>2. kolom rill belum memuat data<br>3. terdapat data yang tidak dimuat pada tabel acuan",Mayor
"pada offsite dan onsite, di nomor dokumen belum bisa generate data. CD-1/MS.53/2025<br><br> tanggal dokumen dan nomor surat sanksi belum terisi secara otomatis.",Fatal
"Pada saat melakukan upload file yang tidak sesuai, terjadi buffering yang tidak berhenti",Mayor
pada tab tindak lanjut pengawas tidak bisa menyimpan data,Mayor
"pada judul list pertama di web adalah ID. sedangkan pada mockup ""No""",Kosmetik
"Pada halaman SEPP, SEQ1A,SEQ1B dan SEQ5 Belum ada tanda mandatory (*) pada start date dan end date (SS1)",Mayor
pada menu log aktivitas keterangan status kegaiatan lama dan baru belum sesuai <br>,Mayor
nomor surat sanksi belum bisa get sipena<br>CD-1/MS.53/2025,Fatal
1. Apabila switch ke dalam dan luar negeri pada tabel Frekuensi order jumlah nya tidak  sesuai (SS1)<br><br><br>2. Pada kuantitas dan Frekuensi mohon di tambahkan  tanda separator (SS2)<br>,Mayor
1.Tabel data yang tampil belum sesuai acuan<br>2. Kolom nomor belum tampil pada tabel,Minor
tidak bisa menyimpan data,Mayor
Form ALM kolom<strong> A. ASET</strong> tidak ada di preview,Minor
"tidak ada tambah form ""dokumen pendukung""<br><br>tidak ada tombol: <br>-generate draft<br>-batal",Mayor
"tidak ada label ""detail sanksi""",Kosmetik
linking pada email pemberitahuan masih belum sesuai.<br>cek ss,Mayor
icon belum menggunakan pensil dan kertas,Kosmetik
"1. pada tabel data, kolom severe belum tampil<br>2. kolom rill belum memuat data<br>3. terdapat data yang tidak dimuat pada tabel acuan<br>",Mayor
1. Apabila switch ke dalam dan luar negeri pada tabel kuantitas order dan total order jumlah nya tidak sesuai (SS1)<br><br><br>2. Pada tabel kuantitas order dan total order mohon di tambahkan  tanda separator (SS2),Mayor
tidak ada tombol setujui pada reviewer utama yang dipilih,Mayor
web tidak responsif,Mayor
Form HIN pada kolom 7 Rasio Hasil Investasi <strong>(f)=(b:e)</strong> sedangkan pada preview  <strong>(f)=(b:e)e</strong>,Kosmetik
"pada pilihan data dropdown ""Satker Pengawasan LJK Tujuan/Objek Pemeriksaan"" masih banyak kosong/tidak tampil",Kosmetik
tidak ada batas nominal denda,Minor
1. tampilan header kolom tidak sama dengan acuan<br>2. kolom fin dan report code tidak ada di acuan tetapi tampil di web<br>3. kolom kode pada tampilan web masih entitycode<br>4. tidak ada kolom nomor<br>5. Kolom period diganti ke Periode<br>,Minor
tidak ada batas nominal denda,Minor
tidak bisa menyimpan data,Mayor
1. Karakter yang diperbolehkan pada struktur data Nama Lokasi berbeda dengan pesan kesalahan yang muncul<br><br>2. Rumus total di kolom 33 per baris belum tervalidasi jika salah,Mayor
1. tampilan header kolom tidak sama dengan acuan<br>2. kolom fin dan report code tidak ada di acuan tetapi tampil di web<br>3. kolom kode pada tampilan web masih entitycode<br>4. tidak ada kolom nomor<br>5. Kolom period diganti ke Periode,Minor
terdapat tabel di tengah halaman ketika membuka file hasil download PDF<br><br>SS terlampir,Kosmetik
"1. pada kolom type data pada acuan berformat decimal 11,2 tetapi pada web yang tampil desimal nya lebih dari 2 angka dibelakang koma<br><br>2. report code dan enitity code tidak ada pada acuan tapi tampil di web<br><br>3. period mungkin diganti ke periode<br><br>4. tidak ada kolom nomor",Minor
Pada menu edit<br>-CatatanPengawas<br>-NoDokumenPendukung<br>-TanggalAwal<br>-TanggalAkhir<br>Masih berdempetan,Kosmetik
pada edit data :<br>-NoDokumen<br>-JenisSistemInformasi <br>-NamaSistemInformasi <br>-LokasiPerangkat <br>-TanggalAwal <br>-TanggalAkhir <br>Masih berdempetan,Kosmetik
"hasil export pdf dan excel form Fokus  pemeriksaan masih muncul ,  belum sesuai dengan web",Mayor
"pada tambah data, belum ada maxlength",Kosmetik
"notif hapus data tidak seragam. ada yang bahasa inggris, ada yang indo. mohon diseragamkan",Minor
"ketika pengajuan data, pada catatan pengawas sudah terisi. namun pada saat submitted tidak ada history catatan pengawasan",Kosmetik
Pada edit data :<br>-NoDokumen <br>-CatatanPengawas <br>-DokumenPendukung <br>-ProdukAktivitas <br>-NomorRegistrasiProdukAktivitas <br>Masih berdempetan,Kosmetik
"Pada semua tab di  ""Data Kelembagaan""  pada saat di edit masih ada lebel yang berdempetan",Kosmetik
"pada web ""SATKER TERLIBAT"" tetapi dimockup dan T.1.1 ""SATKER TUJUAN"" untuk penamaan belum sesuai acuan T.1.1",Minor
"1. kolom 4 terdapat rumus total namun karakter yang diperbolehkan huruf dan angka. Panjang dan Karakter yang diperbolehkan muncul pada pesan kesalahan, tidak sesuai struktur data<br><br>2. Nama Kolom 17 belum ada ""Pengaduan Disampaikan Melalui""<br><br>3. Nama Kolom 27 dan 31 belum ada ""Penyelesaian Pengaduan""",Mayor
Sandi Lokasi LO:e9101 terdapat pada master referensi namun muncul pesan tidak terdaftar. Cek semua kode.,Mayor
"penamaan label berbeda, seharusnya Tanggapan Fungsi Pengendalian Kualitas Pengawasan Perbankan",Kosmetik
"Kondisi: Ubah Akses dari Admin ke Kepala Departemen<br><br>Respon sistem:<br>setelah klik simpan, halaman reload, namun tulisan tetap sebagai admin",Mayor
beberapa menu yang tampil belum ada datanya,Mayor
"Ketika sudah masuk ke menu UC01 di sub menu manapun, lalu berpindah dari tab 1 ke tab lainnya, judul/keterangan diatas tabel tidak berubah",Mayor
Poisis judul tabel belum sesuai dengan tabel lainnya,Kosmetik
"tagging Root Cause belum sesuai template, tidak bisa diisi lebih dari 1",Mayor
pada Section Legalitas &gt; Izin Prinsip data mandatory dapat dikosongkan,Mayor
Keterangan Multiyears belum ada,Mayor
"Pada Pencarian data terdapat Button ""close"", ketika klik Button ""Close"" data yang ada, tidak merefresh dan menampilkan semua data, namun apabila di klik ""Backspace"" akan merefresh dan menampilkan semua data<strong><br></strong>",Minor
"Pada Satker Pemrakarsa tidak terdapat Button ""close"" jadi menghilangkan pilihan secara manual menggunakan Backspace",Minor
1. Panjang maksimum kolom 3 row 28 harusnya 21 atau 20?<br><br>2.Untuk semua temuan rasio perlu Rasio (a:b) = a. Beban Operasional : b. Pendapatan Operasional<br><br>3. Validasi dalam form blm muncul,Mayor
1. untuk kolom period seharusnya periode<br>2. muncul data yang tidak ada pada acuan<br><br>,Minor
"Tambah Data, terdapat ketentuan ""Salah satu harus diisi (SIPENA atau Upload Manual atau Tanggal Pelaksanaan)"" pada tabel yang tidak terdapat mandatory wajib diisi, namun apabila hanya diisi Tanggal Pelaksaan, tidak dapat Simpan &amp; Kirim data<br><br>namun apabila jika hanya diisi (tambah) Upload Manual, berhasil Simpan &amp; Kirim data",Mayor
1. Kolom tabel berbeda dengan lampiran (SS1)<br>2. Tidak ada judul (SS2)<br>3. terdapat button detail tetapi jika di klik tidak berfungsi (SS3)<br><br><br>adjust UC09 pada OSD01-OSD22<br>,Mayor
Header pada output tidak sesuai dengan aplikasi,Kosmetik
"Header pada output tidak sesuai dengan aplikasi, pada aplikasi sebuah singkatan sedangkan pada output bukan singkatan",Kosmetik
"Pada aplikasi ""Peringkat Risiko"" tidak di gabung dalam tabel yang sama, sedangkan pada Output PDF tergabung",Minor
setelah melakukan input tambah data dan melakukannya lagi dengan data baru. pada tabel penilaian risiko. belum benar penempatan datanya,Minor
1. report code dan enitity code tidak ada pada acuan tapi tampil di web<br><br>2. period mungkin diganti ke periode<br><br>3. belum ada kolom nomor,Minor
tidak bisa buat pemantauan Sp baru pada bank mega periode tw4 2022. muncul keterangan aplikasi error,Mayor
web tidak responsive,Mayor
"Tidak dapat download Template terdapat keterangan ""Internal Server Error""<br>",Mayor
Nomor Telepon tidak perlu di tampilkan (SS01)<br>,Kosmetik
1. tampilan header kolom tidak sama dengan acuan<br>2. kolom fin dan report code tidak ada di acuan tetapi tampil di web<br>3. kolom kode pada tampilan web masih entitycode<br>4. tidak ada kolom nomor<br>5. Kolom period diganti ke Periode,Mayor
"Pada Form Input/Edit Informasi Lembaga, Tujuan Pembentukan KK telah diinput dan save tidak tampil. (SS01)",Mayor
Urutan pada output PDF tidak sesuai dengan aplikasi,Minor
Penamaan pada output pdf belum sesuai dengan aplikasi,Mayor
Gagal export pdf dan excel. aplikasi error. cek ss,Mayor
pilihan dropdown peer group redundan,Mayor
masih terdapat tag html pada email,Kosmetik
"1. Pada hasil download excel dan PDF tidak sama dengan di aplikasi dan pada kolom nomor juga tidak ada nomor nya (SS1)<br><br>2. Pencarian berdasarkan tanggal log belum berfungsi (SS2)<br><br>3. Apabila pencarian berdasarkan tanggal mulai terdapat keterangan validasi (SS3)<br><br>4. pencarian berdasarkan tanggal selesai , data yang keluar berdasarkan tanggal log (SS4)<br><br>5. Pencarian berdasarkan kolom tabel belum berfungsi (SS5)<br><br>6. Pada lampiran metadata terdapat kolom aksi (SS6)<br>",Mayor
1. Jika kolom 3 diisi tab muncul 2 pesan kesalahan terkait karakter yang diperbolehkan,Mayor
pada filter parameter pilih bank yang tidak aktif. Tidak ada informasi lebih lanjut kenapa data tersebut tidak bisa ditampilkan. (ss1). mohon dibuat notif informasi kenapa data tidak bisa ditampilkan seperti contoh pada modul kyb (ss2),Mayor
"pemantauan tindak lanjut, semua tab ketika sudah tambah data. lalu tambah data baru lagi, namun masih ada hasil data sebelumnya",Mayor
Judul tabel pada output PDF belum sesuai dengan aplikasi,Minor
"1. pada tabel data, kolom severe belum tampil<br>2. kolom rill belum memuat data<br>3. terdapat data yang tidak dimuat pada tabel acuan<br>4. kolom period belum berubah menjadi periode",Mayor
1. report code dan enitity code tidak ada pada acuan tapi tampil di web<br><br>2. period mungkin diganti ke periode<br><br>3. belum ada kolom nomor,Minor
header tabel dan tabel pada ouput pdf belum sesuai dengan aplikasi,Minor
"pada hasil export, kurang list ""no""",Kosmetik
1. informasi yang tampil pada chart belum sesuai<br><br>2. typo pada kolom skenario<br><br>3. kalimat tidak berada di tengah kolom<br><br>4.huruf depan belum kapital (tidak konsisten karena tidak sama dengan 3 kolom disampingnya)<br><br>5.nama skenario belum sesuai acuan (huruf besar kecil dan kapitalnya tidak sama dengan acuan)<br><br>6. tampilan jenis program belum sesuai acuan<br><br>7. penulisan nilai dalam rupiah belum sesuai acuan<br><br>8. penulisan nominal pada data beberapa belum desimal,Minor
1. header kolom belum sesuai<br><br>2. nama kolom Fase Jadwal belum menggunakan kapital dan spasi,Kosmetik
Tabel pada output PDF belom sesuai dengan aplikasi,Minor
"pada hasil export, kurang list ""no""",Kosmetik
"pada hasil export, kurang list ""no""",Kosmetik
"pada table ""status"" berupa angka",Kosmetik
"pada table ""nilai denda"" berupa 0, sebelumnya sudah di input angka<br>dan <br>""status sanksi""  berupa angka",Kosmetik
1. header kolom belum sesuai<br><br>2. Fase Jadwal belum Capital Each Word dan belum menggunakan spasi<br><br>3.belum menggunakan Capital Each Word,Kosmetik
"pada page size, ketika diklik tertutup oleh footnote",Kosmetik
Header pada output berbeda dengan aplikasi,Minor
"Pada kolom ""user"" tidak ada nama user yang digunakan",Mayor
Pada aplikasi page 2 terdapat halaman kosong,Mayor
Header pada output PDF belom sesuai dengan aplikasi,Minor
Urutan tabel dan penamaan tabel pada output PDF belum sesuai dengan aplikasi,Minor
1. label belum sesuai UR<br><br>2. header belum sesuai<br><br>3. belum menggunakan Capital Each Word,Kosmetik
"Pada ""<b>Tenggat Waktu Mengisi"" </b>ketika di view tanggal nya tidak sesuai",Minor
Tidak ada Submenu Bulk Download pada akun pengawas,Mayor
error export pdf dan excel  Rasio Posisi (Seluruh Peer Default),Mayor
panelis dan pengawas error,Mayor
Typo<br>,Kosmetik
"1. kolom nama dapen belum sesuai acuan<br><br>2. tampilan di web jenis pendiri, tp di mockup status pendiri<br><br>3. periode data dan eksisting tidak ada pada acuan tapi tampil di web<br><br>4. format judul kolom tidak sesuai acuan<br><br>5. belum ada tanda % pada data yang tampil",Kosmetik
"1. kolom header belum sesuai<br><br>2. nama kolom seharusnya ""Tidak Ditindaklanjuti""",Kosmetik
1. Pada field banner tidak ada tanda bintang ketika tidak diisi muncul validasi wajib diisi<br>2. Belum ada informasi format dan ukuran maksimal upload,Mayor
"1. kolom header belum sesuai<br><br>2. Nama kolom seharusnya ""Tidak Ditindaklanjuti""",Kosmetik
"1.tgl <b>Tenggat Waktu</b> tidak bisa melewati waktu pelaksanaan (g1)<br><br>2.Pada t.1.1<br> <b>Waktu Pelaksanaan: hh.mm â€“ hh.mm WIB </b>(g2), pada web menggunakan dd/mm/yyyy",Minor
kolom header belum sesuai,Kosmetik
Periode data eror sehingga tidak muncul data yang diinginkan,Mayor
"Setiap klik <strong>Details, </strong>muncul Error",Mayor
Karakter yang diperbolehkan pada Nama Lokasi berbeda dengan struktur data,Mayor
"1. nama kolom terakhir kurang kata ""Kontijensi""<br><br>2. Validasi rumus untuk kolom terakhir per baris belum ada",Mayor
Form PRUM untuk alignment angka seharusnya dikanan sesuai dengan template,Kosmetik
"1.Ketika tambah data, pada data Dropdown <strong>usulan RPT </strong>yang kedetect hanya 4(g1), <br><br>2.data yang ada pada <strong>Inisial Tanggal RPT </strong> terdapat 7 (g2)",Minor
terdapat halaman kosong saat export pdf,Mayor
terdapat halaman kosong pada export pdf,Mayor
untuk Laporan Laba Rugi Setelah Set Off belum bisa tampil jika hanya 1 filter saja yang diisi,Mayor
mohon untuk ukuran dan jenis font disamakan dengan yang lain,Kosmetik
Pencarian Data tidak bisa menggunakan tanggal,Minor
"ketika mau tambah data baru, masih ada data yang sebelumnya diinput",Mayor
data judul tabel tidak sesuai dengan skenario,Kosmetik
"Filter Data by Kategori Dokumen, setelah memilih filter berhasil menampilkan data yang dipilih, tidak bisa mengembalikan agar data terlihat semua. Harus klik Menu Referensi &gt;  Dokumen/Refresh",Minor
"nama table di web kelebihan ""nama alert""",Kosmetik
tidak bisa simpan data/error ketika simpan data,Mayor
tidak ada audit lognya,Mayor
"ketika filter pilih nama entitas lain, selalu gagal. tidak kosong",Minor
filter belum berfungsi/belum bisa memfilter,Minor
Pada form RKPS pada kolom peserta baru dan peserta keluar tidak memiliki data total,Minor
ketika buka proses global tidak ada history pada audit log,Mayor
web tidak responsive,Minor
"Tambah Data dan Proses penyimpanan sebagai draft. Kemudian dilakukan <em>update</em> data untuk simpan dan kirim. Namun tidak dapat melakukan proses Simpan Kirim tanpa edit unggah dokumen yang sebelumnya sudah diupload dan simpan draft. Tidak menampilkan pop up apapun.<br><br>Namun data berhasil tersimpan dan terkirim apabila tambah data dilakukan tanpa simpan draft, langsung simpan kirim",Mayor
Header pada output PDF belum sesuai dengan aplikasi,Mayor
Ketika melakukan edit data berhasil tersimpan tetapi datanya tidak muncul,Mayor
"pada hasil generate laporan terdapat typo nama kolom ""Rrisiko"" dan ""Rrentabilitas""",Kosmetik
"1. pada web nama perusahaan masih tertulis enitityname<br><br>2. terdapat kolom fin yang tidak ada pada acuan<br><br>3. tidak ada kolom potensi status pengawasan diatas kolom bulan<br><br>4. button tampilkan filter berada dibawah keterangan tabel<br><br>5. ketika melakukan filter pada bulan lain lalu klik tampilkan, tampilan web berhasil menampilkan data yang diminta tetapi tampilan kolom filter tidak berubah ke tanggal yang di ubah",Mayor
1. penulisan isi data berupa angka tidak rata kanan<br>2. judul kolom tidak rata tengah,Minor
"Setelah melakukan proses input/edit data pada menu Legalitas, beberapa field yang sudah diisi dan berhasil disimpan tidak tersimpan/ditampilkan di tampilan form. (SS01)<br>",Mayor
Tidak ada judul kolom aksi pada tabel dokumen pendukung,Kosmetik
Pada hasil validasi periode pelaporan tidak ada narasi format YYYYMMDD seperti di strukdat,Kosmetik
Isi pada output pdf blm sesuai dengan aplikasi,Mayor
Pencarian Data tidak bisa menggunakan tanggal,Minor
Isi pada output PDF belum seusai dengan aplkasi,Mayor
belum ada data pada kolom Tanggal Batas Waktu KYB,Minor
"Filter Data by Kategori Tautan, setelah memilih filter berhasil menampilkan data yang dipilih, tidak bisa mengembalikan agar data terlihat semua. Harus klik Menu Referensi &gt; Tautan/Refresh",Minor
Isi pada Output PDF belum sesuai dengan aplikasi,Mayor
button detail belum memuat aksi apapun,Mayor
"Tambah data dengan tanggal publikasi 11 Oktober 2025 dan Status Publik, berhasil simpan draft, namun pada saat update data, tanggal publikasi tercatat tanggal 10 Oktober 2025 dan terdapat waktu (17:00:00), dan status berubah menjadi Internal OJK",Mayor
Pop Up berhasil simpan draft atau Simpan Kirim sama,Minor
judul kolom pada output PDF belum sesuai dengan aplikasi,Kosmetik
"Row 8 di kolom 3 dan kolom 4 Seharusnya nilai harus ""TOTAL = 'Saldo Akhir Aset Neto'+'Saldo Akhir Penghasilan komprehensif Lain""<br><br><br>",Mayor
"pada tambah alert, dibagian peningkatan dan penurunan tidak ada maxlength",Kosmetik
Isi tabel dan Header pada output PDF belum sesuai dengan aplikasi,Mayor
1. Keterangan nama kolom tidak sesuai dengan strukdat <br><br>2. Pada nomor surat koreksi seharusnya kolom 8 bukan kolom 7,Mayor
"1. Belum ada judul (SS1)<br><br>2. Menurut lampiran dan RR kolom skenario seharusnya ""OSIDA"" dan isi kolom tersebut belum sesuai dangan lampiran (SS2)<br><br>3. Detail belum berfungsi (SS3)<br><br>4. Pada RR terdapat button antrian CSV (SS4)<br>",Mayor
1. belum ada kolom periode<br><br>2. header kolom persen nilai wajar pada acuan hanya nilai wajar<br><br>3. kolom persen thd investasi pada di perjelas (terhadap bukan thd)<br><br>4. data persen terhadap investasi tidak ada simbol persennya,Mayor
kolom 6 pada struktur data opsional namun muncul wajib diisi ketika dikosongkan,Mayor
"Pada ""Nama Menu"" dan ""Nama Menu English"" bermandatory, ketika tidak diinput kemudian klik button ""Ubah Konten"" (SS1) berhasil lanjut ke ""Daftar Artikel"" (SS2)<br><br>SS terlampir",Minor
Pada saat input/edit Informasi Pendirian Field Dropdown Kategori Kegiatan Usaha tidak ada datanya (SS01),Minor
Apa yang ditampilkan dan iinput ada yang tidak sesuai<br><br>tidak ada informasi size dan ekstensi file yg diupload,Mayor
"Tidak ada aksi edit pada faktor 12, faktor 13 dan peringkat komposit",Mayor
Karakter yang diperbolehkan pada nomor surat tidak sesuai dengan strukdat,Mayor
"setelah melakukan generete sumber data sipena (internal)  flied <strong> tanggal surat , Tanggal Terima dan perihal </strong>ï»¿ dapat melakukan edit data",Mayor
"Pada ""Nama Menu"" dan ""Nama Menu English"" bermandatory, ketika tidak diinput kemudian klik button ""Ubah Konten""(SS1) berhasil lanjut ke ""Daftar Artikel""(SS2)<br><br>SS terlampir",Mayor
apabila klik detail pada amound issued belum ada tanda pemisah angka (SS1),Kosmetik
Belum ada tanda mandatory (SS1),Mayor
1. Pada field banner tidak ada tanda bintang ketika tidak diisi muncul validasi wajib diisi<br>2. Belum ada informasi format dan ukuran maksimal upload,Kosmetik
"Pada saat berhasil login menggunakan ""devojk\usr.approver1"" tidak muncul di log akses aplikasi",Mayor
1. belum ada kolom periode<br><br>2. button detail ketika di klik tidak ada aksi apapun<br>,Mayor
isi tabel dan Header pada output PDF belum sesuai dengan aplikasi,Mayor
"Saat melakukan input data pada form Input/Edit Informasi Kantor Wilayah, sistem menampilkan pesan validasi. â€œTanggal Pelaksanaan Operasional tidak boleh lebih kecil dari Tanggal Surat Pemberitahuan Operasional.â€<br data-start=""655"" data-end=""658"">Padahal nilai yang diinput sudah benar (SS01)",Mayor
Pencarian Data tidak bisa menggunakan tanggal,Minor
"Pada Pencarian data terdapat Button ""close"", ketika klik Button ""Close"" data yang ada, tidak merefresh dan menampilkan semua data, namun apabila di klik ""Backspace"" akan merefresh dan menampilkan semua data",Minor
Tabel belom pada output PDF belum sesuai dengan aplikasi,Kosmetik
Tambah Data berhasil tersimpan tanpa mengisi mandatory wajib diisi (Tanggal Publikasi),Mayor
jumlah hasil tahun berjalan belum  sesuai dengan chart lampiran foto tersebut <br>,Mayor
terdapat data redudan,Mayor
"Urutan Data ""Periode"" belum match ketika pilihan filter Terlama (menampilkan data terbaru) dan sebaliknya",Minor
1. judul kolom tabel belum sesuai acuan<br><br>2. kolom keterangan belum tampil,Minor
1. button detail ketika di klik tidak ada aksi apapun<br>,Mayor
"Mohon disesuaikan Menu Log Audit menjadi Audit Log, sesuai dengan T.1.1 dan T41",Kosmetik
1. Field Menu belum tersedia (SS1)<br><br>2. Belum ada mandatory untuk pencarian filter (SS2)<br>,Mayor
Halaman detail tidak sesuai mockup data ada beberapa data yang tidak tampil (SS01),Minor
"Pada Pencarian data terdapat Button ""close"", ketika klik Button ""Close"" data yang ada, tidak merefresh dan menampilkan semua data, namun apabila di klik ""Backspace"" akan merefresh dan menampilkan semua data",Minor
"Tidak ada ""Telepon"" dan ""Aktivitas Terakhir""",Mayor
Title pada action edit masih view (SS01),Mayor
Pada Output PDF tidak ada kolom nilai nilai faktor,Mayor
Saat Selesai input tambah atau edit Riwayat Pindah Alamat dan Riwayat Pemimpin Kantor redirect ke halaman Depan (Jaringan Kantor). (SS01),Mayor
"Filter Data by Status, setelah memilih filter berhasil menampilkan data yang dipilih, tidak bisa mengembalikan agar data terlihat semua. Harus klik Sub Menu Log Email &gt; Tautan/Refresh",Minor
Pencarian Data tidak bisa menggunakan tanggal dan waktu,Minor
1. terdapat halaman kosong pada hasil download pdf<br><br>2. nama laporan berbeda,Mayor
Pada saat Upload File Referensi detil tidak sesuai upload (SS1)<br>,Mayor
"1. Ketika melakukan simpan, data deskripsi dan description tidak tersimpan<br>2. Ketika ubah data field deskripsi dan description bisa kosong",Mayor
1. Muncul error (SS1)<br><br>2. Belum ada hasil download TKBI UMKM &amp; Non UMKM<br><br>SS terlampir,Mayor
Penamaan judul kolom belum sesuai<br>,Kosmetik
"aksi tambah dokumen tidak muncul, sementara terdapat log ""reporting/create"" pada perubahan nilai",Mayor
Penamaan judul kolom belum sesuai<br>,Kosmetik
button detail ketika di klik tidak ada aksi apapun<br>,Mayor
"Hasil keterangannya tidak sesuai, jumlah baris selain header yang terbaca hanya 1",Mayor
"ketika Klik <strong>Detail, </strong>page eror",Mayor
Saat Selesai input tambah atau edit Riwayat Pindah Alamat dan Riwayat Pemimpin Kantor redirect ke halaman Depan (Jaringan Kantor). (SS01),Mayor
Pada Halaman View/Detail belum sesuai mockup (SS01),Mayor
1. terdapat halaman kosong pada hasil download pdf<br><br>2. terdapat tanda x pada bagian bawah Tanggal Cetak,Mayor
"Saat membuka menu Laporan Data Pokok Lengkap, sistem menampilkan pesan <em data-start=""549"" data-end=""584"">Error 500 (Internal Server Error)</em> dan halaman tidak dapat diakses.",Fatal
filter tampilan debitur belum berfungsi.,Mayor
1. nama bank | triwulan tahun belum ada<br><br>2. belum ada data,Mayor
"Pada Pencarian data terdapat Button ""close"", ketika klik Button ""Close"" data yang ada, tidak merefresh dan menampilkan semua data, namun apabila di klik ""Backspace"" akan merefresh dan menampilkan semua data",Minor
Informasi Sentra Keuangan Khusus tidak sesuai dengan data yang ada di jaringan kantor (SS01),Mayor
"Pada pencarian data, tidak dapat mencari data menggunakan keyword ORGANISASI, KK, LJK YANG DIAWASI, ROLE",Minor
filter debitur belum berfungsi,Mayor
"ketika klik simpan, muncul notif gagal, tetapi tidak menjelaskan penyebabnya secara detail. mohon diberi penjelasan lebih lanjut",Mayor
Pada saat upload dokumen terjadi error (SS1)<br>,Mayor
"Nilai Akhir, Keterangan Akhir, Penilaian Feedback dan Tindak lanjut Bank belum ada datanya",Mayor
kolom header belum sesuai,Kosmetik
Gambar tidak tampil (SS01),Minor
sudah mengirimkan laporan tetapi belum masuk baik monitoring nya maupun email nya,Mayor
digit dibelakang koma mohon disesuaikan dengan yang lain (2 digit dibelakang koma),Kosmetik
"jika datanya 0, data tidak tampil",Mayor
"Terjadi perbedaan tampilan tabel pada menu Search dan Edit"" Nilai pengawas periode Berjalan"" seperti pada ss yang telah di lampirkan",Mayor
"Saat melakukan input data pada form Input/Edit Informasi Pendirian Kantor Kas, sistem menampilkan pesan validasi. â€œTanggal Pelaksanaan Operasional tidak boleh lebih kecil dari Tanggal Surat Pemberitahuan Operasional.â€<br data-start=""655"" data-end=""658"">Padahal nilai yang diinput sudah benar (SS01)",Mayor
"Form Legalitas beberapa sudah diisi, tetapi tetap ada alert Harus diisi",Mayor
File strukdat blm sesuai krn jumlah kolom tabel di vertikal dan horizontal blm sesuai,Fatal
"belum ada audit perubahan nilai untuk tambah data, edit, dan hapus",Mayor
"belum ada audit perubahan nilai untuk tambah data, edit, dan hapus",Mayor
"belum ada audit perubahan nilai untuk tambah data, edit, dan hapus",Mayor
"Pada kolom catatan terdapat simbol mandatory untuk diisi, namun tanpa mengisi dokumen dapat dilanjutkan pad tahap selanjutnya (untuk meminta persetujuan)",Mayor
Pada Riwayat review tampilan kolomnya belum sesuai dengan content/isi nya (bergeser),Minor
Terdapat halaman kosong pada hasil download PDF,Mayor
Perlu penyesuaian dengan mockup (SS01),Minor
Pada kolom kode mohon di samakan rata kiri seperti pengisian kolom yang lainnya,Kosmetik
terdapat garis yang hilang pada bagian tabel File Excel<br><br>SS terlampir,Kosmetik
terdapat halaman kosong pada hasil download pdf,Mayor
terdapat kolom tabel lembaga<b> Permodalan Nasional Madan</b>i yang belum  tampil sesuai dengan acuan  <br>,Mayor
terdapat garis yang hilang pada bagian tabel File excel<br><br>SS terlampir,Kosmetik
Terdapat halaman kosong pada hasil download PDF,Mayor
Terdapat data investasi dan current rasio (likuiditas) yang belum tersedia di aplikasi<br>SS terlampir,Mayor
Tampilan kolom tabel belum sesuai mockup,Minor
terdapat data utang dan pinjaman subordinasi  serta investasi<br>yang belum tersedia di aplikasi <br>ss terlampir,Mayor
keterangan pada laporan Koreksi Pengawas masih tidak sesuai,Minor
Laporan seharusnya Rutin dan Koreksi <br>akan tetapi pada aplikasi pilihannya Rutin dan Koreksi atas permintaan pengawas,Mayor
Terdapat halaman kosong pada hasil download PDF,Mayor
terdapat garis yang hilang pada bagian tabel File excel<br><br>SS terlampir,Kosmetik
"Setelah Dokumen Peilaian TKS dapat ditampilkan, dan tester men-klik tombol dropdown, muncul notifikasi ""unexpected server respon""",Mayor
terdapat garis yang hilang pada bagian tabel File excel<br><br>SS terlampir,Kosmetik
1. mohon disamakan untuk menggunakan 2 digit dibelakang koma<br><br>2. nilai 0 masih belum tampil,Mayor
terdapat garis yang hilang pada bagian tabel File excel<br><br>SS terlampir,Kosmetik
Input/Edit Perubahan Status ketika Get No dari SIPENA Nomor Surat Pengesahan Tidak terisi (SS01),Mayor
Form Legalitas &gt; Validator alert terbalik,Minor
"Berhasil Edit, tapi notifikasi/alert tidak ada bedanya dengan tambah data penutupan",Minor
Format jumlah bank belum sesuai<br><br><br>,Mayor
"Seharusnya kolom 18,19,20 muncul pesan error terkait penjumlahan sesuai dengan kolom di strukdat<br>",Mayor
"1. terdapat strukdat yang kosong pada kolom M/C/O<br><br>2. Nama referensi kolom 5 dan 22 belum sesuai struktur data<br><br>3. Pada baris total, kolom 17 diisi namun tidak muncul pesan wajib kosong",Mayor
Kolom nama belum ada data,Mayor
Terdapat halaman kosong pada hasil download PDF,Mayor
"Pencarian Data tidak menampilkan data saat pencarian menggunakan keyword Nama RPT, Waktu Pelaksanaan, dan Tanggal Waktu Mengisi",Minor
terdapat halaman kosong pada hasil download,Mayor
"terdapat pada tabel periode bulan  yang belum sesuai dengan acuan ,  tampilan di acuan dari <strong>januari - desember</strong> sedangkan di web dari <strong>desember - januari </strong>",Minor
terdapat tabel yang tidak sesuai dengan acuan<br><br>SS terlampir,Kosmetik
terdapat tabel yang terpisah dengan tabel lainnya pada file PDF<br><br>SS terlampir,Minor
terdapat tabel yang terpisah dengan tabel lainnya dan tabel yang rusak pada file PDF<br><br>SS terlampir,Minor
Tidak dapat mengaktifkan data,Mayor
terdapat pada tabel <strong>sandi penyelenggara</strong> dan <strong>total </strong> yang belum muncul,Mayor
"Klik icon Lihat Detail Data halaman Error ""MaafTerjadi kesalahan pada server""",Mayor
"Pada saat ubah data, tidak mengubah Kode KK, namun saat berhasil tersimpan ""Kode KK"" kosong",Mayor
"Tidak ada notifikasi berhasil tambah, edit, dan hapus data",Mayor
belum menerima email LJK,Mayor
"1. Tombol ""Kembali terpotong""<br>2. Tidak ada notifikasi berhasil tambah, edit, dan hapus data",Mayor
Tidak dapat menampilkan data yang dijadikan keyword pada Pencarian Data,Mayor
Pada tab slicer all dan Result all terdapat tampilan dengan data kosong,Minor
1. terdapat halaman kosong pada hasil download<br><br>2. nama kolom belum uppercase each words,Mayor
Tampilan belum sesuai dengan mockup,Kosmetik
Terdapat halaman kosong (data tidak muncul) pada page 2,Mayor
Tampilan belum sesuai dengan mockup,Kosmetik
saat melakukan export pdf hasil data  dari export pdf terduplicate,Minor
Kalimat pada judul kolom belum sesuai mockup,Minor
Form LBBPKSDJS kolom 5 saat D01 di kosongin tidak muncul log erornya,Minor
terdapat label data yang belum sesuai dengan acuan (harus 3 sd 5 dan 5 sd 10)<br><br>,Mayor
sudah 20 menit belum menerima email,Mayor
"ketika menjalankan skenario ""Upload Koreksi Pengawas Pada Periode Koreksi  <br>(nomor surat yang tidak ada di Daftar Surat)"" hasilnya berhasil. seharusnya gagal",Mayor
seluruh kolom pada header lolos validasi (tidak sesuai dengan struktur data),Mayor
Pada saat export excel berhasil ke download tetapi di audit log cetak laporan tidak muncul audit log nya,Mayor
label seharusnya Kategori Root Cause,Kosmetik
tabel pada output EXCEL belum sama dengan aplikasi,Mayor
Tabel pada output EXCEL belum sesuai dengan aplikasi,Mayor
1. belum ada line pembatas antara header dan isi<br><br>2. terdapat halaman kosong pada hasil download pdf,Mayor
Format angka pada output EXCEL belum sesuai dengan aplikasi,Kosmetik
- Tidak sesuai dengan mockup (ada tombol cek personil)<br><br>- Setelah cek personil ternyata ada typo,Kosmetik
Pada saat berhasil download tidak muncul di audit log cetak laporan,Minor
Pada saat berhasil download tidak muncul di audit log cetak laporan,Minor
Pada saat berhasil download tidak muncul di audit log cetak laporan,Minor
hasil export belum sesuai web,Minor
"terdapat Skenario T.3.1 hasil yang diharapkan berhasil mencatat log akses, log akses RDKB_PVML_13 belum mencatat log akses",Minor
Pada saat berhasil download tidak muncul di audit log cetak laporan,Minor
Ketika klik <em><strong>Selengkapnya </strong>-&gt; </em>Akses ditolak / error,Mayor
Belum tercatat Lihat Detil Data pada Menu Administrasi &gt; Jenis LJK,Mayor
"Administrasi &gt; Manajemen In Depth, belum tercatat ketika aksi :<br>1. Lihat Detail Data<br>2. Nonaktif data<br>3. Aktifkan data",Mayor
1. terdapat data redundan<br><br>2. level reviewer tidak sesuai,Mayor
"1. Saat tambah Riwayat KK alert berhasil tapi data tidak nambah (SS01)<br>2. Saat upload gambar Struktur Konglomerasi Keuangan preview tidak tampil dan tidak tersimpan(SS02)<br>3. Button Get SIPENA Nomor Naskah Dinas tidak ada action (SS03)<br>4. Input Badan Usaha LJK belum sesuai, seharusnya dropdown pada nama badan usaha (SS04)<br>5. File Naskah dinas seharusnya tidak bisa di upload dari DAPOK (SS05)",Mayor
"Administrasi &gt; Inisiasi Tanggal RPT, belum mencatat ketika aksi :<br>1. Lihat Detail Data<br>2. Sesuaikan Judul Initial menjadi Inisiasi seperti pada web",Mayor
"Ruang lingkup Pengawasan, tidak mencatat ketika aksi : <br>1. Tambah data tercatat berhasil membuat cakupan risiko<br>Detail<br>2. Update data tercatat berhasil update Cakupan Risiko",Mayor
"saat memfilter  periode bulan desember 2024  hasil yang tampil bulan juli-september 2024, pada acuan periode  yang ditampilkan  13 bulan data dari periode yang dipilih<br><br>",Mayor
"Pada form input ""pilih sektor"" dan ""pilih kbli"" tidak di pilih lalu klik simpan muncul pop up error",Fatal
"Administrasi &gt; Usulan Cakupan Risiko, belum tercatat aksi Lihat Detail Data",Mayor
"Administrasi &gt; Mapping LJK ke KK, belum tercatat aksi Lihat Detail Data",Mayor
"Administrasi &gt; Template Email, belum tercatat aksi Lihat Detail Data",Mayor
"Administrasi &gt; Notifikasi Template, belum tercatat aksi Lihat Detail Data",Mayor
Pada diseluruh data kelembagaan saat berhasil download tidak muncul di audit log cetak laporan,Minor
belum ada alert jika mandatory tidak diisi,Mayor
Kondisi: sudah setting akun agar dapat login pada OSW<br><br><strong>saat ini:<br></strong>belum dapat login menggunakan akun tersebut<br><br>,Mayor
1. Nama Pengurus tidak bisa diisi<br>2. typo,Mayor
1. Nama Pengurus tidak bisa diisi<br>2. typo,Mayor
"Penamaan label tidak konsisten, pada dropdown <strong>Verifikasi Materi </strong>menggunakan ""All RPT"", pada dropdown selain <strong>Verifikasi Materi </strong>ï»¿menggunakan ""Semua RPT""",Kosmetik
"Tidak ada notifikasi untuk tambah, edit dan delete (oncheck)<br><br>1. Kepemilikan<br>2. Pengurusan<br>3. Organisasi<br><br><br><br>",Mayor
belum dapat logn menggunakan user yang telah diberikan<br><br>http://10.224.61.136/APPKDev/Website/Home/Login?ReturnUrl=%2FAPPKDev<br>,Mayor
Tampilan pada web belum sesuai dengan mockup data,Minor
"1. pada pilihan dalam negri - propinsi terdapat pilihan ""Null dan others"" (SS1)<br><br>2. Pada pilihan luar negeri button export nya bertumpuk (SS2)",Mayor
Tampilan pada web belum sesuai dengan mockup data,Mayor
Hasil Export PDf terdapat page kosong,Mayor
Hasil Export PDf terdapat page kosong,Mayor
terdapat tabel yang  yang belum sesuai dengan tabel acuan <br><br>SS terlampir,Minor
"Hasil Export PDf terdapat page kosong pada halaman 2,4,6,8,10,12,14,16,18,20,22,24,26",Mayor
"Pada Kolom tabel  ""Asuransi Jiwa Syariah"" data tidak muncul pada bulan Desember 2024",Mayor
Tampilan belum sesuai dengan mockup data,Minor
Bisa menyimpan data yang isiannya kosong semua (mohon disable tombol simpannya),Mayor
Pada tabel Ausransi Jiwa Syariah periode desember 2024 tidak muncul,Mayor
"1. Gambar Mandatory, saat dikosongkan redirect ke Halaman Error<br>2. Saat mau upload gambar dan klik cancel, muncul alert",Mayor
ada typo di subjudul tabel pada menu :<br>1. Risiko Kredit<br>2. Risiko reputasi<br>3. Risiko strategis<br>,Kosmetik
Tampilan belum sesuai dengan mockup data,Minor
Hasil export PDF terdapat halaman kosong di page 2 dan 3,Mayor
terdapat kolom kalimat <br>yang belum lengkap <br>SS terlampir<br>,Minor
Nama sandi belum sesuai dengan Mockup data,Minor
terdapat tabel total <br> belum sesuai dengan acuan <br><br>,Kosmetik
nama Laporan ada yang belum sesuai struktur data,Minor
Berhasil membuat 2 penyusunan agenda yang tersimpan pada Agenda &amp; Undangan hanya 1 agenda (g1),Mayor
"Setelah melakukan delete  pada Strategi Utama di Organisasi dan mengakses menu Sumber Daya Manusia, terdapat notifikasi ""berhasil melakukan delete""",Mayor
1. Pada Data Surat Berharga amount issued tidak sama (SS1)<br><br>2. Pada Penundaan Kewajiban belum ada data nya (SS2)<br><br>3. Hasil PDF dan Excel data Settlement tidak sesuai pada aplikasi (SS3),Mayor
terdapat beberapa kata yang tidak sesuai dengan tabel acuan<br><br>SS terlampir,Minor
"1. Kolom belum sesuai mockup, pada mockup tampil nya Keterangan tetapi pada web tampil OSIDA<br><br>2. Judul kolom Tidak berada di tengah kolom (center)",Kosmetik
"saat ini, pengujian untuk sync CAM belum dapat dilakukan",Mayor
Judul belum center/berada di tengah kolom,Minor
terdapat  pada  kolom ratevalue dan outstandingvalue data kosong <br><br><br>,Mayor
Tampilan belum sesuai dengan mockup,Kosmetik
Hasil Export PDf terdapat page kosong,Mayor
Di dokumen usreq terdapat item tanggal tetapi di aplikasi belum ada,Mayor
terdapat kolom tabel yang belum sesuai dengan acuan <br><br><br>,Kosmetik
pada Detail  dan Hapus ada inputan tanggal yang tidak disable dan dapat diketik,Mayor
"untuk Dash Pengumuman dan publikasi, nilai tetap 0 meskipun sudah diklik berkali kali<br>",Mayor
belum terdapat statistik apabila klik menu <em>ticketing </em>ï»¿,Mayor
"Apabila data tidak tersedia, sebaiknya tampilkan tulisan data tidak tersedia (saat ini kosong)",Kosmetik
Sistem / aplikasi tidak bisa langsung merespon Log Audit (loading cukup lama kurang lebih 30 menit),Mayor
"Untuk Perusahaan dan Individu:<br>1. Setelah selesai input, Auto download template surat tidak berfungsi (tidak ada template yang terdownload)<br>2. Ketika klik view menampilkan popup sandi PUJK &amp; No. Telepon tidak tersimpan(SS01)<br>3. Pada Pop Up View Button Edit Dipojok kanan atas ketika di klik hilang (SS02)<br>4. Halaman Detail tedapat button Edit di atas (SS03)<br>5. Sandi PUJK pada halaman detail tidak tampill",Mayor
statistik untuk Cek Status Pengaduan belum terekam. saat ini baru 3 yang lainnya tampil (apa harus sampai selesai isi lalu submit?),Mayor
"pada kolom &lt; 100 juta dan kolom 100-200, 200-500  juta terdapat nominal yang tidak sesuai dengan kolom  <br><br><br>",Mayor
header kolom belum rata tengah,Kosmetik
alignment judul kolom tidak rata tengah,Kosmetik
isi terpotong tapi tidak ada scroll,Mayor
ketika pilih tanggal update terakhir. muncul error timeout expired,Mayor
header kolom belum rata tengah,Kosmetik
header kolom belum rata tengah,Kosmetik
alignment judul kolom tidak rata tengah,Kosmetik
1. nama kolom belum rata tengah<br><br>2. isi Note Modul terpotong,Minor
Terdapat error pada Tab&gt;Histori Revisi Tanggapan (Terjadi Error. Silahkan hubungi Administrator),Mayor
"pada <em>PELAKSANAAN &amp; PELAPORAN HASIL RAPAT</em> data berhasil dibuat tetapi setelah berhasil disimpan langsung muncul <strong>Error</strong>, jadi tidak bisa membuat daftar penugasan.<br><br>Ketika mau edit/detail data tetap muncul erorr",Fatal
header kolom belum rata tengah,Kosmetik
Tidak sesuai dengan mockup,Minor
"Untuk Individu dan Perusahaan:<br>Alert Sukses data juga terupload, tetapi di setelah berhasil di redirect ke halaman error 500",Mayor
"saat klik search dengan user id dikosongkan, muncul popup error",Mayor
"tidak ada tanda mandatory pada field upload image, padahal ada validasi error wajib masukan gambar",Mayor
tidak bisa mengakses menu upload dan muncul halaman dengan kode 401,Mayor
pada Detail dan Hapus ada inputan tanggal yang tidak disable dan dapat diketik,Mayor
Get data Sipena tidak mengisi Nomor Surat Sanksi hanya mengisi tanggal surat sanksi dan deskripsi sanksi,Mayor
"saat tambah temuan lalu klik ubah, terdapat data tambahan dengan ID Modul terisi dengan Role dan Note Modul terisi Default Modul For R...",Mayor
"Kolom:<br>- Narasi Standar Jawaban<br>- Media Layanan<br>- Narasi Utama<br><br>Wajib Diisi (Asterix Merah)<br>namun, apabila tidak diisi masih lolos (berhasil Simpan)",Minor
"label belum sesuai, seharusnya ""Otoritas Jasa Keuangan | Investor Relations Unit""",Kosmetik
belum ada Tanggal Publikasi,Mayor
1. gambar tidak ke load<br><br>2. belum ada short description<br><br>3. gambar konten tidak ter-load,Mayor
Tidak dapat menampilkan data jika pencarian data menggunakan Tanggal ataupun Tanggal dan waktu,Minor
dropdown jenis laporan tidak lengkap/belum sesuai,Mayor
gambar konten tidak ter-load,Mayor
short description belum ada,Mayor
"Ketika semua form sudah di isi, kemudian klik button ""Selanjutnya"" (SS1), form kosong kembali seperti awal (SS2)<br><br>SS terlampir",Mayor
Penulisan cetak terdapat di dalam data,Mayor
"Saat melakukan export  PDF, muncul dua halaman kosong di bagian bawah  dan data baru terlihat lagi di halaman berikutnya<br><br><br>",Mayor
Penamaan antara aplikasi dengan mockup nya berbeda jenis bahasanya(SS1)<br><br>(SS terlampir),Kosmetik
"Pada popup view setelah selesai input/edit data dan penyimpanan data berhasil. Popup tidak  tertutup otomatis, menyebabkan pengguna harus melakukan refresh manual untuk melanjutkan (SS01)<br>",Minor
Penamaan antara aplikasi dengan mockup nya berbeda jenis bahasanya(SS1)<br><br>(SS terlampir),Minor
"1. Pada lampiran terdapat aksi ""delete "" (SS1)<br>2. Kolom pada excel tidak sesuai dengan contoh lampiran (SS2)<br><br><br>",Minor
Judul kolom belum lengkap,Kosmetik
Judul kolom belum rata tengah,Kosmetik
1. Keterangan di atas tabel belum tampil<br><br>2. Nama NBDU/FIN belum lengkap<br><br>3. Nama pengurus dan jabatan pengurus belum ada sedangkan nama pengawas dan jabatan pengawas tampil 2x<br><br>4.Regulatoryreportformatcode tidak ada pada acuan tetapi tampil di web,Mayor
Log eror saat pengetesan panjang maksimum pada Baris 18 tidak muncul keterangan rumus seperti pengetesan lainnya (terlampir),Minor
"Saat melakukan export  PDF, muncul dua halaman kosong di bagian bawah  dan data baru terlihat  lagi di halaman berikutnya.<br>",Mayor
Untuk Kirim Data Sanksi ke SIPO diperlukan User dengan peran untuk Validasi tetapi assign role/jobnya belum ada.,Mayor
Pada saat edit logo muncul tanda berhasil tapi tidak merubah ke logo yang baru,Mayor
"kondisi: telah sign 1 user di CAM untuk di OSW sebagai admin, tapi setelah 1 hari belum tampil di administrasi pengguna dan belum bisa login",Mayor
Pada  Komisaris dan Direksi tabel Awal dan akhir periode pada lampiran hanya tanggal saja (SS1),Kosmetik
"ketika menjalankan skenario upload web ""Upload Rutin pada Periode Koreksi  (belum lapor Rutin)"" harusnya terlambat , tetapi hasil nya Lapor pada monitoring absensi",Mayor
"Pada tombol ""+"" hanya ada tombol dalete tidak ada tombol ""Edit""",Minor
"1. Pada Filter saat memfilter dengan jenis aktivitas ""edit"" namun hasil yang ditampilkan view, jika data kosong seharusnya tidak perlu ada data yang ditampilkan (kosong) --SS1<br><br>2. Tidak menampilkan data secara spesifik berapa jumlah aktivitas yang ditampilkan --SS2<br><br>3. Bisa menambahkan kolom nomor pada tabel --SS2",Mayor
hasil tambahan submenu ketika di klik tidak ada respon atau tidak berpindah page.,Mayor
tidak ada validasi error ketika no urut yang dipilih sama,Mayor
1. Penyesuaian Filter dengan Mockup (SS01)<br>2. Filter Jenis Kelamin error 500 (SS02)<br>3. Pada Form Tambah ketika baru memilih NIK dropdown dibawah menampilkan validasi harus di isi (SS03)<br>4. Setelah tambah data redirect ke halaman error 500 (SS04)<br>5. Pada Halaman Detail Belum sesuai Mockup (SS05),Mayor
terdapat 2 field konten yang sama persis/redundan <br>,Minor
button simpan belum berfungsi,Mayor
"pesan error yang muncul pada saat klik unpublish kurang user friendly dengan tampilan layar seluruhnya hitam berpotensi tidak user friendly, apakah bisa dibuat seperti popup error atau semacamnya?",Minor
"ketika berada di tab ke 2 dan sudah melakukan validasi kemudian klik setuju, halaman akan langsung redirect ke halaman utama/awal seperti baru berhasil login",Mayor
1. Ketika field deskripsi dan description diisi dengan bold/italic data tidak tersimpan<br>2. ketika ubah data field deskripsi dan description bisa kosong,Mayor
1. Penyesuaian Filter dengan Mockup (SS01)<br>2. Setelah tambah data redirect ke halaman error 500 (SS02)<br>3. Pada Halaman Detail belum sesuai Mockup (SS03),Mayor
pada T.1.1 terdapat judul pada IPO1 - IPO 5 (SS1-SS2),Kosmetik
Pop up mandatory tidak sesuai seharusnya periode awal dan periode akhir  (SS1),Kosmetik
Pada kolom profil security name belum center seperti yang lain  (SS1),Kosmetik
"- Tidak ada notifikasi berhasil tambah, edit, delete<br>- Mandatory bisa dikosongkan<br><br>",Mayor
"- Tidak ada notifikasi berhasil tambah, edit, delete<br>- Mandatory bisa dikosongkan<br>",Mayor
Hanya ada satu peran yang tersedia,Minor
Pada bagian No Dokumen pada saat di isi berhasil tersimpan tapi tidak muncul datanya,Mayor
1. Belum ada tanda mandatory (*) untuk periode dan sampai.<br><br>2. Pada saat pencarian berdasarkan kolom terdapat error (SS2)<br><br>3. Pada download excel dan PDF belum terdapat judul (SS3)<br>,Mayor
"- Tidak ada mandatory, jadi form bisa full kosong, mohon disable tombol simpannya<br><br>1. Pihak Penyedia IT<br>2. Data Center<br>3. DRC<br>4. DRP<br><br>- Tidak ada notifikasi berhasil tambah data, edit atau hapus",Mayor
1. Judul header belum rata tengah<br>2. Mohon diganti text color jadi hitam pada judul header,Kosmetik
"tidak bisa login menggunakan pujktester1-5, sebelumnya bisa",Mayor
"Tercatat Notifikasi Email, seharusnya Notifikasi Template",Minor
"Setelah berhasil masuk pada halaman detail data dan klik aksi ""Kembali"" maka akan pindak ke halaman Dokumen",Minor
1. Judul header belum rata tengah<br>2. Mohon diganti text color jadi hitam pada judul header,Kosmetik
client tidak bisa mengirim data untuk RAKB2A menggunakan laporan KPBLN,Mayor
Tidak sesuai dengan mockup,Mayor
Mohon diberikan validasi agar urutan menu tidak bisa diisi dengan angka yang sama dengan menu lain,Mayor
"sudah tambah data KYE, dan ingin di review, namun tidak bisa klik tombol review",Mayor
"Pada T.1.1 Field â€œPeneliti Eksternalâ€ dapat diedit oleh SPR , pada aplikasi hanya ada aksi delete tidak ada edit (SS1)",Minor
Belum terdapat Field â€œInstitusi Peneliti Eksternalâ€ (SS1),Mayor
Tombol lihat dan ubah di kanan atas menampilkan halaman error,Mayor
File upload dan kapasitas belum sesuai dengan T.1.1 (SS1),Minor
"pada detail perencanaan pengawasan, tulisannya masih bahasa inggris ""Supervisory Plan""",Kosmetik
Pada pilih klasifikasi teks seperti transparant,Minor
"tidak bisa upload pdf, jpg dan png. ada keterangan ""upload failed"" tapi keterangan kurang menjelasakan alasan dokumen failed upload",Mayor
"pada fitur export, belum ada export pdf",Mayor
"Ketika berhasil menambahkan data, harus refresh halaman baru datanya muncul",Mayor
"tidak bisa isi tanggapan penerusan pada pujktester2, masih disable",Mayor
Pada saat edit data berhasil melakukan edit data dan setelah di cek kembali data baru tidak muncul,Mayor
"1. Pada tabel RBC, RKI, dan Ekuitas 1 Tahun Terakhir, kolom Equity diubah ke ekuitas (Rp Juta)<br><br>2. pada grafik Aset dan Investasi data yang tampil pada hover didalam chart belum sesuai<br><br>3. informasi horizontal pada chart jika memang itu menunjukan periode, bisa ditambahkan simbol (-) untuk pemisah antara tahun dan bulan, seperti chart Trend Perbandingan Rasio Klaim, Rasio Badan Usaha dan Combine<br><br>4. judul dengan kata <b>trend </b>diganti ke <b>tren </b>sesuai dengan acuan<br><br>5. penyesuaian nama/judul chart<br><br>6. keterangan yang tampil, jika menunjukan angka/nominal tolong disesuaikan untuk penggunaan titik/koma sebagai pemisah angkanya<br><br>7. pada chart line, ketika pada zoom 100% diakhir chart tampilannya terpotong, tetapi ketika di zoom out 30% tidak terpotong<br><br>8. nama PT belum tampil",Mayor
"pada saat ingin unggah dokumen terdapat note ""Dokumen Proposal Riset (Format: doc/docx/pdf), max 10 MB"" namun saat di klik unggah pada pop up terdapat note ""Ukuran file maksimum : 20MB Ekstensi yang di-izinkan : pdf""<br>",Mayor
pada Usulan RPT &amp; Jenis RPT -&gt; isi text tidak ada spasi,Kosmetik
"pada pop up terdapat tulisan ""previu"" untuk melihat hasil unggahan yang seharusnya preview<br>",Kosmetik
aktivitas masuk/login aplikasi belum tercatat,Mayor
belum ada fasilitas untuk reset password mandiri oleh user<br>,Mayor
Tombol aksi terlalu dekat dengan border,Minor
belum ada Peringatan untuk tidak dapat menggunakan 3 (tiga) password terakhir yang sebelumnya pernah dipakai oleh Pengguna,Mayor
"Penamaan Label masih belum sesuai dengan T.1.1 dan MOM, mohon untuk disesuaikan",Minor
Tampilan Tabel bisa disempurnakan dan dibuat rata kiri.<br>- SS1 kerja sama internal<br>- SS2 kerja sama eksternal<br>- SS3 Data Primer<br>- SS4 Data Sekunder<br>- SS5 Penelitian internal dan eksternal<br><br>karena data yang dapat ditampilkan bisa lebih dari 2 bisa ditambahkan kolom nomor pada setiap tabel<br>,Minor
terdapat beberapa kata yang tidak sesuai dengan tabel acuan,Kosmetik
Tampilan pada web belum sesuai dengan mockup,Minor
pada seluruh menu tata kelola saat dilakukan edit data tidak dapat tersimpan,Fatal
"Penamaan Label masih belum sesuai dengan T.1.1 dan MOM, mohon untuk disesuaikan",Minor
"tidak ada tombol ""upload gambar""",Mayor
belum terdapat tanda separator atau pemisah angka (SS1),Kosmetik
"tidak ada tombol ""upload gambar""",Mayor
1. terdapat typo pada nama kursor grafik (tertulis volune) dan belum ada separator ribuan (SS1)<br><br>2. Pada kolom prev date terdapat tanggal dengan belakang .0 (SS2),Minor
ketika kolom pertanyaan dan question dikosongkan lalu klik simpan muncul pop up error,Mayor
Tidak mandatory tetapi ada validasi,Minor
Terdapat error pada halaman Upload Laporan Hasil riset (SS1),Fatal
"Pada T.1.1 terdapat Institusi Peneliti Eksternal , sedangkan di aplikasi belum ada (SS1)",Mayor
Tulisan terpotong tidak ada scroll,Mayor
Tidak ada Nomor pada List Data,Kosmetik
"Form skk tersebut berdasarkan konfirmasi terbaru, isi field2nya seharusnya sama seperti yg kantor wilayah mas, shg seharusnya ada field jenis kantor dan nama kantor induk (SS01)",Mayor
USER ID tidak ditemukan,Mayor
1. Belum tercatat aktivitas berhasil Login (SS1)<br>,Mayor
"Saat sinkronisasi data, masih tidak ada bedanya dengan saat sebelum disinkron",Mayor
Tidak sama dengan mockup,Minor
1. Muncul kesalahan saat validasi<br><br>2. Kolom 38 nilai totalnya salah namun tidak muncul pesan,Mayor
1. Pesan kesalahan saat kolom 3 kosong atau terisi belum sesuai,Minor
1. Panjang kolom 2 tidak sama antara struktur data dan pesan validasi<br><br>2. Baris 2-5 diisi 6 digit belum muncul pesan kesalahan<br><br>3. Baris 6-7 diisi lebih dari 16 digit belum muncul pesan kesalahan<br><br>4. Baris 8-18 diisi lebih dari 500 muncul pesan kesalahan panjang maksimal 250<br><br>5. Karakter yang diperbolehkan pada baris 2-7 beda antara struktur data dan pesan validasi<br><br>Untuk dicek kembali seluruh form LAKBA,Mayor
"untuk RAKB2A (KPBLN) tidak ada email lainnya, hanya menerima email LJK saja (baik email yang diterima oleh pengawas maupun LJK apolo.sit012)",Mayor
"Pada Tab Pelaksanaan &amp; Pelaporan Hasil Rapat, saat megisi Daftar Penugasan (Penugasan 1) mengisi Status Progress dengan On Progress kemudian Klik Simpan, menampilkan form Tambah Penugasan dan menampilkan Status Progress yang sebelumnya diisi On Progress menjadi Pending",Mayor
"Penamaan Label masih belum sesuai dengan T.1.1 <br>1.Pada web ""Satker/Uker Pemrakarsa"" pada t.1.1<br>Satuan Kerja Pemrakasa, label typo dan belum sesuai<br><br>2.pada Satuan Kerja terkait di t.1.1 ""Kerja"" menggunakan kapital<br><br>3.pada Cakupan Risiko &amp; Ruang Lingkup Pengawasan tidak terdapat ""Usulan"" pada t.1.1<br><br>4.Pada web filter data ""Periode Pelaksanaan Pengawasan"", pada t.1.1 ""Waktu Pelaksanaan Pengawasan""<br><br>5.pada t.1.1 terdapat ""<b>terkait"" </b>pada web hanya ""Informasi Hasil Pengawasan"",<br>mohon untuk disesuaikan",Minor
"Penamaan Label masih belum sesuai dengan T.1.1<br>1.Pada web ""Satker/Uker Pemrakarsa"" pada t.1.1<br>Satuan Kerja Pemrakasa, label typo dan belum sesuai<br><br>2.pada Satuan Kerja terkait di t.1.1 ""Kerja"" menggunakan kapital<br><br>3.pada Cakupan Risiko &amp; Ruang Lingkup Pengawasan tidak terdapat ""Usulan"" pada t.1.1<br><br>4.Pada web filter data ""Periode Pelaksanaan Pengawasan"", pada t.1.1 ""Waktu Pelaksanaan Pengawasan""<br><br>5.pada t.1.1 terdapat ""<b>terkait"" </b>pada web hanya ""Informasi Hasil Pengawasan"",<br>mohon untuk disesuaikan",Minor
"Penamaan Label masih belum sesuai dengan T.1.1<br>1.Pada web ""Satker/Uker Pemrakarsa"" pada t.1.1<br>Satuan Kerja Pemrakasa, label typo dan belum sesuai<br><br>2.pada Satuan Kerja terkait di t.1.1 ""Kerja"" menggunakan kapital<br><br>3.pada Cakupan Risiko &amp; Ruang Lingkup Pengawasan tidak terdapat ""Usulan"" pada t.1.1<br><br>4.Pada web filter data ""Periode Pelaksanaan Pengawasan"", pada t.1.1 ""Waktu Pelaksanaan Pengawasan""<br><br>5.pada t.1.1 terdapat ""<b>terkait"" </b>pada web hanya ""Informasi Hasil Pengawasan"",<br>mohon untuk disesuaikan",Minor
Sesuai konfirmasi di WAG pada menu laporan perlu ditambahkan jenis laporan sebagai filter mandatori. atau tambahkan item default di pilihan jenis laporan sehingga halaman di load sudah terisi.<br>,Mayor
Kalimat pada judul kolom belum sesuai mockup,Kosmetik
Tidak dapat upload dokumen yang dipilih (SS1),Minor
Menu RDKB tidak muncul pada aplikasi,Mayor
1. Dokumen Proposal belum terdapat tanda mandatory (*) (SS1)<br><br>2. Data Primer belum  terdapat tanda mandatory (*) dan keterangan pop up nya seharusnya data primer bukan sekunder (SS2)<br><br>3.  Data Sekunder belum  terdapat tanda mandatory (*) dan keterangan pop up nya seharusnya data Sekunder bukan primer (SS3),Kosmetik
Tidak terdapat dicetak oleh pada hasil download excel,Kosmetik
Dicetak oleh pada hasil export excel belum sesuai,Kosmetik
Tidak terdapat dicetak oleh pada hasil download excel,Kosmetik
Tidak terdapat dicetak oleh pada hasil download excel,Kosmetik
Terdapat spasi pada hasil Export excel,Kosmetik
Tidak terdapat dicetak oleh pada hasil download excel,Kosmetik
"1. versi upload pada koreksi gagal pertama menjadi ""0""<br><br>2. versi upload pada monitorig muncul 1 sedangkan yang tertinggi adalah versi 2",Mayor
"1. Pada input laporan dan data belum terisi semua, data berhasil disimpan (SS1)<br>2. Lihat detail data yang sudah tersimpan error (SS2)",Mayor
tidak dapat unggah LHR ( SS1),Minor
Tidak terdapat dicetak oleh pada hasil download excel,Kosmetik
Tidak terdapat dicetak oleh pada hasil download excel,Kosmetik
belum ada log Unauthorized access message,Mayor
"Pada saat edit data ""berhasil"" tetapi data tidak berubah",Minor
"Untuk excel dan pdf, belum ada keterangan dokumennya/nama dokumennya",Minor
"Mohon value pada row Kredit Pembiayaan dibuat responsive, agar value tsb tidak tumpang tindih. (SS)",Kosmetik
"Tambah Data dengan Simpan Draft/Simpan&amp;Kirim, mengisi tanggal Publikasi tanggal hari ini (20/10/2025), berhasil tersimpan dengan tanggal publikasi berubah menjadi tanggal 19/10/2025",Mayor
filter doesn't contain di kolom catatan belum sesuai,Mayor
"1. Pada upload data primer , ukuran dan jenis upload belum sesuai (SS1)<br><br>2. Belum ada tanda mandatory pada checklist pengumpulan data selesai (SS2)",Minor
Warna value harap tidak dibuat menyerupai warna background (sulit dibaca). (SS),Kosmetik
Aksi 'Gagal Login' belum tercatat. (SS),Mayor
Belum ada aksi freeze account ketika gagal login beberapa kali. (SS)<br><br>Optional,Mayor
Pop Up Berhasil tambah data untuk durasinya terlalu cepat,Minor
Belum ada pagination,Minor
Jenis Kantor Sentra Keuangan Khusus tidak sesuai dengan data yang berada di Menu Jaringan Kantor. (Data yang sudah di hapus masih tampil),Mayor
judul kolom tidak rata tengah,Kosmetik
"judul kolom tidak rata tengah, mohon untuk setiap judul kolom dibuat rata tengah",Kosmetik
"judul kolom tidak rata tengah, mohon untuk setiap judul kolom dibuat rata tengah",Kosmetik
Error (Menggunakan LPIP Kredit Biro Deli,Mayor
1. Untuk kolom jenis kelamin pada data konsumen saat klik lanjut tanpa mengisi tidak muncul tanda seperti yang lain (mandatory) (ss)<br><br>2. pada data Wakil/Kuasa Konsumen untuk kolom nomor identitas wakil/kuasa saat klik lanjut tanpa mengisi tidak muncul tanda seperti yang lain (mandatory) (ss1),Minor
"Pada kolom Solusi/Penyelesaian Permasalahan Yang Diharapkan, Lokasi Kejadian dan Nominal Kerugian (Rupiah) saat klik lanjut tanpa mengisi tidak muncul tanda seperti yang lain (mandatory) (ss)",Kosmetik
"Tambah data dan berhasil simpan, namun pada tabel manajemen Pengumuman masih bisa Ubah data seperti apabila Tambah data dan simpan draft",Mayor
Pada saat simpan pengumpulan data terdapat error (SS1),Fatal
pada capthca masih bisa menggunakan huruf,Minor
"judul kolom tidak rata tengah, mohon untuk setiap judul kolom dibuat rata tengah",Kosmetik
"tidak bisa simpan form pilih sektor, cek ss1 dan ss2",Mayor
"Saat mandatory dikosongkan lalu pilih simpan, sebaiknya muncul pop up untuk mengecek kembali field yang harus diisi, saat ini hanya ada tanda seru di field tersebut sehingga krg informatif",Minor
Terdapat pop up Gagal memuat data (SS1),Mayor
"pada field upload file belum ada catatan ketentuan file upload yang didukung, maksimal ukuran file, dan ketentuan ukuran gambar.",Minor
tidak bisa login menggunakan akun mpks.tester5 (pengawas),Fatal
1. Input/Edit Tanggal Surat Keputusan Penutupan masih bisa lebih dari Tanggal Efektif Pelaksanaan Penutupan.<br>2. Tanggal Efektif Pelaksanaan Penutupan sudah terisi tetapi status masih masih aktif (SS02),Mayor
"untuk tab dapen terdampak, button export pdf dan excel belum memuat aksi",Mayor
Pada saat edit riset laporan hasil riset semua field sudah terisi tetapi setelah simpan terdapat error (SS1),Fatal
"Ubah Role, dan Klik Simpan menampilkan Pop Up Gagal, namun pada saat halaman di refresh, menampilkan role yang ditambahkan",Mayor
"1. ketika mengubah filter periode, tidak terekam pada log aktivitas<br><br>2. Ketika melakukan export PDF dan excel di menu lain (selain UC10), pada audit log tercatat melakukan aktivitasnya di menu UC10<br>",Mayor
Pada app dapat upload dokumen dengan jenis dokumen apa saja diluar jenis dokumen yang ditentukan,Mayor
"1. Judul tidak sesuai dengan sub-submenu. Ada typo<br>2. saat melakukan add/edit/delete di salah satu section, setelahnya langsung diarahkan ke halaman tersebut, tidak dijadikan 1 seperti tampilan awal",Mayor
sector name tidak tampil untuk sector name yang ditambahkan saat testing,Mayor
"Pada app tidak sesuai dengan mockup, di app ada sumberdata, created by dan status sedangkan di mockup tidak ada",Mayor
"Pada di app dan di mockup berbeda di app ada ""sumber data"" dan di mockup tidak ada",Mayor
"Kurang SubSubMenu ""Pelanggaran""",Mayor
Belum menerima email LJK dan pengawas,Mayor
"Inkonsistensi terkait kata Netto dan Neto.<br>Kata 'Netto' (tdk baku) harap diubah menjadi 'Neto"" (baku). (SS)<br><br>Minor, krn terdapat 2 case",Minor
Pada T.1.1 dan skenario penamaan dengan aplikasi berbeda (SS1),Kosmetik
3 komponen Indikator paling bawah berbeda dengan dokumen acuan. <br><br>(SS),Minor
"Detailed dropdown untuk indikator ""Penerima Iuran"" belum ada. <br><br>(SS)",Mayor
"Letak Pilihan Frekuensi Data pada "" Semesteran"" seharusnya terdapat dibawah ""Triwulan""",Kosmetik
"Pada Dokumen T.11 untuk landing page Menu ""Beranda"" seharusnya ""Home""",Minor
Pada pengisian link url dapat menggunakan spasi,Minor
"Belum ada value 'tanggal' utk keterangan ""Tanggal SK Pengangkatan"". <br><br>(SS)",Minor
Row 'Tanggal pengesahan PDP Pertama' belum ada.<br><br>(SS),Minor
"Pada Dokumen T.11  menu Tentang kami terdapat 3 konten (Latar Belakang, Profil Satgas PASTI dan Fungsi &amp; Tugas) namun pada aplikasi belum ada",Mayor
"Kolom "" Tanggal Pengesahan PDP Pertama"" belum ada<br><br>SS terlampir",Minor
"Dropdown ""Penerima Iuran"" tidak ada<br><br>SS terlampir",Mayor
"kolom ""Rasio Pendanaan"" dan ""Rasio Solvabilitas"" belum ada pada template <br><br>SS terlampir",Minor
"Pada Dokumen T.11 untuk menu Publikasi terdapat Sub Menu ""Konten Edukasi"" namun pada aplikasi hanya ""Edukasi""",Kosmetik
"Terdapat Error pada menu KYNBFI<br>untuk user approver, reviewer 1, reviewer 2<br><br>SS terlampir",Fatal
"penempatan tanda ""&gt;"" kurang tepat. cek ss",Minor
"Pada saat melakukan upload gambar menggunakan url, dicoba menggunakan url video youtube namun aplikasi tidak muncul notifikasi bahwa link tersebut salah",Mayor
"1. Pada step DNSH, terdapat pengurangan huruf pada kalimat di aplikasi dan hasil unduh hasil penilaian (SS1)<br><br>2. Pada hasil unduh ""Hasil Penilaian"" terdapat beberapa form yang tidak tersusun rapih paragraf nya (SS2)<br><br>3. Halaman pada hasil unduh nya belum sesuai (SS3)<br><br>4. Keterangan pada hasil akhir bagian hasil unduh penilaian belum sesuai (SS4)<br><br>SS terlampir",Minor
"1. Pada Buat Publikasi Riset langsung dari tahap Publikasi Riset ""judul publikasi riset"" mandatory tetapi jika tidak diisi tidak ada keterangan wajib isi (SS1)<br><br>2. Pada unggah publikasi riset , ukuran dan jenis upload belum sesuai (SS2)<br>",Minor
Fitur search by sector belum berfungsi.,Mayor
"1. Icon ""search"" nya tidak berfungsi (SS1)<br><br>2. Counter FAQ belum ada<br><br>SS terlampir",Mayor
filter sector belum berfungsi pada menu statistics,Mayor
belum ada fitur filter sector pada NEWS,Mayor
"Akun Approver dan Reviewer (dev) belum tersedia, tidak dapat melakukan approve / revisi (stopper). <br><br>(SS)",Fatal
1. masih terdapat pilihan NBFI<br><br>2. Belum ada pilihan All Sector,Mayor
"1.Sudah menggunakan akun usr.pengawas1 (DPSI) data sudah sesuai (DPSI) tetapi table <strong>""Riwayat Rencana Pengawasan""</strong> tidak muncul (g1)<br><br>2.ketika menggunakan akun sekretariat table <strong>""Riwayat Rencana Pengawasan"", </strong>ï»¿mohon untuk disesuaikan (g2)",Mayor
1. Jika diisi tab akan muncul 2 pesan kesalahan terkait karakter<br><br>2. Baris 22-25 diisi 7 digit belum muncul pesan kesalahan,Mayor
ketika field kode KBLI diisi lebih dari 10 karakter lalu klik tombol simpan muncul pop up  error,Mayor
"Akun Reviewer dan Approver (dev) tidak ada saat ingin submit data, tidak sesuai seperti yang ada pada acuan paket pengujian T.3.1<br><br>SS terlampir",Fatal
"Pada app tidak ada ""upload dokumen"" dan ""download dokumen"" sedangkan di t11 dan di mockup ada",Mayor
setelah melakukan persetujuan daftar artikel menggunakan role approval lalu pada saat ingin kembali menjadi role admnisator stuck dihalaman tersebut,Fatal
Untuk konten pada Publikasi Siaran Pers isi artikel untuk format numbering menjadikan isi artikelnya menjadi tidak rapih,Minor
"Ketika status dokumen sudah submitted/Approved, 'Dokumen Khusus' masih dapat diubah. Sebaiknya di lock (utk mitigasi perubahan informasi pasca submit).<br><br>(SS)",Mayor
Logo atau kontak whatsapp pada aplikasi tidak merujuk kepada aplikasi whatsapp / terjadi error,Mayor
"1. Notifikasi utk dokumen yg baru diajukan belum ada.<br>2. Tombol Approve yg di tabel apakah memang tidak ada (?)<br data-mce-bogus=""1""><br>(SS)",Mayor
"Hasil Log gagal tidak sesuai ketika menjalankan skenario ""Upload Koreksi setelah Periode Koreksi (belum laporan rutin, Nomor Surat Sesuai, belum dipakai)""",Mayor
"1. Saat buat data baru mengisi no.identitas, tetapi saat klik tombol buat, yang muncul field NPWP dengan Isian No.Identitas yang tadi diisi<br><br>2. Saat session time out aplikasi menampilkan alert bahwa no identitas sudah diisi <br><br>3. Saat disimpan Error",Mayor
Belum ada keterangan Size dan Ekstensi file yang dapat diupload,Mayor
"Pada Edit Riset kemudian menambahkan laporan hasil riset, hanya dapat mengubah riset tidak bisa menambahkan laporan hasil riset (SS1 &amp; SS2)",Mayor
"Pada saat web di gunakan bahasa inggris, masih ada beberapa menu yang belum berubah menjadi bahasa inggris",Minor
"pada field upload file belum ada catatan ketentuan file upload yang didukung, dan maksimal ukuran file,",Mayor
"Pada tampilan tersebut belum ada ""export Pdf"" sesuai dengan t11",Mayor
Format Tabel Entitas dihentikan pada aplikasi tidak sama dengan format tabel entitas dihentikan pada mockup,Minor
Pada T.1.1 penamaan belum sesuai (SS1),Kosmetik
"Pada menu alamat kantor pusat, periode ketika dari tanggal 1-31 agustus  muncul datanya dan setelah di edit dari tanggal 1-30 agustus. di periode 1-31 agustus tidak muncul datanya padahal tanggal 30 itu masih mencangkup di tanggal 1-31 agustus",Mayor
Tabel 101 dan 102 belum muncul,Mayor
Belum menerima email LJK dan pengawas lebih dari 30 menit,Mayor
pada saat search email tidak keluar nama seperti yang seharusnya pada hasil yang diharapkan dalam T31,Mayor
"Pada menu bar publikasi &gt; berita , dalam skenario dan mockup untuk melihat isi atau konten berita harus klik ""selengkapnya"", namun saat pengujian tanpa klik ""selengkapnya"" masih dalam range berita yang ingin dibuka isi atau konten berita dapat ditampilkan.",Minor
Merge data tidak sama dengan Rutin,Mayor
belum ada button untuk menambahkan ke slider,Mayor
"email pengawas tidak sesuai dengan monitoring, seharusnya hasilnya sukses",Mayor
Penulisan yang benar pada dashboard berbeda nama kolom <b><strong>Konfirmasi</strong></b> atau <b><strong>Konfirmasi PUJK</strong></b> seperti pada bagian atas,Kosmetik
"Data pada Koreksi, Rutin, dan Merge belum muncul",Mayor
gambar latar belakang yang diinput di BE belum muncul di FE,Mayor
Selisih data yang muncul pada Merge,Mayor
1. Log Aktifitas Double<br>2. Saat Delete Data Aktivitas Usaha tidak tercacat di Log,Mayor
"Data pada Koreksi, Rutin, dan Merge belum muncul",Mayor
1. Tidak sesuai mockup<br>2. Tidak ada nomor list,Kosmetik
"pada status submitted tombol ""Review"" tidak bisa di klik",Fatal
Ketika tambah KYE tidak ada history di log perubahan nilai,Mayor
"pada T11, statistic tidak masuk pada slider",Mayor
"ketika klik detail, terjadi error",Fatal
Pada T.1.1 Edit Riset kemudian menambahkan laporan hasilriset  terdapat  field deskripsi tujuan LHR (SS1),Mayor
Jumlah pengulang pada saat password salah terlalu banyak (1440 kali),Mayor
Hak akses belum berfungsi,Mayor
Untuk setiap menu navigasi yang telah dipilih/diklik tidak berbeda (tidak di highlight) dengan menu yang tidak dipilih/diklik,Minor
Pop Up Berhasil tambah data untuk durasinya terlalu cepat<br><br>sebelumnya sudah di test dan sudah oke,Minor
Belum ada Placeholder pada Link Publik untuk memunculkan gambar yang telah diupload pada halaman CMS sesuai dokumen T.11<br><br>-SS1 tampilan Publik dan mockup<br><br>-SS2 dokumen T.11,Mayor
"1.In Depth -&gt; klik Lihat Detail (selengkapnya) pada menu in-depth (g1), <br>2.catatan log yang muncul bukan ""Lihat Detail Data"" (g2)",Mayor
"1.Ketika lihat data<br>-Belum tercatat log ""Lihat Detail Data"" pada Menu -Rencana Pengawasan Lintas Sektor -&gt; Pengawasan Berkala",Mayor
"1.Ketika lihat data<br>Belum tercatat log ""Lihat Detail Data"" pada Menu -Rencana Pengawasan Lintas Sektor -&gt; Pengawasan Insidental",Mayor
Pop Up Berhasil tambah data untuk durasinya terlalu cepat<br><br>sebelumnya sudah di test dan sudah oke,Minor
"1.Ketika lihat data<br>Belum tercatat log ""Lihat Detail Data"" pada Menu -Hasil Pengawasan Lintas Sektor -&gt; Pengawasan KK",Mayor
"1.Ketika lihat data<br>Belum tercatat log ""Lihat Detail Data"" pada Menu -Hasil Pengawasan Lintas Sektor -&gt; Pengawasan Umum (Jenis LJK)",Mayor
"1.Ketika lihat data<br>Belum tercatat log ""Lihat Detail Data"" pada Menu -Hasil Pengawasan Lintas Sektor -&gt; Pengawasan Umum (Nama LJK)",Mayor
"Saat Menambah/Edit pada ""Perihal Surat Pengesahan"" ketika di input lebih dari 50 karakter error 404 dan Jika sesuai T1.1 max 500 karakter",Mayor
"untuk tampilan utama, data pada kolom OSIDA masih belum sesuai acuan dan <b>redundan</b>",Mayor
untuk tampilan OSD 01-22 perlu penyesuaian pada kolom yang tampil,Mayor
"1. Pada aplikasi NIP berawalan 000 , pada excel tidak ada (SS1)<br><br>2. Kolom pada aplikasi dan hasil download excel berbeda (SS2)<br><br>3. Pada Nilai Debit Kredit terdapat yang belum decimal  (SS2)",Minor
Pop Up Berhasil tambah data untuk durasinya terlalu cepat<br><br>sebelumnya sudah di test dan sudah oke,Minor
"1. Pada aplikasi NIP berawalan 000 , pada excel tidak ada (SS1)<br><br>2. Kolom pada aplikasi dan hasil download excel berbeda (SS2)<br><br>3. Pada Nilai Debit Kredit terdapat yang belum decimal  (SS2)",Minor
User ID saat login tidak tercatat,Mayor
1. Tampilan interface blm ada kolom Komponen Bahasa Inggris <br><br>2. Tampilan interface urutan kolom keterangan blm sesuai dengan item data di T11<br><br>3. Untuk checklist ini bisa di-tick keduanya sekaligus? krn saat sit berhasil di tick keduanya<br><br>4. Untuk kirim ke siauto tau berhasil atau engga nya liat kemana?,Minor
web tidak responsif,Mayor
"belum ada isian dan tampilan untuk pdf, tabel, tanggal unggah dan kategori sektor",Mayor
LPIP belum dapat Mengakses menu Data Fraud,Mayor
1. Klik kirim ke SI-AUTO muncul notif error,Mayor
"1. Pesan sandi referensi kolom 3 menampilkan pesan kesalahan harus diisi 1-5, sementara di keterangan strukdat ada 6",Mayor
1. Baris 5-8 diisi lebih dari 3 tidak muncul pesan panjang maksimal,Mayor
"ketika export pdf, masih berbentuk portrait",Kosmetik
"Pada menu login awal, ketika klik ""ENTER"" pada keyboard tidak dapat login, jadi harus klik secara manual",Minor
Pada menu beranda saat klik icon email <b>satgaspasti@ojk.go.id </b>ï»¿tidak mengarahkan kehalaman membuat pesan email,Mayor
"Data pada Sub Menu Kepemilikan, Kepengurusan dan Pejabat Eksekutif Belum Tersedia akibat Integrasi dengan Aplikasi Apolo<br>*Note <br>BPR: 600001 | PT. BPR Jawa Timur<br>KK: KK018 | Perubahan V1 Badan Pembinaan Usaha Indonesia",Mayor
"Sinkronisasi data Kantor Wilayah dan Sentra Keuangan Khusus, Sinkronisasi data Kantor Kas dan Sinkronisasi Status Bank dengan SIPB Data belum tersedia akibat Integrasi dengan Apolo",Mayor
Tampilan Tabel kolom belum sesuai dengan acuan /mockup<br>,Mayor
1. Penulisan tanggal terdapat singkatan (SS1)<br><br>2. Apabila ingin ubah Tipe Acuan - NIP terdapat kolom yang seharusnya mandatory tetapi belum ada tanda mandatory (SS2),Kosmetik
Fitur notifikasi via email kepada user diatas level jabatan user penginput belum ada dikarenakan akun yang belum di sesuaikan,Mayor
Tampilan Tabel kolom belum sesuai dengan acuan /mockup<br>,Mayor
"Klik unduh dan tidak ada file yg terunduh, hanya loading terus",Mayor
"Pada Halaman aplikasi CMS belum ada menu untuk mengatur Judul Utama ""Satgas PASTI"" seperti pada dokumen T.11",Mayor
"lagi dihalaman login tampil error ketika sudah login muncul ""The page isn't working""",Mayor
"Log audit menu RPT <br>-&gt; Inisiasi Tanggal RPT ""Lihat Detail"" <br>-&gt; Perencanaan Materi  ""Lihat Detail"" <br>-&gt; Verifikasi Materi ""Lihat Detail"" <br>-&gt; Penyusunan Agenda ""Lihat Detail"" <br>-&gt; Agenda &amp; Undangan Rapat ""Lihat Detail"" <br>-&gt; Pelaksaan &amp; Pelaporan Hasil Rapat<br> -&gt; Monitoring Penugasan RPT ""Lihat Detail"" <br>-&gt; Tindak Lanjut Penugasan ""Lihat Detail"" , masih belum ada catatan log ketika klik detail, mohon disesuaikan",Mayor
"1. Untuk pengisian detil terdapat field mandatory , tetapi belum terdapat tanda mandatory ( SS1)<br><br>2. Penulisan tanggal terdapat singkatan (SS2)",Minor
Kolom menu tidak ada,Mayor
Tidak dapat download excel Daftar Inseftif (SS1),Mayor
1. Baris 20 muncul pesan validasi rumus 2 kali<br><br>2. Pesan validasi rumus baris 19 belum muncul,Mayor
1. Nama Referensi Kolom 2 kurang tanda koma (cek struktur data),Kosmetik
terdapat pada nama  judul UC03 yang belum sesuai dengan mockup<br>,Kosmetik
"Pada Daftar artikel &gt; menu Tentang Kami karena untuk meletakan gambar menggunakan upload tidak berhasil, namum dapat menggunakan fitur drag and drop, maka untuk tabel upload banner dan lampirannya bisa di hide",Mayor
"pada login sudah input akun dan captcha, namun tidak bisa klik enter untuk login",Mayor
"Dalam T.11 Tombol Pencarian pada navigation bar menggunakan Super Search Bar, namun pada aplikasi tombol pencarian hanya terbatas pada menu regulasi saja",Mayor
Based on Input dan Output T11 blm sesuai label di header,Kosmetik
beberapa informasi pada acuan belum tampil di web,Mayor
beberapa fitur pada acuan belum tampil di web,Mayor
beberapa fitur pada acuan belum tampil di web,Mayor
informasi yang tampil pada salah satu grafik belum sama/seragam,Minor
tidak ada data entitas dihentikan,Mayor
Ada 2 fitur dropdown yang belum tampil pada web,Minor
Ada 2 fitur dropdown yang belum tampil pada web,Minor
dropdown klaster belum tersedia<br>,Mayor
pada download daftar gaji terdapat kolom kosong (SS1),Minor
terdapat beberapa fitur pada acuan yang belum tampil di web,Minor
terdapat beberapa fitur pada acuan yang belum tampil di web,Minor
terdapat beberapa fitur pada acuan yang belum tampil di web,Minor
tidak ada isian dropdown pada satuan kerja<br>,Mayor
"Pada Halaman Detail<br>1. Terdapat Typo pada Penulisan Kabupaten (SS01)<br>2. Field pada form input/edit informasi kantor wilayah ""Tanggal Surat Pemberitahuan Operasional"" Tidak konsisten (SS02)<br>3. Saat Upload ""Foto Tampak Depan Gedung Kantor"" Tidak ada previewnya, dan data sudah di upload tetapi data tidak tersimpan / terpanggil (. (SS03)<br>",Mayor
"1.Pada Dokumen T.11 untuk penamaan kolom adalah ""Nama Entitas"" namun pada aplikasi hanya ""Nama"" SS1<br><br>2. Pada Dokumen T.11 untuk penamaan seharusnya ""Status Penanganan"" namun pada aplikasi hanya ""Status"" SS2",Minor
"Setelah sign out, masih muncul notif error",Mayor
terdapat kolom tabel monitoring belum sesuai dengan mockup<br>,Mayor
"Pada Halaman Detail:<br>1. Kesalahan penamaan title ""Kantor Wilayah"" (SS01)<br>2. Field pada form input/edit informasi SKK ""Tanggal Surat Persetujuan Pembukaan"" Tidak konsisten (SS02)<br>3. Beberapa Field Sudah diisi dan gambar sudah di upload tetapi tidak tersimpan / terpanggil (SS03)<br>",Mayor
terdapat tabel urutan proses masih berada di rata kanan<br>,Kosmetik
Ketika Tombol Download di klik namun data tidak ter-download hanya sekedar review,Mayor
"1. Kalo sudah diklik delete, knp masih muncul di-interface? <br><br>2. dan knp klik edit muncul notif?<br><br>3. seharusnya setelah klik hapus muncul notif kalo data berhasil dihapus",Mayor
terdapat beberapa fitur pada acuan yang belum tampil di web,Minor
terdapat beberapa fitur pada acuan yang belum tampil di web,Minor
"By default seharusnya ketika klik <b>Buat Entitas Baru, </b>seharusnya semua kolom kosong",Minor
alignment judul kolom tidak rata tengah,Kosmetik
Belum bisa get sipena,Mayor
"Download Excel Laporan PPH 21 , pada T.1.1 kolom tidak sesuai (SS1)",Minor
tombol tambah dokumen redundan,Minor
link url youtube error sehingga tidak dapat akses informasi dari video youtube yang telah dicantumkan,Mayor
"ketika login sebagai PUJK pada http://10.224.61.136/APPKPublicPortalDev/PUJK/PUJK<br><br>tampil error: {""error"":""Terjadi Error. Silahkan hubungi Administrator""}",Mayor
Email belum terkirim ke mailbox pada user terkait. (pada appk email keluar sudah ada)<br>,Mayor
"Based on input di T11, seharusnya ada item data terkait nm_peg",Mayor
Skenario 29 tolong diupdate prosesnya lbh detail untuk output poin 3 dan 4,Minor
Tolong provide data  dgn case sisa cuti kurang dari nol,Minor
"Terjadi gangguan koneksi dan muncul notifikasi ""Gagal melakukan absensi"" akan tetapi status pengiriman 100%",Minor
"Pesan saat file U01 diubah menjadi file docx, muncul pesan file harus pdf atau txt, sementara file hanya txt",Mayor
"instruksi untuk ubah password masih tertulis ""lupa Password""",Mayor
Notifikasi mandatory tidak muncul saat kolom tidak terisi<br>,Minor
Notifikasi mandatory tidak muncul saat kolom tidak terisi<br>,Minor
ketika klik menu Program Kerja dan Jadwal Pelaksanaan Forum Panel menampilkan halaman error,Mayor
"alignment judul kolom belum rata tengah, mohon untuk setiap  judul kolom alignmentnya dibuat rata tengah",Kosmetik
Terdapat kolom yang seharusnya tidak ada seperti pada tabel acuan <br><br>SS terlampir,Minor
Label header blm sesuai dengan output T11,Kosmetik
"Ketika melakukan proses ubah dan klik simpan, muncul notif error",Mayor
"pada header dokumen hasil download template analisis komponen &amp; ringkasan eksekutif masih mengandung tag ""&lt;&gt;""",Kosmetik
1. judul pada table belum rata tengah<br>2. belum ada informasi ukuran upload dan jenisnya apa saja (MPSI)<br>3. jika settingan browser 90-100% section ada yang terpotong<br>4. belum ada tanda bintang/mandatory untuk upload file,Mayor
muncul alert seperti gambar ketika validasi data,Mayor
data tabel pada template ringkasan Eksekutif KYFC masih kosong yang meliputi : <br>â€¢ Tabel Struktur Konglomerasi Keuangan<br>â€¢ Tabel Manajemen Pada PIKK/Entitas Utama<br>â€¢ Tabel Kepemilikan Di Induk/Holding<br>â€¢ Tabel Financial/Non Financial Highlight<br>â€¢ Tabel Jaringan Kantor<br><br>mohon untuk disediakan datanya. case: bank SMBC periode agustus 2025<br><br>,Mayor
"1. perlu ditambahkan terkait size attachment &amp; extention (.csv,xls,xlsx)<br><br>2. Tick centang dijadikan reminder ataupun tidak ditick, muncul pesan error",Minor
"Ketika status dokumen 'Revised' &amp; menunggu direvisi oleh drafter, Reviewer masih dapat melakukan 'Checked' &amp; dikirim ke Approver. <br><br>(SS)",Mayor
belum berjalannya fitur email pemberitahaun ketika ada perubahan dokumen kyfc. untuk pengujian mohon  untuk diset pada email berikut berikut:<br><br>1. devojk\usr.pengawas1 (Staf) : ezaribrgr@gmail.com2. devojk\usr.pengawas2  (Staf) : nurrhsh@gmail.com 3. devojk\usr.nonpengawas1 (direktur) : sakinah.sakinah@ojk.go.id,Mayor
Gagal menjalankan proses ETL,Fatal
"1. Pada section ""Dokumen Program Kerja Forum Panel"" ketika yang di upload hanya file lampiran muncul error (SS2)<br>2. tidak bisa hapus (SS3)<br>3. isi kolom tidak sesuai ""nomor surat"" isinya nama file upload, kemudian di expand tablenya kosong (SS4)<br>4. Cetak laporan pdf&amp;excel muncul halaman error (SS5)<br>5. Pada section ""Dokumen Penetapan Panelis"" tidak bisa upload (SS6)<br>6. <b>muncul error ketika kirim email ke panelis dan email ke pengawas</b><br>7. pada form tambah jadwal pelaksanaan forum panel kolom keterangan kursornya langsung ditengah dan pilih dropdown sandi pikk - nama muncul pop up error<br>8<b>. input data di form tambah jadwal pelaksanaan forum panel data tidak tersimpan</b>",Mayor
1. Sudah unggah dan berhasil kirim tp muncul alert<br><br>2. Sudah unggah tp blm ada notif berhasil unggah,Minor
Gagal menjalankan proses ETL,Fatal
Logo PASTI tidak bisa di klik,Mayor
Gagal menjalankan proses ETL,Fatal
"Ketika perubahan status di isi, ""Keluar bank dalam penyehatan"" sampai ""Pengawasan khusus"" setelah di simpan data tidak tampil (SS01)",Mayor
Pada Tamplate untuk Status Penanganan belum menggunakan Format Dropdown sesuai Dokumen T.11,Minor
1. Prorata seharusnya terisi 6 (terkait dengan cuti sakit pegawai),Mayor
Gagal menjalankan proses ETL,Fatal
validasi error pemilihan reviewer utama masih belum bekerja. masih bisa kirim dokumen persetujuan tanpa pilih reviewer utama,Mayor
"pada fitur export, belum ada export pdf",Mayor
ketika hanya input data di entitas 9972. ada juga data yang sama di entitas 9969 dan entitas 9970,Mayor
"ketika klik logout, dan klik kembali masih bisa ke halaman sebelumnya",Fatal
"pada fitur export, belum ada export pdf",Mayor
1.  Based on item data di T11 seharusnya header Parameter Penilaian,Kosmetik
Pada tambah publikasi dan seminar kolom tidak rata (SS1),Kosmetik
1. format tanggal belum dd-mm-yyyy<br>2. muncul tulisan back code<br>,Minor
1. judul pada table belum rata tengah<br>2. belum ada informasi ukuran upload dan jenisnya apa saja (MPSI)<br>3. jika settingan browser 90-100% section ada yang terpotong<br>4. belum ada tanda bintang/mandatory untuk upload file,Mayor
ada notifikasi gagal upload tapi tidak dijelaskan detailnya,Mayor
1. Based on T11 seharusnya kolom Nilai <br><br>2. Based on T11 seharusnya kolom Honorarium<br><br>3. Potongan pembulatan blm muncul di lihat detail web dan excel<br><br>4. Based on T11 adjust label terkait,Mayor
hasil export masih error,Fatal
Pada saat data dihapus nomor tidak otomatis menyesuaikan dengan urutan seharusnya,Minor
1. Nama bidang terpotong (SS1)<br><br>2. Penamaan tidak sama dengan nama field (SS2),Kosmetik
"Sama seperti temuan no.21 pada skenario aplikasi Publik dan aplikasi CMS dapat melakukan upload gambar, namun pada aplikasi Publik hasil upload gambar tidak dapat ditampilkan, pada aplikasi CMS untuk upload slider bisa di hide saja",Mayor
1. Based on T11 masih typo (KJP)<br><br>2. Based on T11 masih typo (flag)<br><br>3. Button hapus tidak berfungsi,Mayor
Jumlah hasil download excel nya tidak sesuai yang ada di aplikasinya (SS1)<br><br>SS terlampir,Mayor
Terdapat Tabel yang belum sesuai dengan tabel acuan <br><br><br>SS Terlampir,Minor
"Pada akun drafter, seharusnya tidak ada tombol 'Setujui'. <br><br>(SS)",Minor
1. teks terpotong<br>2. judul table belum rata tengah<br>3. belum ada tanda bintang/mandatory,Minor
pemilihaan reviewer dapat rangkap.  1 user bisa jadi reviewer pendukung sekaligus utama. hal ini dapat  membuat ambigu,Mayor
Garis pembatas row mohon dibuat sejajar. <br><br>(SS),Kosmetik
Hasil Excel berbeda dengan detail yang ada,Mayor
pada upload web hasilnya gagal web seharusnya sukses,Mayor
"saat ini pengujian belum dapat dilakukan, <strong>status</strong>: menunggu format api postman dari Pengembang",Mayor
"karakter yang diperbolehkan untuk kolom 9, 10, 14 dan 15 beda antara struktur data dan pesan kesalahan",Mayor
hasil unduh pdf jarak table dengan margin top terlalu jauh,Minor
Belum terdapat keterangan ketentuan format file dan minimum ukuran file nya yang bisa di upload (SS1)<br><br>SS terlampir,Mayor
1. hasil filter belum ada informasi fase berapa<br>2. Nama Dokumen Penetapan Panelis kosong<br>3. hasil data sama semua<br>4. hasil download pdf tidak ada jarak di margin left (SS2),Mayor
data report belum muncul,Mayor
1. Based on T11 seharusnya kolom Nilai <br><br>2. Based on T11 seharusnya kolom Honorarium<br><br>3. Potongan pembulatan blm muncul di lihat detail web dan excel<br><br>4. Based on T11 adjust label terkait<br>,Mayor
Setiap kali melakukan approval/roleback muncul error,Mayor
tidak bisa ubah dokumen oleh reviwer pendukung maupun utama,Mayor
"<strong>belum muncul</strong> notif  â€œreviewer pendukung belum melakukan review (bersifat opsional), apakah anda yakin akan melakukan persetujuan?â€ ketika reviewer utama  menyetujui sebelum dilakukan review oleh reviewer pendukung <br><br>",Mayor
Terdapat judul kolom yang kosong  (SS1)<br><br>SS terlampir,Mayor
"pada sanksi, di dokumen pendukung. ketika input data dokumen pendukung dan sudah klik simpan. tidak langsung menutup popup inputannya dan masih ada isi dari sebelumnnya",Mayor
"ketika sudah input sanksi, tidak bisa klik ""simpan""",Mayor
Tidak ada keterangan Jenis Ekstensi dan Max Size<br>1. Data Personil<br>2. Organisasi<br>3. Isian Data Kantor Pusat<br>4. Jarkan (Riwayat Pindah Alamat)<br>5. Pelanggaran V2<br><br><br>,Mayor
1. Panjang maksimal setiap baris berbeda antara struktur data dan pesan kesalahan,Mayor
Error saat ingin preview,Fatal
Muncul Alert Error saat klik simpan di Upload Pelanggaran,Mayor
Data report belum muncul,Mayor
"Pilihan Sektor PUJK, SubSektor PUJK dst tidak muncul",Mayor
1. Sukses upload tapi data tidak tertambah (upload templare kosongan) [Gambar Sukses]<br><br>2. Gagal upload padahal template sudah diisi [Gambar Eror],Mayor
Pada saat edit data berhasil tetapi setelah di cek kembali tidak ada,Mayor
"saat menyimpan monitoring subtansi tapi tidak diisi tetap tersimpan, dan otomatis memilih tidak, dan field substansi tanggapan tidak terisi otomatis seperti yang lain ketika klik simpan, sedangkan ada mandatory nya",Minor
"Pada app tidak ada ""Upload Dokumen Pendukung"" dan ""Download Dokumen Pendukung"" tetapi di mockup dan t11 ada",Mayor
"Di app belum ada ""Tambah Dokumen Pendukung"" sedangkan di mockup dan t11 ada",Mayor
"1. Kolom 7 diisi lebih dari 4 digit belum muncul pesan<br><br>2. Kolom 6 pada struktur data bilangan bulat, pada client desimal",Mayor
"foto tidak bisa didrag kedalam daftar artikel<br><br>seluruh menu daftar artikel tidak bisa menambahkan foto dengan format drag and drop seperti sebelumnya maupun dengan upload, dan penambahan link/url youtube pada menu Publikasi &gt; konten edukasi tidak terbaca.",Mayor
"saat validasi maximum length pesan error yang muncul ""format data yang diperbolehkan huruf, angka dan karakter -.,/"" seharusnya panjang maksimum 50",Kosmetik
"karakter yang diperbolehkan seharusnya spasi -.,/ akan tetapi masih terkena validasi",Mayor
LAKB BPR &amp; BUS Data report tidak ditemukan<br><br>,Mayor
"ï»¿belum ada Perlindungan terhadap tindakan pemaksaan (<em>brute force</em>) <em>log-on</em> (misal: <em>captcha</em>, <em>temporary hold log-on</em>, reset oleh admin)<br data-mce-bogus=""1"">",Mayor
nama menu seharusnya Log Aktivitas,Kosmetik
belum ada log yang mencatat catatan/log terkait upaya <em>log-on</em> yang gagal,Mayor
"1. Nama form tidak sesuai strukdat, seharusnya ""form"" bukan ""tabel""<br><br>2. Isi data pada hasil preview tidak sesuai dengan strukdat<br>",Mayor
history upload dokumen belum sesuai. cek ss,Mayor
waktu Upload Draft Dokumen KYFC belum sesuai. cek ss,Mayor
tidak ada penambahan record data ketika upload dokumen terbaru,Mayor
1. jumlah kolom nya tidak sesuai atau kurang pada web <br>2. dan ada perbedaan style header kolom pada kolom 31-33,Mayor
dokumen terkunci pada bank smbc periode september dan agustus 2025. cek ss,Minor
"pada akun reviewer  1 masih terdapat button ""setujui"" <br>(SS ) <br>",Minor
"1. Jika diisi tab, tiap baris muncul 2 pesan validasi terkait karakter sebanyak 2 kali<br><br>2. Pesan validasi rumus salah untuk baris 17 dan 26<br><br>3. Rumus antar form untuk baris RAS0501010000 ke LPAN pada struktur data ke L29 (LPAN1800000000) namun pada pesan kesalahan ke L28 (LPAN1700000000)",Mayor
button tampikan masih muncul di depan halaman,Minor
belum ada  validasi  pop up â€œApakah anda yakin ingin mengajukan KYFC yang bersifat sewaktu-waktu?â€ <br> saat tambah penyusunan/buat KYFC selain periode Juni dan Desember  <br>,Minor
"Setiap kali login dan kurang dari 30 menit  sit web, muncul error",Mayor
tidak ada validasi pop up  saat tambah penyusunan/buat IRR selain periode Juni dan Desember  <br>,Mayor
Judul/keterangan halaman belum tampil,Minor
Tidak bisa melakukan Distribusi menggunakan akun admin aplikasi,Mayor
Ketika download file Nomor Surat SIPENA (NOMORND-1/MS.53/2025) nama file yang ke save belum sesuai,Kosmetik
Informasi tidak sesuai dengan Radiobutton yang dipilih. Seharusnya tertampil Drafter (?).<br><br>(SS),Minor
1. tidak ada pembeda kolom yang bisa diisi data dan disable. mohon ditambahkan warna pembeda pada kolom disable edit.<br>2. tidak ada note intruksi cara pengisian data pada kolom,Minor
akun belum ter-hold saat 3x gagal login,Mayor
"Kata 'Netto' masih ada di sub poin F No.4.<br><b>Hanya pada PPIP</b>, utk PPMP dan DPLK sudah clear.<br><br> (SS)",Kosmetik
"Tidak ada notifikasi add, edit, dan delete",Mayor
"1. Pada saat klik tombol ""Kirim Review"" muncul notifikasi berhasil tetapi tombolnya tidak hilang (SS1)<br>2. Saat login sebagai approver (usr.nonpengawas1) lalu klik tombol setujui muncul notifikasi error (SS2)",Mayor
"belum ada note ketentuan ukuran file upload, jenis file yg didukung dsb (MPSI)",Mayor
"saat klik back di browser setelah logout, halaman kembali ke halaman sebelum klik logout",Mayor
"tidak ada notifikasi batasan input karakter, ketika inputan melebihi ketentuan 50.000 karakter",Minor
"hasil export  pdf dan excel nama judul  periode,per-grup dan versi belum center <br><br>(SS) <br><br>",Kosmetik
Jumlah hasil download excel nya tidak sesuai yang ada di aplikasinya (SS1)<br><br>SS terlampir,Mayor
"pada saat url icon (mandatory) tidak terisi muncul notifikasi gagal, namun data berhasil tersimpan",Mayor
Jumlah hasil download excel nya tidak sesuai yang ada di aplikasinya (SS1)<br><br>SS terlampir,Mayor
"reviewer sudah klik kirim, tapi tombol kirim masih tetap muncul",Mayor
1. Penamaannya belum sesuai (SS1)<br><br>2. Icon download PDF masih seperti tambah file/ tambah data (+) (SS2)<br><br>SS terlampir,Kosmetik
1. Penamaannya belum sesuai (SS1)<br><br>2. Icon download PDF masih seperti tambah file/ tambah data (+) (SS2)<br><br>SS terlampir,Kosmetik
"Pada Tombol dropdown aplikasi belum ada opsi/pilihan ""Semua Kategori"" seperti pada mockup",Mayor
"Pada saat di klik tidak bisa ""export""",Mayor
"Tidak bisa mengahapus materi dokumen pada data yang sudah ada sebelumnya, label penamaan label belum sesuai",Mayor
tidak bisa mengubah data materi dokumen,Mayor
nilai kolom 6 baris HAI1100000000 salah namun belum muncul pesan kesalahan,Mayor
"setelah mengisi monitoring substansi lalu klik button ""simpan dan kirim sanksi"", tidak ada button ""simpan, minta revisi dan kirim sanksi administratif"" untuk melanjutkan tahap selanjutnya",Mayor
Jarak antara margin atas terlalu jauh (SS1),Kosmetik
Apabila tambah LHR langsung kirim beberapa field masih kosong terdapat error (SS2),Mayor
Kata Kunci (dari Riset) tidak dapat di klik (SS1),Minor
"catatan ""Penjelasan atas Kewenangan Menyetujui"" yang telah diinput tidak muncul pada kolom",Mayor
belum ada timeout session,Mayor
"field summary irr ada kata ""opsional ""tapi ada tanda mandatory/wajib (*) juga. membuat ambigu",Mayor
Gampar tidak tampil (SS01),Mayor
pada saat klik simpan pada form reset password tampil error<br><br><i>terjadi kesalahan saat merubah password</i>,Mayor
judul kolom tidak center,Kosmetik
"Pada button di aksi (Lihat, Ubah, Duplikat, Hapus), belum terdapat keterangan setiap button nya (SS1)<br><br>SS terlampir",Kosmetik
"hasil export pdf dan excel nama judul belum lengkap contoh ""analisis  Laporan keuangan bulanan PPIP"" dan untuk kalimat ""analisa "" bisa di ganti dengan  ""analisis"" <br><br><br><br>",Kosmetik
filter periode belum berfungsi,Mayor
"1. ketika klik export excel muncul stuck loading , harus refresh halaman<br>2. belum tercatat aktivitas export excel<br>",Mayor
hasil export belum sesuai sengan web <br><br><br><br>,Kosmetik
"terdapat 2 kolom pada tabel resiko dan tingkat kesehatan bank yang kosong, ketika pada periode yang dipilih tidak ada datanya, hal ini dapat membingungkan user.<br>mohon untuk diisi jdul kolom sesuai periode yang dipilih walaupun pada periode tersebut data irr belum diisi.<br><br>usul dari dpea judul kolom tetap ditampilkan (dibuat general) walau pada periode tersebut tidak terdapat data.",Mayor
"pada t11 ada tambah dokumen pendukung, namun di web dan Mockup tidak ada",Mayor
"setelah melakukan perubahan data kemudian klik simpan, data berhasil tersimpan, namun user masih di dalam format perubahan, tidak langsung kembali ke daftar",Minor
"pada t11 ada tambah dokumen pendukung, namun di web tidak ada",Mayor
"pada t11 dan mockup ada upload dokumen dan download dokumen, namun di web tidak ada",Mayor
"1. terdapat beberapa kolom dengan panjang maksimal masih kosong pada struktur data<br><br>2. Terdapat nama kolom yang belum sesuai struktur data (kolom 4-12)<br><br>3. Panjang maksimal kolom 6 belum sesuai struktur data<br><br>4. Panjang kolom 10 dibuat 6 namun tidak muncul pesan kesalahan<br><br>5. Karakter yang diperbolehkan pada kolom 3, 4, 8 berbeda antara struktur data dan client<br><br>6. Kolom 12 diisi 0.00 belum muncul pesan<br><br>7. Terdapat sandi bank S121 namun pada strukdat kolom 6 hanya boleh angka<br><br>8. Rumus kolom 19 ke form LPK pada strukdat tertulis pada L14 namun kode yang muncul di pesan kesalahan adalah row L17<br><br>cek seluruh struktur data dan validasinya pada client kembali",Mayor
hasil export pdf dan excel beberapa tampilan belum sesuai,Minor
captcha terlalu mepet textbox password,Kosmetik
Aksi cetak terpotong,Kosmetik
tidak bisa save ubah peringkat irr,Mayor
"Pada menu login CMS - Satgas PASTI belum ada opsi atau pilihan untuk ""Refresh Captcha"" jadi  pada saat menu login terbuka lama tidak langsung login, saat login akan muncul error seperti terlampir",Mayor
Tanggal pada Laporan Tunjangan dan Fasilitas  keluar kolom (SS1),Kosmetik
Timestamp / waktu kejadian belum ada di audit trail. (SS),Mayor
"ketika ingin tambah data baru yang sudah di approve dari penilaian risiko. tidak muncul datanya<br><br>entitas 9969, periode 03-25",Mayor
"status pada kanan atas ""dalan proses review"" padahal di tabel ""status review"" seluruh reviewer dan uploader sudah ""setuju"".",Mayor
"filter ubah parameter ketika pertama diklik sudah terisi, padahal sebelumnya user ga filter data tersebut, apakah bisa dikosongkan setiap user buka ""ubah parameter"" tersebut?",Minor
Proses Penarikan data gagal,Mayor
"filter ubah parameter belum sesuai inputan. misal filter BUS, yang keluar BUK",Mayor
"pada ubah parameter tidak muncul periode bulan, padahal di filter ada pilihan bulan.cek ss",Mayor
"sudah download excel, namun belum ada penomoran dan list masih terbalik",Minor
Periode 31-12-2027<br>Isi data pada hasil preview tidak sesuai dengan strukdat,Mayor
"Keterangan Terlambat SLA IDR telah diubah ""ya"" tidak berubah ketika melakukan aksi ""kirim sanksi administratif"" tanpa menyimpan terlebih dahulu",Mayor
"Saat memasukan / input Regulasi Kategori Pada Halaman CMS (Daftar Artikel) hasil input-an tidak tampil pada aplikasi Publik (FrontEnd), namun saat melakukan pencarian pada kolom regulasi/frontend dengan memasukan Kategori yang tidak muncul tersebut data yang ditampilkan sesuai",Mayor
"notif ""Terdapat Fokus Pengawasan yang belum memiliki Strategi Pengawasan"" masih tetap muncul walau strategi pengawasan sudah diisi",Mayor
tidak bisa upload dokumen. tidak menyebutkan secara rinci alasan gagalnya upload dokumen,Mayor
"Pada pelaporan 010202-629999 BPRS periode 2028-12-31 Koreksi Pengawas, Data tidak ditemukan",Mayor
"1. tidak ada koma dan 2 angka dibelakang koma pada sumber data<br><br>2. nama komponen pada sumber data tertulis <b>Kredit / Pembiayaan</b><br><br>3. label seharusnya <b>NPL NPF</b><br><br>4. separator pada sumber data titik (.), tetapi pada aplikasi menggunakan koma (,)<br><br>5. alignment belum sesuai<br><br>",Minor
poin <b>3. Lainnya</b> belum ada<br>,Mayor
Periode 31-12-2027<br>Judul kolom belum sesuai dengan struktur data,Minor
1. Isi datanya tidak di BOLD<br><br>2. Alignment belum sesuai,Kosmetik
1. Nama Komponen pada sumber data tidak bold<br><br>2. Nama Komponen pada sumber data bold<br><br>3. Nama Komponen pada sumber data bold<br><br>4. alignment belum sesuai<br>,Kosmetik
1. Nama kolom tidak sesuai dengan strukdat<br><br>2. Isi data tidak di BOLD<br><br>3. Alignment belum sesuai<br>,Minor
penomoran belum sesuai.<br><br>pdf listnya masih terbalik (line merah) dan belum sesuai (line biru)<br><br>pada excel listnya masih terbalik (line merah) dan belum sesuai (line biru)<br>,Minor
"pada web, penomoran belum sesuai<br><br>pada pdf, masih berbentuk portrait, penomoran belum ada dan list nya belum sesuai<br><br>pada excel, penomoran belum ada dan list nya belum sesuai",Minor
"pada web, penomoran belum sesuai<br style=""font-size: 11.36px;""><br style=""font-size: 11.36px;"">pada pdf, masih berbentuk portrait, penomoran belum ada dan list nya belum sesuai<br style=""font-size: 11.36px;""><br style=""font-size: 11.36px;"">pada excel, penomoran belum ada dan list nya belum sesuai",Minor
1. Kolom 8-10 Conditional namun belum ada keterangan kondisinya,Mayor
Periode 31-12-2027<br>1. Judul kolom belum sesuai dengan struktur data<br><br>,Mayor
header kolom Uraian Aktivitas belum ada<br>,Mayor
"setelah send dari Postman, cek APPK, Kolom jenis kelamin belum terisi<br><br>tiket:<b>TCK-20250914-123435678131</b>",Mayor
"1. header kolom dan/atau tidak ada spasi<br><br>2. pada struktur data, nama kolom tertulis intern<br><br>3. alignment belum sesuai<br>",Kosmetik
data koreksi pengawas belum tampil<br>,Mayor
1. Poin <strong>3. Lainnya </strong>tidak muncul pada preview<br>2. Data pada kolom Target Tahun n s.d Tahun n-2 (Kolom 3-6) pada <b>baris 3-10</b> tidak muncul<br><br>,Mayor
alignment belum sesuai<br>,Kosmetik
1. header kolom berbeda<br><br>2. alignment belum sesuai<br>,Kosmetik
Koreksi Pengawas periode 31-12-2027<br>Data Tidak Ditemukan,Mayor
Tampilan pada preview berbeda dengan template untuk penulisan <em>italic </em>dan <b>bold </b><br><br>,Kosmetik
"1<b>.Poin 3 </b>belum ada pada preview<br>2. Label ""Kredit"" pada preview belum sesuai sumber data<br>3.Isian data kolom 3-6 tidak sesuai dan tidak adaa",Mayor
Data tidak ditemukan,Mayor
Penulisan judul baris seharusnya <strong>Bold</strong> seperti di template<br><br>,Kosmetik
Data tidak muncul,Mayor
"pada awal input sudah isi catatan pengawas, namun ketika sudah masuk ke submitted, catatan pengawas tidak muncul",Minor
header pada hasil download pdf terpotong,Kosmetik
"1. Penulisan judul baris seharusnya <strong>Bold</strong> seperti di template<br>2. Judul kolom <b>Aspek</b> pada template sedangkan pada preview <b>Program Pengembangan Bagi Internal Bank Pada Setiap Level
Jabatan</b><br><br>",Minor
Terdapat kata yang berada di pojok kiri atas (SS1)<br><br>SS terlampir,Kosmetik
"Untuk Kota, meskipun sudah diganti, tetap di sisi APPK kode kota 61, padahal dari sisi kirim, kode kota=79",Mayor
"Pada preview slip gaji tidak sesuai dengan T.1.1 tidak ada : Satuan Kerja, NO BPJS Kesehatan dan Keterangan di luar sistem (SS1 - SS2)",Mayor
"pada detail entitas 9969, periode 03-25. ketika klik export excel, ada alert berupa data berhasil disimpan.<br><br>serta tampilan periodenya hilang",Mayor
"1. Penulisan retirement date seharusnya diawali dengan huruf besar (Retirement Date) (SS1)<br><br>2.Penulisan Piece, Balance,Description seharusnya huruf Besar (SS2)<br><br>3. Pada T.1.1 terdapat OTHER DESCRIPTION pada hasil download tidak ada (SS3)",Minor
"Based on kesepakatan dari DPEA, untuk button Non Aktifkan akan disable",Minor
"ketika status submitted, tidak ada tombol untuk ke proses selanjutnya",Mayor
"Setiap membuka halaman menu, belum tercatat di log aktivitas nya sebagai view (SS1)<br><br>SS terlampir",Mayor
"pada semua tab, di tanggal belum seragam",Kosmetik
"Penulisan judul baris berbeda dengan template, seharusnya <b>Bold</b><br><br>",Kosmetik
"hasil download PDF menjadi 1 halaman saja , dan view nya menjadi panjang secara horizontal",Minor
Periode 2027-12-31 <br>2.Hasil preview belum sesuai sumber data<br>3.Pada pdf masih belum sesuai sumber data<br>4.Pada data excel masih belum sesuai sumber data<br>,Mayor
Proses Penarikan tabel 2400 gagal,Mayor
"Periode 2027-12-31 <br>1.Label tidak bold tidak seusai sumber data <br>2. pada ""Pihak Pemangku Kepentingan""<br>tidak ada list warna abu seperti sumber data <br>pada pdf dan excel juga masih belum sesuai",Kosmetik
Data tidak muncul,Minor
Data tidak ditemukan<br><br>,Mayor
tidak dapat preview ISP .muncul pesan server error,Fatal
tidak bisa klik tombol kirim,Mayor
gambar tidak muncul,Mayor
tidak bisa setujui dokumen isp. muncul page server error,Fatal
Perlu ada delay setelah proses dan pop up berhasil,Minor
belum ada audit log tambah datanya,Minor
1. Pada Kolom Penerimaan hasil download dengan komponen debet pada periode gaji seharusnya sama (SS1)<br>2. pada hasil download pada NIP kurang 0 (SS2),Mayor
"Pada hasil download excel Laporan PPH 21 pada total  ""Penerimaan"" tidak sesuai dengan slip gaji (SS1)",Mayor
1. hasil filter kolom periode belum ada datanya (SS1)<br>2. ketika filter kosong semua lalu klik tombol buat laporan muncul pop up error (SS2)<br>3. gambar tidak muncul (SS3)<br>,Mayor
"tampilan sumber data dan preview masih belum sesuai, terdapat field yang tidak ada background abu<br><br><br>",Kosmetik
"Penamaan pada ""Nama Aplikasi Sumber Data"" (SS1) belum sesuai dengan halaman awal pada Master Query (SS2)<br><br>SS terlampir",Kosmetik
"tampilan sumber data dan preview masih belum sesuai, terdapat field yang tidak ada background abu dan <b>bold</b> di beberapa kolom<br>",Kosmetik
Muncul error pada halaman menu skenario dan datanya kosong(SS1)<br><br>SS terlampir,Mayor
"Pada Rekapitulasi Penghasilan &amp; SPT ""Laporan PPh 21"" pada hasil download :<br>1. Terdapat N11 zakat (Pada T.1.1 hanya ada N11 saja) (SS1)<br><br>2. Pada T.1.1 hanya NPWP Daerah kota tidak ada kolom kota (SS2)<br><br>3. Pada T.1.1 hasil download terdapat  Kategori dan Flag (SS3)<br><br>4. Pada download "" Laporan PPH 21"" NIP sudah terfilter tetapi hasil download terdapat semua NIP (SS4)",Mayor
Pada Unduh contoh excel pada T.1.1 terdapat Kategori dan Flag (SS1),Mayor
Data pada Preview tidak tampil<br><br><br>,Mayor
Data pada Preview tidak tampil<br><br>,Mayor
Pada saat klik export excel dan pdf belum ada di audit log&gt;Log cetak laporan,Mayor
1. data pada strukdat tidak terblock<br><br>2. nama komponen pada strukdat tidak bold<br>,Kosmetik
1. text bold belum sesuai dengan strukdat<br><br>2. data pada strukdat tidak terblock<br>,Kosmetik
Data tidak tampil pada koreksi inisiatif pelapor,Mayor
preview yang tampil tidak sesuai dengan sumber data pada koreksi pengawas dan pada koreksi LJK datanya kosong/tidak ditemukan<br><br>,Mayor
web tidak responsif,Minor
"ketika status sudah approve, dan klik detail, masih ada tombol proses untuk memproses ke step selanjutnya",Mayor
"ketika status dokumen ""canceled"" Drafter masih  dapat melakukan  submit",Mayor
"Pada button di aksi ""Lihat"" belum terdapat keterangan setiap button nya (SS1)<br><br>SS terlampir",Kosmetik
"ketika status sudah ""Approve"" masih ada tombol edit",Mayor
"Text bold belum sesuai dengan strukdat<br>Mohon di adjust pada Laporan Koreksi Inisiatif Pelapor, dan Laporan Koreksi Pengawas<br>",Kosmetik
"1. Text bold belum sesuai dengan strukdat<br><br>2. Data pada strukdat tidak terblock<br><br>Mohon di adjust pada Laporan Koreksi Inisiatif Pelapor, dan Laporan Koreksi Pengawas",Kosmetik
"Ketika tambah KYE berhasil tersimpan tapi pas klik tambah kye lagi, dia masih muncul data yang lama",Mayor
Tahunnya pada header belum sesuai pada tahun ini (SS1)<br><br>SS terlampir,Kosmetik
"pada tabel jenis program, button excel belum memuat aksi",Mayor
Letak kotak pada header footer nya tidak sejajar dengan atas atasnya (SS1)<br><br>SS terlampir,Kosmetik
belum ada tanda bintang pada kolom yang wajib diisi,Kosmetik
1.tidak ada mandatory pada filter (SS2)<br>2. ada perbedaan nama judul (SS3),Minor
"bisa klik ""alihkan riviewer utama"" tanpa pilih user riviewer utama lain.",Mayor
Deadlock ketika sedang proses tambahkan,Mayor
Ada tanda koma di akhir angka,Minor
1. filter belum ada mandatory (SS1)<br>2. gambar tidak muncul (SS2)<br>3. hasil download pdf ada kolom yang terpotong (SS3),Minor
hasil pencarian data pada ubah parameter terdapat data redundan,Mayor
"ketika status ""submitted"", ""reviewed"", dan ""approved"" edit dan detail tidak bisa di klik tombol export excelnya",Mayor
hasil download PDF view nya menjadi panjang secara horizontal,Kosmetik
blank page pada lihat dokumen ISP,Mayor
1. judul kolom pada kolom aksi kosong<br>2. judul kolom tidak rata tengah,Kosmetik
tidak ada ketentuan ukuran file maksimal upload dokumen (MPSI),Mayor
terdapat status not found pada penyusunan dan penetapan &gt; pemantauan isp<br>,Mayor
"pada perencanaan pengawasan, ketika tambah data oleh approver, belum ada audit trailnya. (ss 1)",Minor
belum ada audit log tambah datanya pada setiap tab,Minor
"Setelah  Upload PPh 21 TER Exception, data tidak sesuai dengan hasil download PPH 21 Ter pada menu Rekapitulasi tunjangan dan fasilitas (SS1)",Mayor
"1. Ketika Input/Edit Jenis Kantor Induk dipilih ""Kantor WIlayah"" dan ""SKK"" tpada dropdown nama kantor Induk tidak tampil pilihannya (SS01)<br>2. Field Nama Pimpinan Berubah menjadi kecil dan disamping (SS02)<br>3. Ketika Edit/Delete data pada Gambar ""Foto Tampak Depan Gedung Kantor"" tidak tampil (SS02)",Mayor
belum ada mandatory pada filter,Minor
"1. Pada T.1.1 Penamaan pada dropdown PPh 21 Detil Pensiun<br>Bulanan exception, sedangkan aplikasi hanya PPH 21 Detil Pensiun (SS1)<br><br>2. Pada template upload tidak terdapat Kategori dan Flag (SS2)",Mayor
"Penamaan pada ""Nama Aplikasi Sumber Data(SS1) belum sesuai dengan halaman awal pada Analisis Data(SS2)<br><br>SS terlampir",Kosmetik
tidak bisa pilih semester. awalnya semester 2. ketika ubah ke semester 1 sistem mengembalikan ke semester 2.,Mayor
"1. Nama Referensi Kolom 4, 5, 9 tidak sesuai struktur data<br><br>2. Karakter yang diperbolehkan pada kolom 3 beda dengan struktur data",Mayor
"Pada dropdown PPh 21 Tahunan<br>exception , Unduh contoh excel pada T.1.1 terdapat Kategori dan Flag (SS1)",Mayor
tidak bisa setujui. error,Fatal
Ketika melakukan edit data terhasil tersimpan tetapi data tidak berubah,Mayor
"Error, tidak bisa tambah file (SS1)<br><br>SS terlampir",Mayor
Proses Penarikan data gagal,Mayor
"Penamaan pada kolom ""Sumber Input Data"" belum sesuai belum sesuai dengan skenario Master File (SS1)<br><br>SS terlampir",Kosmetik
"Pada Dropdown Tipe saldo , unduh excel kolom tidak sesuai dengan T.1.1 (SS1)",Mayor
"Pada saat laporan hasil riset sudah di setujui supervisor , kemudian ubah laporan hasil riset Deksripsi Tujuan LHR menjadi kosong (SS1)",Minor
"Pada Dropdown PTKP , unduh excel kolom tidak sesuai dengan T.1.1 (SS1)",Mayor
Item Dropdown  IKI Nominal dan Prorata Bulan  download excel tidak sesuai T.1.1 (SS1),Mayor
"Filter belum berfungsi.<br><br>pilih PIKK yang berbeda, tapi hasil data yang keluar tidak ada perubahan.",Mayor
1. Nama Kolom 3 dan 4 belum sesuai struktur data<br><br>2. Nama referensi kolom 7 dan 16 belum sesuai struktur data<br><br>3. Rumus ke LPK selalu muncul di baris 5. Apakah ada rule kenapa selalu di baris 5?,Mayor
Nama referensi Lokasi Dati 2 seharusnya Lokasi Dati II,Kosmetik
Rumus pada struktur data belum sesuai dengan pesan kesalahan,Mayor
"Nama Referensi Syariah/Konvensional  (kurang ""/"" pada client)",Kosmetik
1. Nama Referensi kolom 15 belum sesuai struktur data<br><br>2. Panjang kolom 18 beda antara struktur data dan pesan kesalahan<br><br>3. Kolom 28 seharusnya opsional,Mayor
"pada tab sanksi, setelah tambah data, ada tombol aksi edit, namun tidak bisa diklik. dan di tab lain hanya ada tombol detail",Minor
"muncul notif error ""jumlah data monitoring tidak sesuai dengan jumlah strategi"". ketika klik kirim penyusunan pemantauan isp. belum diketahui error ini reffering ke field mana.",Mayor
Belum mencatat aktifitas Unduh pada menu Referensi &gt; Dokumen,Mayor
Data Pengurus &amp; Dewan Pengawas belum ada sesuai sumber data Sprint. Memakai data: PT Bank Aceh (Des 2023)<br><br>(SS),Mayor
"Pada saat menambahkan Tags ada notifikasi ""No Data To Display"" namun setelah enter data dapat tampil pada Tags.",Minor
Perbedaan penamaan pada dropdown frekuensi data sedangkan hasil seri waktu (SS1),Kosmetik
"Pada pengisian publikasi dan seminar, belum terdapat tanda mandatory (SS1)",Minor
"Saat ingin melakukan export  PDF/Excel, proses loading memerlukan waktu kurang lebih 2-3 menit  dan muncul notifikasi, export tidak berhasil dilakukan",Mayor
pada kolom Nama PIKK ketika tanda x di dropdown di klik isian data dari dropdown menjadi tidak ada dan untuk menampilkan datanya lagi user harus refresh halaman,Mayor
Nama file RASL inkonsisten seharusnya Rekapitulasi Aset dan Liabilitas untuk semua form,Kosmetik
Email dan Destination belum berhasil masuk datanya,Mayor
Pada audit log belum sesuai dengan alur data yang dijalankan,Mayor
Pada<b> </b>Institusi Peneliti Eksternal edit belum ada dropdown nya (SS1),Minor
"Setelah Publikasi riset di setujui oleh SKR , kemudian SPR ingin mengubah kembali, Detil Publikasi Riset yang sebelumnya sudah terisi menjadi kosong (SS1)",Mayor
"saat melakukan perubahan dan kirim sanksi administratif, hasilnya tidak ada perubahan, dan skornya masih 5",Mayor
akun belum ter-hold saat 10x gagal login,Mayor
"ketika filter parameter diubah, data tabel yang muncul tidak ada perubahan. jika tidak digunakan pada menu ini filter tersebut apakah bisa dihide?",Mayor
pada hasil export pdf terdapat diagram yang terpotong,Kosmetik
menu belum bisa diakses. ketika klik menu tersebut muncul page error server,Fatal
"tidak bisa download, muncul halaman blank",Mayor
"Email pengawas tidak masuk untuk LBBPTKJHT, LBBPTKJKP, LBBPTKBDN",Mayor
Data tidak temukan<br>,Mayor
Data Tidak Ditemukan form INVDEP,Mayor
Penulisan judul form berbeda dengan strukdat dan template untuk semua form dan jenis pelaporan,Kosmetik
Form PROP berhasil generate laporan tetapi data error Rutin &amp; Koreksi,Fatal
"1. kesalahan user id dan password dibuat general tanpa menyebutkan user yg telah diinput<br><br>2. Ketika salah user atau password atau user dan password salah, notifikasi terdapat 2 jenis, usul dibuat general <b>""Username/Password salah, akun anda akan terblokir selama xx menit jika 5x salah""</b><br><br>3. Ketika akun terfrezee, waktu mulai freeze masih mengikuti waktu akhir di akses, sebaiknya waktu mulai = <b>waktu pertama kali akun terfreeze</b>",Mayor
"INVSB: Data error<br>AI: Data tidak ditemukan<br>LAN: Data tidak sesuai, judul yang muncul form AI dan data tidak ditemukan<br>NKA: Data error<br>PROP: Data error<br>SBN: Data error<br>(untuk RUTIN &amp; KOREKSI)<br>",Fatal
Penulisan judul form berbeda dengan strukdat dan template untuk semua form dan jenis pelaporan<br>,Kosmetik
Data tidak ditemukan form LPKOMP,Mayor
Pada file RAS baris persentase angka yang muncul tidak sesuai dengan sumber data,Mayor
"1. File Dokumen Surat Pengesahan yang dibuat sudah ada saat get sipena, saat di view tidak tampil.<br>2. Pada saat mode View bisa upload File Dokumen Surat Pengesahan.<br>",Mayor
1. Terdapat Pegawai yang Jabatannya berbeda dengan data sumber.<br><br>(SS),Minor
Kirim ke siauto muncul notif error,Mayor
"1. di dokumen usreq upload 100mb (SS4)<br>2. ketika upload file dengan ukuran lebih dari 20mb tidak ada response apa apa (SS1)<br>3. pada section <strong>Dokumen Monitoring Pelaksanaan Forum Panel kepada Pimpinan DPKP ,</strong> ketika akan melakukan upload tidak meresponse (SS2)<br>4. tidak bisa melakukan hapus (SS3)<br>5. upload file ukurannya kurang adri 100mb muncul notifikasi error (SS5)<br>6.hasil download belum sesuai (SS6)",Mayor
Hasil Export tidak sesuai,Mayor
"AI, DTUM, HAI, INVDEP, INVSB, LAK, LPAN Penulisan judul form berbeda dengan strukdat<br>",Kosmetik
"AI: Pada penulisan ""Repurchase agreement"" belum <em>miring/italic<br></em>dan <br>Pada penulisan ""TOTAL INVESTASI"" belum <b>Bold<br></b><br>HAI: Pada penulisan ""Repurchase agreement"" belum <em style=""font-size: 11.36px;"">miring/italic<br></em>dan <br style=""font-size: 11.36px;"">Pada penulisan ""TOTAL INVESTASI"" belum <b style=""font-size: 11.36px;"">Bold</b><br>",Kosmetik
terdapat flag Tidak Punya Akses Halaman,Minor
"Keterangan belum sesuai (size dan ekstensi)<br>Max 10 Mb, tapi hanya bisa max 1MB. keterangan PDF tapi ternyata PNG juga bisa",Mayor
Seharusnya muncul gaji pokok,Mayor
Data di siauto kebalik,Mayor
tidak bisa upload file lebih dari 20mb,Mayor
"Ketika menjalankan skenario 4, yang seharusnya gagal client tetapi lolos dan berhasil kirim pada client dan gagalnya pada Log gagal monitoring Absensi",Mayor
Tidak ada aktivitas user log in dan log out,Mayor
Apabila mencoba gagal login terdapat error (SS1),Mayor
"setelah buat langsung publikasi riset kemudian simpan konsep, SPR tidak dapat mengubah data konsep yang sudah tersimpan (SS1)",Mayor
"1. Kata Klasifikasi JEL tidak dapat di tambah (SS1)<br><br>2, peneliti Internal &amp; Eksternal belum terdapat tanda mandatory (SS2)<br><br>3. Pada T.1.1 SPR agar dapat memilih lebih dari satu kata kunci dan Nomor JEL atas publikasirisetnya. (SS3)",Minor
Notifikasi melalui email belum dapat diuji,Mayor
belum dapat simpan untuk Mapping LJK ke KK<br>untuk Bank Mega tbk<br><br>data tidak ada yang dapat dipilih<br><br>mengakibatkan error (web gak ada respon ketika klik simpan) dan bisa lihat ada error ketika lihat pada console pada browser,Mayor
"LPKOMP : Pada penulisan ""Jumlah Pendapatan, Jumlah Beban, SURPLUS (DEFISIT), JUMLAH PENGHASILAN KOMPREHENSIF"" Belum <b>Bold</b><br>",Kosmetik
"Saat klik Ajukan Pinjaman/Pembiayaan, Kedua Keterangan tertera Suku Bunga (%). Seharusnya yang lain Suku Bunga OJK (%)",Mayor
"PIUT: Pada kolom 6,9,10, dan 11 nama referensi belum ada",Minor
terdapat halaman kosong pada file download template analisis komponen.<br><br>data test : Mandiri juni 2024,Minor
Status Berhasil namun menampilkan pesan gagal dan waktu gagal terkirim,Mayor
"Ketika menjalankan skenario 4, yang seharusnya gagal client tetapi lolos dan berhasil kirim pada client dan gagalnya pada Log gagal monitoring Absensi",Mayor
"pada field upload Ringkasan Eksekutif dan Analisis Komponen, hasil download file historynya belum sesuai.<br><br>case : upload dok2, dok3,dok4, dok1, . hasil download pada record data mengambil dokumen terakhir diupload. cek ss",Mayor
"Skenario 4 hasilnya tidak sesuai, seharusnya Gagal Client",Mayor
Skenario 7 email pengawas tidak masuk,Mayor
"Ketika menjalankan skenario 10, yang seharusnya gagal client tetapi lolos dan berhasil kirim pada client dan gagalnya pada Log gagal monitoring Absensi",Mayor
ukuran maksimal upload file 100mb sesuai usreq. existing 25mb,Minor
Ketika Edit Struktur Konglomerasi Keuangan saat di Simpan Error 500 (SS01),Mayor
"saat melakukan simpan monitoring SLA walaupun yang diubah hanya dibagian keberatan, tetapi setelah berhasil simpan kolom pengaduannya pun ikut berubah, dan saat melakukan kirim sanksi hasilnya tetap seperti saat menyimpan",Mayor
"-pada INVDEP di kolom ""No"" belum sesuai<br><br>-pada INVSB di kolom ""No"" belum sesuai<br>",Kosmetik
"1. belum ada pembatasan jumlah <em>log-on</em> yang gagal untuk pemblokiran <em>freeze </em>selama jangka waktu tertentu (SS1)<br>2. belum tercatat di log aktivitas rincian login/logout<br>3. belum ada rincian log on yang gagal sejak log on terakhir yang berhasil dilakukan<br>4. session destroy, ketika user logout lalu klik back pada browser masih kembali halaman sebelumnya tidak langsung kehalaman login<br>5. saat ini password masih di bypass sehingga tidak bisa menguji point ""tidak menyebutkan rincian penyebab kegagal log on""",Mayor
"pada INVDEP, di website <strong>bold</strong>, pada struckdat tidak bold (ss1)<br><br>dan semua datanya belum lengkap serta masih belum berurutan (ss 2 dan 3)<br>",Minor
"1. Penamaan pada download intensif Organisasi belum sesuai (SS1 - SS 3)<br><br>2. Pada download excel intensif organisasi tidak ada Potongan OJK, Potongan Lembaga Asal, Potongan Pembulatan, dan Jumlah Potongan (SS4)",Mayor
"pada RAS, di website <strong>bold</strong>, pada struckdat tidak bold<br>",Kosmetik
"pada RASL, di struckdat <strong>bold</strong>, pada website tidak bold<br>",Kosmetik
Pada pilihan THR kemudian download daftar insentif terdapat error ( SS1),Mayor
"- Saat melakukan filter, hasil tidak sesuai<br>- Hasil Export belum sesuai (Nama bank tidak tampil dan tidak ada separator)",Mayor
"pada INVSB, kolom ""Syariah/non Syariah""<br>",Kosmetik
"Ketika menjalankan skenario 14, hasil tidak sesuai dengan skenario",Mayor
tabel pada tanggal terpotong,Kosmetik
"1. pada INVSB, kolom ""Jenis Surat Berharga"", ""Peringkat"", ""Lembaga Pemeringkat"", ,  ""Sektor Ekonomi"", ""Lokasi"", ""Tujuan Pemilikan"",  ""Hirarki Harga Pasar"" belum ada referensi<br><br>2. kolom ""Tanggal Mulai/Tanggal Penerbitan"" dan ""Tanggal Jatuh Tempo"" pada preview tanggal lengkap, pada strukdat berupa angka.<br><br>3. pada preview kolom syariah/konvensional. sedangkan pada strukdat ""syariah/non syariah"" <br><br> <br>4. pada ""Bagian Penyertaan""data kurang referensi dan kurang tanda ""%""<br>",Mayor
tidak bisa download Tabel History Draft. muncul blank page,Mayor
"1. Tidak bisa upload pelanggaran, terkena validasi file. Sedangkan file hasil dari download template (SS01)<br>2. Text peringatan File Pelanggaran tidak sesuai tertulis formatnya .jpg .png(SS02)",Mayor
"Skenario 23 hasilnya tidak sesuai, hasil yang diharapkan Gagal Email",Mayor
pada LAK ada beberapa kolom yang berwarna abu abu tua<br>,Kosmetik
Skenario 14 hasil yang diharapkan seharusnya Gagal Email,Mayor
"Pada SBN, Bagian OBLIGASI/SUKUK INFRASTRUKTUR di kolom ""Jenis Kepemilikan dan Rating"" dan bagian EFEK BERAGUN ASET ""Jenis Kepemilikan dan Rating"" nama referensi belum ada<br>",Kosmetik
pada RASL ada beberapa kolom yang berwarna abu abu tua<br>,Kosmetik
"pada field ""Summary IRR: (opsional)*"" terdapat tanda mandatory (*) . <br><br>field tersebut wajib diisi atau tidak?",Mayor
"<b>1. </b>muncul halaman error ketika klik aksi detail (SS1)<br><b>2.</b> aksi delete tidak berfungsi<br><b>3</b>. ketika settingan browser 90-100% nama kolom pada table terpotong (SS2)<br><b>4.</b> filter parameter KK tidak berfungsi (SS3)<br><b>5.</b> belum ada tombol aksi pada filter cetak laporan (SS6)<br><b>6.</b> di skenario dan aplikasi berbeda, belum ada tombol edit, tidak ada tombol tambah :<br>a. permasalahan strategi lainnya<br>b. concern pengawasan non keuangan/lainnya<br>c. rekomendasi (SS7)<br>",Mayor
"1. Belum ada  pemblokiran dan/atau penundaan log-on (freeze)  Apabila login 3 kali atau lebih dengan memasukan password yang salah.(SS1)<br><br>2. Belum ada session_destroy (setelah log out aplikasi klik back masih masuk ke aplikasi tersebut) seharusnya kembali login (SS2)<br><br><br>3.Belum ada sesi time-out , dan rincian log-on yang gagal sejak log-on terakhir gagal blm ada di audit trail",Mayor
ketika masukan kata kunci untuk munculkan pengalih user utama. tidak muncul hasil.,Mayor
"pada LAK ada yang belum <b>Bold</b><br>dan pada ""aktivitas pendanaan"" tidak bold<br><br><br>",Kosmetik
Ketentuan kapasitas pada upload file di aplikasi berbeda dengan notifikasi,Mayor
Tidak ada batasan digit saat mengisi data No.KTP / Kantor Cabang,Mayor
tipe output PDF dan excel belum terdapat pada aplikasi,Mayor
"Saat menyimpan data baru, yang masuk double",Mayor
tidak bisa preview IRR. server error,Fatal
Skenario 14 hasil yang diharapkan seharusnya Gagal Email,Mayor
"Saat ingin menambah data baru Penerima Eksternal dengan klik Logo ""+"" cari penerima, kolom Tambah datanya tidak kosong, masih ada data sebelumnya yang telah ditambahkan",Mayor
"pada LPAN ada yang belum <b style=""font-size: 11.36px;"">Bold<br></b><br><br>",Kosmetik
"pada saat Pengawas mengirim draft IRR, belum muncul dialog box  â€œapakah peringkat Tingkat Kondisi per masing-masing komponen sudah sesuai dengan template ?â€œ<br><br>cek usreq",Mayor
"Pada Nip : 03960 Periode Oktober 2025, pada download slip gaji , slip gaji bahasa inggris dan preview terdapat kalimat double (SS1)",Mayor
"Perlu Perubahan dari Existing menjadi ""Penilaian Kembali Pihak Utama (PKPU)"" (SS01)",Kosmetik
"Typo informasi, diketerangan batas size gambar 10MB, tapi saat dijalankan 1MB",Mayor
field catatan belum ada tanda mandatory,Minor
"belum muncul dialog box/  pop up â€œreviewer pendukung belum melakukan review (bersifat opsional), apakah anda yakin akan melakukanpersetujuan?â€ ketika  reviewer utama menyetujui sebelum dilakukan review oleh reviewer pendukung <br><br>",Mayor
"Penamaan jenis koreksi pada Preview ini ""Perubahan atas Inisiatif LJK dan Penyesuaian atas Permintaan OJK"" tetapi kalau di strucdat ""Koreksi LJK dan Koreksi Pengawas""<br>",Kosmetik
"Ketika menjalankan skenario 23, yang seharusnya gagal monitoring/web tetapi gagal pada client dan gagalnya pada Log gagal monitoring Absensi",Mayor
Proses Gaji tidak kunjung selesai,Mayor
"Jika Satuan Kerja panjang, Sutuan Kerja akan tumpang tindih pada Hasil Download Formulir",Kosmetik
terdapat typo pada KYFC,Kosmetik
"pada LPK, di website <strong>bold</strong>, pada struckdat tidak bold<br>",Kosmetik
"dokumen kyfc yang sudah di upload dan disetujui, belum terbentuk pada menu dokumen output.",Mayor
pada AI:<br>-Penulisan judul form berbeda dengan strukdat<br>-<i>Repurchase agreement</i> (Repo) di strukdat italic<br>-<b>TOTAL INVESTASI</b> pada strukdat <b>Bold</b><br><br>,Kosmetik
pada DTUM:<br>-Penulisan judul form berbeda dengan strukdat<br><br>,Kosmetik
tidak muncul menu meneruskan pengarsipan<br><br>,Mayor
data irr yang telah disetujui tidak muncul pada dokumen output IRR,Mayor
"terdapat tanda ""&lt;x_x&gt;"" pada footer  file hasil download template IRR",Kosmetik
"Saat memasukan tanggal pada Daftar Item Arsip jika memasukan data tanggal ""Dari"" lebih dari data tanggal ""Sampai"" tidak ada notifikasi/popup apapun (dapat diinput)",Mayor
"pada HAI:<br>-Penulisan judul form berbeda dengan strukdat<br><i style=""font-size: 11.36px;"">-Repurchase agreement</i> (Repo) di strukdat italic<br style=""font-size: 11.36px;"">-<b style=""font-size: 11.36px;"">TOTAL INVESTASI</b> pada strukdat <b style=""font-size: 11.36px;"">Bold</b><br>",Kosmetik
1. ada error code ketika hover laporan<br><br>2. nama laporan terpotong ketika di tab validasi<br><br>3. ketika ingin download log gagal muncul halaman error,Fatal
belum bisa melakukan export pdf dan excel,Mayor
"pada INVDEP::<br>di line Total, berwarna abu-abu<br>",Kosmetik
Saat upload file melalui web untuk kirim data muncul notif <strong>Penamaan File Tidak Sesuai dengan aturan</strong>,Fatal
"Pada PROP, di kolom 3,4,5,9 dan 17 belum ada nama Referensi<br>",Kosmetik
saat ini tombol setuju bisa diklik langsung tanpa klik preview,Mayor
Pada menu input file belum ada batas maksimal untuk file yang di input,Mayor
"Pada upload PPh 21 TER Exception  dan sudah sukses, kemudian memporses pajak PPh 21 TER  untuk data transaksi per pegawai sudah simpan, Nominal Hasil Perhitungan Pajak pada PPH 21 dibayar belum sesuai dengan hasil upload  (SS1)",Mayor
Unit kerja tidak muncul,Mayor
"ketika menjalankan skenario ""Upload Rutin Pada Periode Rutin (Eksternal belum laporan rutin)"" gagal juga pada validasi web",Mayor
"terdapat typo pada header Know Your Fincancial Conglomerate""",Kosmetik
"FE Login Pegawai belum bisa untuk 04369, 04371, 04372 atau 04373",Mayor
"Pada unduh PPH 21 SIAUTO Pada T.1.1 Penulisan ""Status Dokumen Pajak "" sedangkan hasil download hanya Status  Pajak (SS1)<br>",Kosmetik
kolom status review terpotong,Minor
"Penamaan unduh excel PPH 21 Siauto, tetapi pada aplikasi unduh csv.",Kosmetik
menu kyfc tidak dapat diakses oleh usernonpengawas1. muncul page server error,Mayor
Maksimum file yang dapat diupload berbeda dengan ketentuan dengan notifikasi yang ada,Mayor
"pada usreq penyusunan kyfc terdapat poin "" Pada setiap level persetujuan bisa melakukan edit, dan dapat melakukanupload dan download dokumen ringkasan eksekutif dan analisis komponendalam bentuk ms. Word"".<br><br>saat ini pada reviewer pendukung dan utama, tombol editnya dissable<br>",Mayor
"Setelah upload dan tambah PPh 21detail Pensiun, dan ingin memporses pajak PPh 21 Detail Pensiun. pada menu Transaksi per pegawai button roolback dan setujui proses terkunci , sedangkan di transaksi gaji proses tidak terkunci (SS1)",Mayor
"Pada saat ingin mengisi data field ""Tunjuk Silang"" ada pilih jenis arsip, namun tidak ada data yang dapat dipilih",Mayor
"Pada tabel pelaporan RASL, nama berbeda dengan strucdat<br>",Minor
"Form INVSB, Data tidak ditemukan",Fatal
Saat upload file melalui web untuk kirim data muncul notif <strong>Penamaan File Tidak Sesuai dengan aturan</strong>,Fatal
"Setelah Buat entri baru denganPeriode Tahun 2019 , setelah berhasil tambah dan ingin hapus, tidak dapat terhapus (SS1)",Mayor
Pada bagian tunjuk silang tidak muncul pilihan apapun,Mayor
menu to do list tidak dapat diakses. Muncul page server error,Fatal
mohon dibantu untuk memunculkan item arsip,Mayor
log in sebagai pegawai  dan Unduh formulir 1721â€“ A1 data tidak dapat diunduh (SS1),Mayor
"di usreq terdapat fitur search berdasarkan pilihan:<br>a. Keyword<br>b. Jenis Laporan (KYFC, IRR, ataupun laporan lain yang nantinya akan<br>dikembangkan pada SIPKK)<br>c. Tahun<br>d. PIKK<br>",Mayor
"1. blm muncul pop up berhasil tambah data<br><br>2. pas tambah data terdapat delay lumayan lama, sehingga data tidak langsung terinput ke tabel manajemen",Mayor
terdapat kata yang belum sesuai dengan sumber data dan tabel kolom yang tidak rapih<br><br><br>SS terlampir,Minor
muncul error ketika menekan tombol preview<br><br>SS terlampir,Fatal
terdapat kata yang belum ditebalkan seperti pada sumber data<br><br>SS terlampir,Kosmetik
data berulang,Minor
"1. Nama Referensi Kolom 3 dan 5 berbeda dengan strutur data<br><br>2. Pada kolom 5 terdapat tanda : pada data referensi, seharusnya pada struktur data boleh karakter :<br><br>3. Referensi Kolom 6 bernilai salah namun tidak muncul pesan",Mayor
1. pada slip gaji dan slip gaji bahasa inggris terdapat perbedaan jumlah angka  (SS 1)<br><br>2. Penamaan pada slip gaji dan slip gaji bahasa inggris tidak sesuai mengakibatkan nilai juga tertukar (SS2),Mayor
"pada validasi laporan JKP melalui web hasilnya gagal web seharusnya sukses. namun saat klik download log kesalahan, web nya jadi error",Fatal
1. Nama Kolom 16 kelebihan tanda /,Kosmetik
"pada <br>-AI<br>-HAI<br>-LPKOM<br>-RAS<br><br><br>terdapat singkatan nama ""JK"", seharusnya ""JKM""",Kosmetik
"<i>Filtering</i> Skenario, keterangan, tipe, sumber data, satker, tujuan, jadwal, dokumen, tanggal mulai skenario belum berfungsi (SS1)<br><br>SS terlampir",Mayor
terdapat kata yang belum ditebalkan seperti pada sumber data<br><br>SS terlampir,Kosmetik
dokumen preview kyfc terdapat:<br>1. Halaman kosong pada tabel <br>2. judul tabel tidak rapi,Mayor
"tabel riwayat review tidak terisi, padahal sebelumnya sudah ada aktivitas review oleh reviewer pendukung",Mayor
"kolom ""Counterparty"" tidak ada pada tampila preview<br><br>SS terlampir",Minor
Pada Surplus/Defisit dan Jumlah perlu di bold (SS01)<br>,Kosmetik
"Pada kolom Periode Bulan Laporan dan Desember Tahun x-1<br>baris Layanan konvensional Layanan syariah tidak sesuai. (tidak ada ,00%)<br>",Minor
"pemantauan ISP yang sudah ""ditetapkan""/sudah disetujui oleh reviewer utama, tidak masuk ke menu dokumen output. <br>sampel tes : data BRI semester 1 2024",Fatal
"<b>Gagal melakukan generate</b> dan menampilkan technical errorcode. Stopper, terjadi pada seluruh 'Tabel Laporan'<br><br>(SS)",Fatal
"pada AI &amp; HAI nama tabel "" <b>Total Investasi</b>"" belum Bold dan "" <i>Repurchase agreement</i> "" belum Italic<br>",Kosmetik
terdapat kesalahan kata pada tabel<br><br>SS terlampir,Minor
Menu <b>administrasi pengguna</b> gagal diakses. Sebaiknya tidak ditampilkan<br><br>(SS),Fatal
Pada tahap pemilihan penandatangan sudah dilakukan pencarian nama namun tidak muncul sama sekali,Mayor
terdapat kesalahan tanda symbol pada kolom data<br><br>terdapat kata yang belum ditebalkan sesuai sumber data<br><br><br>SS terlampir,Kosmetik
judul belum sesuai seperti pada sumber data<br><br><br>SS terlampir,Minor
"""TOTAL INVESTASI"" Seharusnya Bold (SS01)<br>",Kosmetik
1. terdapat kolom yang kondisional namun belum ada kondisinya<br><br>2. Kolom 4 diisi 17 digit belum muncul pesan,Mayor
"Saat awal login pada tamilan awal adalah menu dashboard namun menu yang ter-highlite adalah konsep baru, dan jika memilih menu lainnya menu konsep baru tetap ter-highlite",Minor
Jumlah tidak tampil<br>,Mayor
"Tidak sesuai dengan struktur data (bold)<br>(Preview, Excel dan PDF)<br><br>Oktober berubah menjadi October",Kosmetik
tidak bisa akses IRR. server error,Fatal
1. kolom 2 duplikasi belum muncul pesan wajib unik<br><br>2. baris 12-15 diisi bulat namun tidak muncul wajib desimal<br><br>3. jika hanya header masih lolos<br><br>cek keseluruhan struktur data,Mayor
"Tidak Sesuai dengan sumber data:<br>1. ""Jenis Deposito"" hanya menampilkan tahun<br>2. ""Jenis Bank"" hanya menampilkan kode<br>3. ""Sandi Bank"" hanya menampilkan kode<br>(SS01)<br>",Minor
1. Semua data bold dan descending pada sumber data tidak (SS01)<br>2. Judul perlu perbaikan mengikuti strukdat (SS02)<br>,Kosmetik
Tidak sesuai dengan struktur data (bold)<br>,Kosmetik
Point:<br>29. Status Kepatuhan untuk Penyampaian Laporan yang<br>Diwajibkan Berdasarkan POJK (self-assessment dari<br>Penyelenggara)<br> 30. Daftar Penyelenggara <br> 31. Daftar Penerbit (termasuk Penerbit yang sudah<br>terdaftar di C-BEST) <br> 32. Informasi Penawaran Efek <br> 33. Tingkat Keberhasilan Penerbit <br> 34. Ketepatan Pembayaran Pokok<br><br>belum dapat diuji,Mayor
"PIUT, Pada kolom 7 ""counterparty"" dan kolom 14 ""Saldo"" belum ada di web",Minor
"pada ubah publikasi yang sudah terkonsep,  terdapat <b>Satuan Kerja Kerjasama Riset Internal, </b>seharusnya tidak ada field tersebut (SS1)",Mayor
tidak ada tombol setuju pada reviewer utama,Mayor
Penempatan datanya belum rapih (belum center) (SS1)<br><br>SS terlampir,Kosmetik
Judul Perlu perbaikan mengikuti Strukï»¿dat (SS01)<br>,Kosmetik
"HAI - Tidak sesuai dengan struktur data (bold/italic)<br>(Preview, Excel dan PDF)<br>",Kosmetik
Data tidak sesuai/tidak lengkap seperti Strukdat pada kolom (SS01):<br>- Jenis Surat Beharga<br>- Peringkat<br>- Lembaga Pemeringkat<br>- Sektor Ekonomi<br>- Lokasi<br>- Hirarki Harga Pasar<br>,Minor
"RAS - Hasil Preview, Excel dan PDF tidak sesuai denganstruktur data<br>",Mayor
"Masih terdapat menggunakan bahasa Inggris pada hasil download PDF nya, berbeda dengan aplikasi (SS1)<br><br>SS terlampir",Kosmetik
1. Pada Aset dan Liabilitas pada strukdatnya tidak bold. (SS01)<br>2. Fund Manager pada strukdatnya italic. (SS01)<br>,Kosmetik
ketika input Surat SIPENA ND-1/MS.53/2025 muncul notifikasi error (SS1)<br><br>fase 2 Tahun 2024 tidak berhasil get sipena<br>CD-4/MS.1400/2025<br>,Mayor
"pada INVDEP, di website <strong>bold</strong>, sedangkan pada  struckdat tidak bold<br>",Kosmetik
"Bisa ditambahkan simbol  "" : "" (titik dua) sebagai pembatas pada data detail naskah dinas",Minor
"Pada kolom Keterangan, ada data yang tidak sesuai dengan struktur data (bold/italic)<br>",Kosmetik
Perlu Penyesuaian dengan Strukdat (SS01):<br>1. Kontribusi dari BPSJS Ketenagakerjaan Bold dan tidak ada jumlahnya.<br>2. Belum Bold:<br>- Total Pendapatan<br>- Total Beban<br>- Kenaikan (Pernurunan) Aset Neto<br>- Aset Neto Awal Periode<br>- Aset Neto Akhir Periode<br>,Minor
"Pada saat Upload Detail Pensiun Bulan exception dan sudah berhasil , kemudian Menyetujui perhitungan proses pajak pada menu transaksi per pegawai, pada saat download rekapitulasi PPH 21 Detail Pensiun bulanan tidak sesuai dengan hasil upload mulai dari N11- N23b (SS1-SS2)",Mayor
Pada data INVDEP nomor urutan belum sesuai  dengan strukdat<br>,Minor
"muncul notifikasi berhasil tambah data pada form login, setelah edit data di menu hasil forum panel",Mayor
muncul halaman error ketika klik detail sebagai approver,Mayor
pada INVSB header pada kolom 17 belum muncul di web<br>,Mayor
"Pada kolom keterangan, ada yang belum sesuai dengan strukdat<br>",Kosmetik
"Perlu Penyesuaian dengan Strukdat (SS01):<br>1. Kolom ""Counterparty"" dan ""Saldo"" Tidak Ada<br>2. Penyesuaian Judul dengan Strukdat<br>",Mayor
Penempatan datanya belum rapih (belum center) (SS1)<br><br>SS terlampir,Kosmetik
pada LAK terdapat kolom tabel yang belum Bold belum sesuai dengan strukdat<br>,Kosmetik
"Setelah Upload PPH 29 Exception, kemudian Proses PPh 21 dan 29 Tahun 2024 , Hasil download PPH 29 dengan hasil upload tidak sesuai (SS1- SS2)",Mayor
Tidak dapat memunculkan dropdown,Mayor
pada LPAN Tabel Surplus (Defisit) tahun berjalan tidak ada nilainya<br>,Minor
"1. tombol ""batal pengajuan"" tidak hilang di user uploader ketika sudah disetujui reviewer<br>2. kolom catatan ada tanda bintang/mandatory tetapi bisa tidak diisi",Mayor
NIP Pegawai masih CLTO belum masuk ke hasil download Daftar Angsuran Pembiayaan Syariah CLTO,Mayor
"Perlu Penyesuaian dengan Strukdat (SS01):<br>1. Kolom ""Harga Per M2"" Tidak Ada<br>",Mayor
"TIdak dapat menemukan ""Input Alamat Pengirm""",Mayor
1.Pada kolom Uraian masih belum sesuai dengan strukdat<br>2. Perlu penyesuaian untuk simbol :<br>- di strukdata ( â‰¤ )<br>- di aplikasi ( &lt;= )<br>,Kosmetik
Terdapat data yang tidak tampil <br><br>SS terlampir,Mayor
1. Nomor urutan belum sesuai  dengan strukdat<br>2. Jenis Deposito berbeda <br>3. Kolom tingkat suku bunga terpisah (di strukdat termasuk Penerbit)<br>,Mayor
1. Huruf menjadi bold semua<br>2. kelebihan Kolom pada baris paling bawah<br>,Kosmetik
typo pada pesan kesalahan validasi rumus RASL0304000000,Kosmetik
"1. pada LPAN Tabel Surplus (Defisit) tahun berjalan di website <strong>bold</strong>, sedangkan pada  struckdat tidak bold <br>2. beberapa Tampilan  yang belum <b>bold</b><br>",Kosmetik
Data tidak sesuai dengan strukdat<br>,Mayor
"Pada web penulisan belum bold<br>mohon di adjust pada web, hasil export excel dan PDF<br>",Kosmetik
"Nama kolom belum sesuai dengan strukdat ""nama kolom terbalik""<br>",Kosmetik
pada LPKOMP terdapat kolom tabel yang belum Bold belum sesuai dengan strukdat<br>,Kosmetik
"Pada web penulisan belum bold<br>mohon di adjust pada web, hasil export excel dan PDF<br>",Kosmetik
"Garis kolom belum sesuai dengan strukdat<br>mohon di adjust pada web, hasil excel dan pdf<br>",Kosmetik
"pada PIUT, Pada kolom 7 ""counterparty"" dan kolom 14 ""Saldo"" belum ada di web<br>",Minor
"Garis kolom belum sesuai dengan strukdat<br>mohon di adjust pada web, hasil excel dan pdf<br>",Minor
PIUT - Pada Kolom Jumlah Kontrak data tidak rata tengah seperti strukdat<br>,Kosmetik
Temuan RAS:<br>Perlu Penyesuaian dengan Strukdat (SS01):<br>1. Beberapa Nilai Rasio masih belum persen<br>2. Pada Sub dan Sub-Sub Judul bold. Pada strukdat tidak bold<br>,Minor
"pada PROP , kolom 12  nama tabel belum sesuai dengan Strukdat<br>",Minor
"1.pada form RAS muncul notifikasi eror client pada kode LPK0103000000 sedangkan pada sheet RAS keterangan LPK!13 padahal kode tsb pada sheet LPK ada di baris 12,<br><br>2. Baris 4, log eror yg muncul Rasio 1 - ( a. Aset Neto Periode Berjalan : a. Aset Neto Periode Berjalan ) sedangkan pada strukdat 1 - (L12/L13) yang mana :<br>L12 : a. Piutang Iuran subsidi Pemerintah<br>L13 : b. Pendapatan Iuran sd Laporan<br><br>3.pada form RAS muncul notifikasi eror client pada kode LPK0103000000 sedangkan pada sheet RAS keterangan LPK!13 padahal kode tsb pada sheet LPK ada di baris 12,<br><br>4. baris 23 muncul eror rumus rasio 2x<br><br>5. baris 25 pada strukdat rumusnya =LPAN!L8+LPAN!L13+LPAN!L18+LPAN!L23 tetapi saat di cek pada form LPAN tidak sesuai karena Saldo awal terdapat di baris =LPAN!L11+LPAN!L16+LPAN!L21+LPAN!L26",Mayor
Perlu Penyesuaian dengan Strukdat:<br>1. Belum Bold:<br>- Total Aset<br>- Total Liabilitas<br>- Selisih Total Aset dan Total Liabilitas<br>2. Tidak ada space setelah sub/subjudul Uraian<br>,Kosmetik
1. Tidak bold<br>2. % tidak tampil<br>3. Oktober jadi October,Minor
Perlu Penyesuaian dengan Strukdat (SS01):<br>1. Penyesuaan Judul<br>2. Repurchase agreement (Repo) Belum Italic<br>3. Total Investasi belum Bold<br>,Kosmetik
belum ada keterangan jika password yang dimasukkan salah,Minor
"1. label ""Repurchase agreement (Repo)"" tidak italic<br><br>2. TOTAL INVESTASI tidak bold",Kosmetik
"tabel  data INVDEP kolom tabel ""tingkat suku bunga"" belum masuk ke dalam tabel  penerbit<br>",Mayor
terdapat kesalahan kata pada kolom <br><br>SS terlampir,Minor
1. Nama Form tidak sesuai<br><br>2. nama kolom terbalik,Minor
label tidak bold dan italic,Kosmetik
"INVDEP hasil Pdf tabel nilai terpotong, garis pada total belum rapih/tidak sejajar<br>",Kosmetik
1. ada beberapa kolom yang penempatannya tidak sesuai<br><br>2. kolom total pada hasil download PDF tidak sejajar,Minor
1. pada INVSB header pada kolom 17 belum muncul di web,Minor
terdapat kata yang belum ditebalkan dan belum dimiringkan<br><br>SS terlampir,Kosmetik
"1. RAS kolom tabel % tidak tampil<br>2, pada  Rasio Rasio Investasi Terhadap Cadangan Teknis nilai Rasio (a:b) di strukdat  61,72% sedangkan di web 62<br>",Mayor
"pada AI dan HAI, di website <b>tidak </b><strong>bold</strong>, pada struckdat <b>bold</b>",Kosmetik
"Untuk setiap notifikasi yang masuk tidak menjelaskan atau menampilkan waktu kapan (tanggal, bulan, tahun dan jam) notifiksi tersebut masuk",Mayor
beberapa nama label tidak bold,Kosmetik
terdapat kolom tabel yang tidak rapih<br><br>SS terlampir,Minor
1. beberapa nama label tidak bold<br><br>2. nama kolom berbeda,Minor
1.pada RASL terdapat kolom tabel yang belum Bold belum sesuai dengan strukdat (SS)<br><br>2. Terdapat kalimat typo kehialngan yang seharusnya kehilangan (SS001)<br>,Kosmetik
bisa kirim pemantauan tanpa isi catatan mandatory,Mayor
tag yang diinput user tidak dapat tersimpan,Mayor
data tidak muncul pada tabel preview <br><br>SS terlampir,Mayor
"kolom ""Counterparty"" <br>belum ada pada tabel preview <br><br>SS terlampir",Minor
1.pada LPK kolom tabel yang ada di web bold sedangkan di Strukdat tidak bold<br>,Kosmetik
Saat menjalankan skenario 21 pengiriman pada client gagal,Mayor
1.pada RASL  header kolom symbol â‰¤ pada strukdat sedangkan  aplikasi &lt;=  belum sesuai dengan struktur data<br>,Minor
Pdf INVDEP - tabel belum sejajar/rapi,Minor
RASL hasil export pdf data terpotong<br>,Kosmetik
"Pada web penulisan bold namun pada strukdat tidak bold.<br>mohon di adjust pada web, hasil export excel dan PDF<br>",Kosmetik
terdapat kolom yang belum sesuai sepert pada struktur data<br><br>SS terlampir,Minor
SBN  hasil export pdf data tepotong<br>,Kosmetik
"Angka yang muncul pada web  belum sesuai dengan strukdat. Mohon di adjust pada web, hasil export excel dan pdf<br>",Mayor
1. beberapa nama label tidak bold<br>2. nama form tidak sesuai<br><br>,Minor
1. Sesi timeout belum aktif <br>2.  Belum Memiliki catatan/log terkait upaya log-on yang gagal pada audit trail<br>3. Belum membatasi jumlah log on yang gagal yang dilanjutkan dengan pemblokiran atau penundaan log on<br><br>,Mayor
data LAK pada baris Aktivitas pendanaan kebawah nominal yang tampil tidak sesuai strukdat,Mayor
belum ada validasi sandi counterparty harus sesuai dengan mapping referensi sandi bank,Mayor
"Pada web penulisan belum bold belum sesuai dengan strukdat<br>mohon di adjust pada web, hasil export excel dan PDF<br>",Kosmetik
terdapat kesalahan kata pada kolom tabel preview yang tidak sesuai dengan tabel strukdat<br><br>SS terlampir,Minor
"Kolom ""Total"" tidak presisi (SS01)<br>",Minor
"pada LPE, beberapa kolom tabel di website <b>tidak </b><strong>bold</strong>, pada struckdat <b>bold</b>",Kosmetik
"Pada web penulisan belum bold belum sesuai dengan strukdat<br>mohon di adjust pada web, hasil export excel dan PDF<br>",Kosmetik
tidak bisa get data sipena<br>INBOXCD-4/MS.1400/2025CD-2/MS.1400/2025CD-1/MS.1400/2025CD-1/MS.2312/2025123/BB/2025ND-1/MS.23/2025<br>SENTSSD-1/MS.14/2025CD-4/MS.1400/2025CD-2/MS.1400/2025CD-1/MS.1400/2025<br>,Mayor
"Pada web penulisan bold namun pada strukdat tidak bold.<br>mohon di adjust pada web, hasil export excel dan PDF<br>",Kosmetik
"pada LPK, beberapa kolom tabel di strukdat <b>tidak </b><strong>bold</strong>, pada websitenya <b>bold</b>",Kosmetik
Tabel data kelebihan<br>,Minor
"<b>AI:</b> Tulisan ""Repurchase agreement (Repo)"" tidak <i>italic </i>dan ""Total Investasi"" tidak bold<br><b>HAI:</b> Tulisan ""Repurchase agreement (Repo)"" tidak <i>italic </i>dan ""Total Investasi"" tidak bold<br><b>INVDEP: </b>Judul tidak sesuai dan posisi nama kolom tidak sesuai<br><b>RASL:</b> Tulisan ""TOTAL ASET, TOTAL LIABILITAS, SELISIH TOTAL ASET DAN TOTAL LIABILITAS"" tidak bold",Minor
"1. Form LPKOMP pada baris 12 dan baris 14 saat tes karakter pada log eror tidak muncul rumus sesuai strukdat seperti pada baris 9 atau yang lainnya<br><br>2. Form LAK baris 12,16,19,28 tidak muncul log eror rumus seperti di baris 8, 13, 20, 25, 26",Minor
1. rumus antar laporan ke LPK pada struktur data beda dengan pesan kesalahan yang muncul,Mayor
1. Panjang maksimal kolom 16 berbeda antara struktur data dan pesan kesalahan<br>,Mayor
Email belum masuk dan monitoring tidak ada perubahan,Mayor
"pada RAS, beberapa kolom tabel di strukdat <b>tidak </b><strong>bold</strong>, pada websitenya <b>bold</b>",Kosmetik
"1. pada RASL, beberapa kolom tabel di website <b>tidak </b><strong>bold</strong>, pada Strukdat <b>bold<br></b><br>2. pada beberapa kolom ada poin2 yang space nya kurang/tidak sesuai",Kosmetik
Tidak ada notifikasi batas maksimum login pada saat salah input password,Minor
"saat ubah Grup Akses, data tidak berubah dan log auditnya tidak tercatat di log aktivitas",Mayor
"LPAN<br>1. Jumlah ""Kontribusi dari BPJS Ketenagakerjaan"" belum sesuai dengan strukdat<br>2. Tidak sesuai dengan struktur data (bold)<br><br>Mohon di adjust pada Koreksi LJK dan Koreksi Pengawas serta pada preview web, export pdf, export excel)",Minor
"pada hasil export PDF SBN, tabel halaman 2 dan 3 masih terpotong<br>",Kosmetik
"1. Jika INVDEP0200000 disalahkan, validasi tidak muncul seluruhnya. Berbeda dengan INVDEP0100000 jika disalahkan, validasi masih muncul seluruhnya. Mohon diselaraskan<br><br>(SS)",Minor
"pada INVDEP <br>-hasil Pdf tabel nilai terpotong, garis pada total belum rapih/tidak sejajar.<br><br>-tabel pada Total tidak sejajar",Kosmetik
"NKA<br>1. Judul kolom tidak sesuai dengan strukdat<br>2. Tidak sesuai dengan struktur data (bold)<br>3. Data Periode Bulan Laporan, dan  Desember Tahun x-1 tidak sesuai dengan strukdat<br><br>Mohon di adjust pada Koreksi LJK dan Koreksi Pengawas serta pada preview web, export pdf, export excel)",Mayor
"pada AI , di website <b>tidak </b><strong>bold</strong>, pada struckdat <b>bold</b><br>",Kosmetik
"Pada aplikasi tidak muncul ""aksi"" untuk memilih checkbox pengarsipan dan penunjukan",Mayor
"PIUT<br>1. Judul Preview belum sesuai dengan penamaan tabel pelaporan dan strukdat<br>2. Judul kolom tidak sesuai dengan strukdat<br>3. Terdapat kolom yang tidak sesuai (tidak ada dalam web) : Kolom Counterparty, dan kolom Saldo<br>4. Isian data tidak lengkap pada kolom Sektor Ekonomi, Lokasi, Kualitas<br><br>Mohon di adjust pada Koreksi LJK dan Koreksi Pengawas serta pada preview web, export pdf, export excel)",Mayor
"ukuran upload file pada usreq max 100 mb, existing 20MB",Minor
"PROP <br>Judul Kolom tidak sesuai<br><br>Mohon di adjust pada Koreksi LJK dan Koreksi Pengawas serta pada preview web, export pdf, export excel)",Minor
Captca calculation based dapat input huruf,Minor
"Saat klik tombol ""Kembali"" tanpa Simpan sebagai Konsep namun tetap tersimpan otomatis dalam Konsep pada menu Naskah Dinas Dalam Proses",Mayor
"Perlu penyesuaian dengan stukdat(SS01):<br>1. Jumlah ""Kontribusi dari BPJS Ketenagakerjaan"" tidak tampil<br>2. Belum Bold:<br>- Total Pendapatan<br>- Total Beban<br>- Kenaikan (Penurunan) Aset Neto<br>- Aset Neto Awal Periode<br>- Aset NEto Akhir Periode<br>",Mayor
"pada LKK, beberapa kolom tabel di website <b>tidak </b><strong>bold</strong>, pada struckdat <b>bold</b>",Kosmetik
"form RAS masih ada yang belum sesuai untuk pengetesan MCO, pada kode komponen berikut RAS0201030000, RAS0301030000, RAS0302030000, RAS0303030000, RAS0401030000, RAS0501020000, RAS0501030000 log eror rumus tidak muncul dan tidak sesuai",Mayor
1. Kolom  9 diisi lebih dari 5 digit belum muncul pesan<br><br>2. Sandi Bank 117 tidak ditemukan di sheet referensi namun tidak muncul pesan kesalahan tidak ditemukan,Mayor
kurang tanda mandatory pada field yang wajib diisi,Minor
"Perlu Penyesuaian dengan Strukdat (SS01):<br>1. Kolom ""Counterparty"" dan ""Saldo"" Tidak Ada<br>2. Penyesuaian Judul dengan Strukdat<br>",Mayor
tidak bisa hapus data,Mayor
1. Tidak dapat melakukan penambahan (lebih dari 1) Penandatanganan Naskah Dinas Utama<br><br>2. Setelah kembali dan membatalkan karena tidak bisa melakukan penambahan (lebih dari 1) kemudian menghapus penandatangannan pertama dan ingin menambahkan kembali terjadi error (tidak bisa) dan harus di-refresh kembali untuk menambahkan Penandatanganan,Mayor
Tidak italic<br>,Kosmetik
"1. Panjang maksimal kolom 2 beda antara struktur data dan pesan kesalahan<br><br>2. Kolom 25-28 opsional namun saat kosong muncul wajib diisi, cek kembali semua kolom",Mayor
"1.Form LAN pada baris 23, 26, 33 saat saya tes (-) pada log eror tidak muncul rumus sesuai strukdat seperti pada baris 34 &amp; 35 <br>",Minor
"1. Pada web penulisan belum bold belum sesuai dengan strukdat<br>mohon di adjust pada web, hasil export excel dan PDF<br>2. Tidak sejajar (indentasi) atau tidak sesuai dengan strukdat<br>",Minor
tidak ada button setuju pada saat penyetujuan oleh reviewer utama,Mayor
Perlu Penyesuaian dengan Strukdat:<br>1. Belum Bold:<br>- Total Aset<br>- Total Liabilitas<br>- Selisih Total Aset dan Total Liabilitas<br>2. Tidak ada space setelah sub/subjudul Uraian<br>,Kosmetik
Hasil export pdf tabel terpotong<br>,Kosmetik
"Saat mengisi Field ""Hal"" menggunakan type Underline namun pada tampilan surat ""Hal"" hasilnya tidak Underline",Mayor
Export PDF tabel terpotong<br>,Minor
terlalu singkat dalam pemberian kata di tabel,Kosmetik
"pada INVDEP, di strukdat. tingkat suku bunga masuk ke penerbit<br><br>",Kosmetik
"Hasil report, excel dan pdf kelebihan kolom<br>",Mayor
"Setelah mengisi seluruh data dan terkirim, Notifikasi menuliskan Sukses namun dibawahnya terdapat tulisan Terjadi Kesalahan",Mayor
1. Panjang maksimal kolom 8 beda antara struktur data dan pesan kesalahan,Mayor
1. baris 20 dan 21 muncul 2 pesan terkait panjang maksimal<br><br>2. Tiap baris muncul 2 pesan kesalahan terkait karakter yang diperbolehkan jika diisi tab,Mayor
riwayat review belum tercatat,Mayor
Pada saat user log out tidak Menampilkan Informasi log out pada audit trail,Minor
"pada HAI , di website <b>tidak </b><strong>bold</strong>, pada struckdat <b>bold</b><br>",Kosmetik
1. Penamaan Pada Dropdown tidak sesuai (SS01)<br>2. Data Yang tampil tidak sesuai (SS02)<br>3.  Belum Bold:<br>- Nilai Kini aktuarial akhir tahun<br>- Metode Menghitung Nilai JP Terjanjikan<br>,Mayor
1. Perlu penyesuaian<br>2. Ada data yg tidak tampil (tanda hijau di sumber data)<br>,Mayor
"tabel  data INVDEP  kolom tabel ""tingkat suku bunga"" belum masuk ke dalam tabel  penerbit<br>",Minor
"1. pada RASL Perlu penyesuaian untuk simbol :<br style=""font-size: 11.36px;"">- di strukdata ( â‰¤ )<br style=""font-size: 11.36px;"">- di aplikasi ( &lt;= ) <br><br>2. pada setiap list Jatuh Tempo Aset dan Liabilitas, di preview menggunakan tulisan ""Tahun"". sedangkan di strukdat ""Thn"" <br><br>3. ada beberapa <b>bold </b>dan ada beberapa kalimat yang menjorok ke dalam yang perlu disesuaikan <br><br>4. pada setiap jatuh tempo pada strukdat: NonRp. sedangkan pada preview: Non Rp <br><br>5. pada hasil pdf masih ada yang terpotong",Kosmetik
pada INVSB header pada kolom 17 belum muncul di web<br>,Mayor
belum ada validasi untuk kesalahan jumlah rumus baris terakhir,Mayor
1. nama kolom berbeda<br><br>2. beberapa nama label tidak bold,Minor
1. Validasi kesalahan nilai dari rumus LAK0200000000 (baris 12) belum ada,Mayor
1. nama kolom berbeda<br><br>2. beberapa kolom belum muncul simbol persen (%) dan bilangan nya tidak desimal,Minor
"pada RAS, terdapat beberapa label yang tidak bold",Kosmetik
"<b>DTUM:</b> Nama kolom tidak sesuai (tertukar)<br><b>RASL: </b>-<b> </b>Nama kolom tidak sesuai (capslock, singkat, dan spasi).<br>- tanda &lt;= tidak sesuai dengan strukdat<br>",Minor
1. Pesan kesalahan rumus baris 6  dan 18 tidak sesuai struktur data,Mayor
"Kesalahan pada rumus ""RASL0303000000"" belum tervalidasi",Mayor
belum ada validasi untuk kesalahan rumus pada kolom 4,Mayor
1. Pesan kesalahan rumus baris 6 dan 18 tidak sesuai struktur data<br><br>2. Validasi rumus baris 32 dan 37 kolom 6 tidak muncul jika nilainya salah,Mayor
"pada lpk, semuanya tidak bold",Kosmetik
"Perlu Penyesuaian dengan Strukdat:<br>1. Tingkat Sukuk Bunga berada diluar Header Penerbit (SS01)<br>2. Hasil Export PDF, Total Tidak presisi (SS02)<br>3. Header ""Syariah / Konvensional"" pada strukdet ""Syariah / Non Syariah"" (SS03)<br>",Minor
"pada PROP, di kolom harga perM2 pada strukdat. pada preview Harga per m2",Kosmetik
"ketika pertama ingin mencari pada fitur ubah parameter, filed sudah terisi (default) padahal user sebelumnya tidak memassukan kata kunci tersebut. apakah bisaa dihilangkan isian tersebut? sehingga user bisa cari data yang dituju tanpa hapus manual dulu isian tersebut,<br><br>mohon tampilkan place holder saja.",Mayor
1.table terpotong tidak ada scroll<br>,Minor
dapat klik kirim sebelum isi field catatan (mandatory). validasi belum berkerja pada field tersebut,Mayor
tombol setujui tidak bekerja,Mayor
"1. tidak bisa klik kirim tanpa simpan draft terlebih dahulu.<br><br>2. pesan alert error keliru. ""lengkapi semua field yang bertanda *"" padahal semua field telah terisi. ketika simpan draft, baru bisa klik kirim.<br><br>cek video yang dikirmkan via wa grup",Mayor
"pada usreq terdapat poin bahwa<strong> </strong><i>""Pada setiap level persetujuan bisa download dan upload (mengubah dokumen yang sudah diupload sebelumnya) dan setiap terdapat perubahan, ada table historynya""</i> saat ini baik reviewer pendukung maupun utama tidak bisa ubah dokumen.<br>",Mayor
terdapat data yang tidak tampil<br><br>SS terlampir,Mayor
terdapat kata yang belum ditebalkan <br><br><br>SS terlampir,Kosmetik
terdapat symbol yang salah pada tabel<br><br><br>SS terlampir,Kosmetik
error ketika download bukti kirim LJK  BPJSTK0001,Mayor
"Saat menghapus data penandatanganan yang muncul Pop Up ""Data Berhasil disimpan"" yang seharusnya ""Data berhasil dihapus""",Mayor
"pada riwayat upload ringsek belum sesuai. seharusnya usr.pengawas1 sebagai ""uploader"". pada riwayat tersebut tertulis usr.pengawas3. padahal usr.pengawas3 sudah ditetapkan sebagai reviewer utama",Mayor
"Nama Kolom tidak sesuai dengan strukdat, nama bulan pakai bahasa inggris (October)<br>",Kosmetik
search by keyword tag belum bekerja pada dokumen output &gt; KYFC,Mayor
data tidak muncul <br>mandiri juli-2025<br>,Mayor
"Tampilan Pop up ""Apakah Anda Yakin untuk melakukan Proses Persetujuan"" saling tumpang tindih dengan pop up sebelumnya ""Proses Selanjutnya""",Minor
"Kolom tidak sesuai dengan strukdat, nama bulan pakai bahasa inggris (October)<br>",Kosmetik
Kolom tidak sesuai dengan strukdat,Kosmetik
"pada usreq terdapat poin :<br><i>""Penyusunan dokumen ISP (Awal), terdiri dari:<br>1) Informasi UmumPada bagian informasi umum, sistem akan menarik dokumen:<br>a. Ringkasan Eksekutif KYFC terakhir; dan<br>b. Rekomendasi Forum Panel.<br>pengawas juga dapat melakukan upload dokumen lain yang dibutuhkan serta dapat mengurutkan dokumen yang ditarik dan di-upload.""</i><br><br>poin a dan b belum berhasil tertarik pada menu isp.",Mayor
Pada pengecekan rumus RAS0501020000 validasi antar form keterangan strukdat tidak sesuai,Mayor
"tidak bisa hapus data pada tabel dokumen informasi umum, muncul alert ""method not allowed""",Mayor
"pada JHT (LAN) kesalahan pada ""LAN0400000000"" penarikan redaksinya belum sesuai, pada rumus L35, tetapi yang ketarik L36",Mayor
terdapat kolom/tabel terpotong pada hasil download pdf,Kosmetik
"Seluruh pesan validasi terkait ""Karakter"" belum lengkap pada form INVSB. Mohon dilengkapi.<br><br data-mce-bogus=""1"">(SS)",Mayor
tidak ada tombol setujui pada reviewer utama.,Mayor
download template excel tidak berfungsi,Mayor
pada usreq tercatat bahwa semua pihak (reviewer pendukung dan utama bisa edit) saat ini belum bisa.,Mayor
Pada baris 60 txt terdapat rumus pada struktur data namun pada client belum ada,Mayor
rumus pasa strukdat ke LPK beda dengan yang ditampilkan pada pesan kesalahan,Mayor
1. Pesan kesalahan rumus pada baris 8 salah<br><br>2. Pesan kesalahan rumus baris 23 muncul  2 kali<br><br>3. Pesan kesalahan rumus baris 17 belum muncul jika nilainya salah,Mayor
1. Pesan kesalahan Rumus baris 30 salah<br><br>2. Pesan kesalahan rumus 24 salah,Minor
Pesan kesalahan rumus ke LPK belum sesuai struktur data,Mayor
Pesan kesalahan rumus ke LPK belum sesuai struktur data,Mayor
Kolom 8 Tahun Piutang beda antara struktur data dan pesan kesalahan<br><br>Pastikan rumus ke form LPK pada struktur data sesuai,Mayor
teks pada kolom keyword terpotong<br><br>all menu dokumen output,Minor
dokumen output tidak tampil,Mayor
belum ada tes email  notifikasi setiap tanggal 15 di bulan Juni dan Desember kepada seluruh tim pengawas PIKK tersebut <b>apabila belum terdapat persetujuan pemantauan </b>(oleh reviewer Utama penyetuju dokumen SP) di semester berjalan untuk periode ISP tahun berjalan. <br>,Mayor
"pada tabel pemantauan supervisory plan kurang kolom ""strategi pengawasan"" sesuai usreq",Mayor
Notifikasi tidak sesuai karena seharusnya permintaan persetujuan / approval bukan penyimpanan data,Mayor
1. Data yg muncul di export excel blm sesuai dengan web<br><br>2. Header blm sesuai,Minor
"pada hasil download , kolom ""deskripsi aktivitas"" masih kosong",Mayor
"nama file, path kosong padahal sebelumnya ada datanya",Mayor
Hasil Total penerimaan pada download daftar gaji dan slip gaji dengan NIP 00028 bulan oktober  belum sesuai (SS1),Mayor
Export PDF tabel terpotong<br>,Minor
1. form tindak lanjut ketika edit tanggal muncul notif format tanggal tidak sesuai (SS1)<br>2. form rekomendasi status ada tanda mandatory tetapi ketika tidak diisi bisa lolos dan menyimpan data (SS2)<br>3. tanggapan sudah diisi di form rekomendasi tetapi tidak terceklis dihalaman depan (SS3),Mayor
tidak bisa tambahkan catatan pemantauan,Mayor
"pada usreq poin c ""pengawas dapat upload dokumen pendukung"" disini maksudnya uploader saja atau reviewer pendukung dan utama juga bisa?<br><br>saat ini hanya uploader saja yang bisa upload.",Mayor
1. pada form jadwal pelaksanaan forum panel<br>- di usreq ada Status Kelengkapan Penyampaian Dokumen<br><br><b>kebutuhan usreq<br></b>a. sistem akan mengirimkan email ke<br>panelis dan pengawas terkait penambahan/perubahan jadwal.<br><br>b. mengirimkan email reminder ke pengawas terkait batas waktu<br>penyampaian dokumen.<br><br>c. ada notifikasi sebagai reminder kepada sekretariat terkait hal-hal<br>sebagai berikut:<br>1. Penyampaian permintaan materi FP kepada pengawas.<br>2. Undangan dan penyampaian materi FP kepada panelis.<br><br>d. Sistem akan mengirimkan email reminder kepada pengawas untuk setiap<br>deadline rekomendasi dengan pembagian jadwal pengiriman sebagai berikut:<br>1. Reminder pertama: 4 minggu sebelum deadline<br>2. Reminder kedua: 2 minggu sebelum deadline<br>3. Reminder ketiga: 1 minggu sebelum deadline<br>4. Reminder keempat: setiap 4 minggu setelah deadline.,Mayor
terdapat kata yang belum ditebalkan <br><br>SS terlampir,Kosmetik
Saat input data email dan berhasil tersimpan tidak tampil atau muncul pada kolom penerima eksternal,Mayor
Nama form pada Preview berbeda dengan strukdat,Minor
Pada download excel PKWT kolom tidak sesuai dengan T.1.1 (SS1),Mayor
tidak ada validasi error ketika batalkan tanpa menuliskan catatan alasan pembatalan,Mayor
kyfc tidak dapat diakses. server error,Mayor
pada form LPKOMP. judul pada preview menjadi LPKKOMP,Kosmetik
Kolom Lokasi belum muncul,Mayor
tidak ada judul kolom pada kolom aksi,Minor
"pada form rekomendasi status jika status pengawas dipilih ""tidak ditindak lanjuti"" tidak bisa simpan data",Mayor
"Pada download file pdf SBN terpotong do bagian ""saldo SAK""",Kosmetik
dokumen belum bisa diurutkan,Minor
fase 2 Tahun 2024 <br>cara 2:<br>upload manual ada notif berhasil upload tapi data tidak tampil,Mayor
"data file belom terkoneksi sepenuhnya antara swagger dengan sipena, sehingga masih terjadi kegalalan dalam ""Data Sanction""",Mayor
Dokumen tidak dapat tampil,Mayor
dokumen output tidak tampil,Mayor
Nama form pada opsi tabel pelaporan belum sesuai,Kosmetik
RASL: Posisi laporan keterangan bulannya masih menggunakan bahasa inggris,Kosmetik
"1. status pengawas yang dipilih selesai tetapi di table isi datanya ""pantau"" begitu juga sebaliknya (SS1)<br><br>2. ketika status pengawas yang dipilih ""tidak ditindaklanjuti"" datanya tidak muncul di table (SS2)",Mayor
pada: <br>-INVSB<br>-LAK<br>-RAS<br>judul bulan masih berupa bahasa <em>inggris</em>,Kosmetik
pada input rekomendasi format jam belum sesuai,Minor
"1. pada<b> status penetapan</b> data yang tampil tidak sesuai yang dipilih (SS1)<br><br>2. pada <b>sektor terkait</b> data yang tampil tidak sesuai yang dipilih (SS2)<br><br>3. ketika selesai submit di detail rekomedasi, bisakah kembali ke halaman detail rekomendasi bukan ke halaman hasil forum panel",Mayor
"pada saat klik setuju sebagai approver utama tidak ada notifikasi berhasil penyetujui tetapi langsung redirect ke halaman depan, lalu klik detail pada halaman forum panel reviewer aktifnya berubah",Mayor
tanggal belum sesuai,Mayor
nilai persentase hasil pdf dan table rekomendasi berbeda<br><br><b>Astra Financial<br>2024<br>fase 1</b>,Mayor
table pelaksanaan jadwal forum panel menampilkan invalid date<br><br><strong>2024 fase 2</strong>,Mayor
mohon penamaan judul disesuaikan dengan mockup,Kosmetik
"Tidak ada Sub Menu ""Dashboard Internal ARK""",Mayor
Wording belum sesuai,Kosmetik
Beberapa nama header tabel belum sesuai dengan t.1.1,Kosmetik
Laporan piutang SLIK blm ada di menu,Fatal
Button tambah tidak muncul/terlihat,Fatal
Belum ada sub menu Laporan Hasil Audit pada Menu Audit,Mayor
Data untuk Predikat Test Of Design dan Predikat Test Of Operating Effectivness Tidak ada<br><br>SS Terlampir,Mayor
"Wording title tabel belum sesuai<br>Expect: ""Deskripsi""<br>Fact: ""Desripsi""",Kosmetik
"saat di halaman lihat, button x dan dropdown masih dapat di klik walau data tidak bisa tersimpan",Mayor
Penamaan header belum sesuai yang ada pada dokumen mapping,Kosmetik
Tampilan pada tabel Profil Risiko OJK Tahunan kolom tabel bisa disesuaikan dengan jumlah data yang ada agar tidak terlihat kosong,Kosmetik
Belum ada Sub modul Master Opini Audit LHA,Mayor
Penamaan belum sesuai dengan yang ada pada doumen mapping,Kosmetik
"Di Aplikasi pada Kolom Lintasan Risiko Harapan hanya menampilkan warna saja namun pada hasil tarikan excel dan pdf menampilkan nilai/level tingkatan risiko, pada aplikasi bisa ditambahkan nilai/level tingkatan risiko.",Minor
"Pada aksi ubah, saat berhasil menyimpan perubahan datanya tidak ada yang berubah",Mayor
"1. Pada skenario terdapat data input ""Konteks Risiko"" sedangkan pada web tidak ada<br><br>2. Pada web terdapat data input ""Deskripsi Risiko"" sedangkan pada skenario tidak ada",Mayor
tidak bisa melakukan unduh image,Mayor
1. Pada Tingkat Dampak tidak ada tanda mandatory tetapi muncul alert<br><br>2. Pada data yg harus diisi Alert mandatory tidak muncul saat data dikosongkan,Minor
beberapa kolom id wajib bayar belum tampil,Mayor
"ada perbedaan penulisan pada tabel Loss event kolom ""Tanggal Keterjadian &amp; Jumlah Keterjadian"" sedangkan pada saat input data field ""Tanggal Kejadian &amp; Jumlah Kejadian""",Minor
"- Saat input data field yang mandatory sengaja tidak diisi, saat klik simpan tidak muncul pop up yag menyatakan harus mengisi data mandatory melainkan langsung muncul layar hitam ""Terjadi kesalahan saat memproses permintaan anda, silahkan hubungi admin aplikasi"" (SS1). <br><br>- Saat klik tombol backward baru muncul Pop up yang sesuai data yang tidak saya isi (SS2)",Mayor
"Pada Dropdown Level Temuan, Angka Nilai tidak ada pada setiap Level temuan<br><br>SS Terlampir",Kosmetik
"Saat Klik aksi Ubah tidak ada tombol ""Simpan"" sesuai skenario",Mayor
"Setelah melakukan Edit isi data pada kolom Penyebab Risiko (sebelumnya dikosongkan) menjalankan Aksi Lihat dengan klik kanan, kolom Penyebab Risiko tidak muncul tetapi muncul 2 kolom Deskripsi Risiko",Mayor
Fungsi export excel tidak bisa bekerja,Mayor
Case: Filter Tanggal Kirim belum sesuai<br>Expect: Berhasil memfilter data tanggal kirim<br>Fact: Tidak bisa memfilter tanggal kirim,Mayor
"Pada Bagian Nilai Uji Pengendalian dan Hasil, terdapat Nilai yang tidak ada (1 - 3 ) dan Nilai tidak berurutan<br><br>SS terlampir",Kosmetik
halaman Lihat dan Ubah belum berfungsi,Mayor
ketika melakukan filter baik copy paste maupun di tulis manual tidak bisa melakukan filter jumlah RP,Minor
"Pada kolom Pengendalian Internal, keterangan saat kolom tidak diisinya tidak sesuai dengan nama kolomnya",Kosmetik
"ketika melakukan tambah dengan nomor dokumen yang sama, keterangan pada pop up gagal bertuliskan nomor surat yang seharusnya nomor dokumen",Kosmetik
"Pada halaman aplikasi, bagian footer menampilkan informasi copyright dengan format â€œCopyright Â© 2019 Otoritas Jasa Keuangan. All rights reserved. â€. Namun tahun tersebut tidak berubah secara otomatis mengikuti tahun berjalan. Saat ini tahun sudah <strong data-start=""526"" data-end=""534"">2025</strong>, tetapi footer masih menampilkan tahun <strong data-start=""574"" data-end=""582"">2019</strong>, sehingga informasi tampak tidak valid dan tidak profesional.<br><br>jika ingin mempertahankan tahun 2019nya, boleh dibuat seperti  contoh pada web simata ""2017 - 2025 Â© Departemen Pengelolaan Sistem Informasi - Otoritas Jasa Keuangan (OJK)""<br><br>cek ss contoh<br>",Kosmetik
muncul validasi opini harus diisi (mandatory) tapi pada field opini tidak ada tanda mandatory<br>,Mayor
"1. Data pada tabel Temuan Audit Tidak muncul. terdapat pesan kesalahan saat permintaan diproses<br><br>2. terdapat kolom kosong bertanda #, tidak diketahui kegunaannya untuk apa<br><br>Data yang digunakan: periode 2021<br>",Mayor
"Pada halaman Profil OJK Jangka Menengah saat ubah periode berjalan secara otomatis muncul data tanpa klik tombol Submit, hal tsb juga terjadi saat memilih ceklist tampilkan tahun berjalan",Minor
"Pada kolom aksi keterangannya tidak sesuai, seharusnya ""Ubah Data Kriteria Dampak""",Kosmetik
"Pada pengisian data field ""Level Dampak"" yang seharusnya mandatory namun belum mandatory",Mayor
"Pada Data field ""Risiko Yang Relevan"" namun pada tampilan Tabel ""Risiko Terkait"" pada dokumen T.31 seharusnya Risiko Terkait",Minor
"pada kolom aksi judul kolom bukan ""aksi"" tetapi ""#"". mohon disesuaikan<br>",Minor
"pada beberapa list ketika sudah diinput, dan klik simpan draft. datanya tidak tersimpan<br><br>",Mayor
"hasil download excel pada prosedur, di judul kapital semua. namun hasil downloadnya tidak kapital semua<br><br><br>",Kosmetik
"pada tab histori persetujuan, ada table yang tidak sejajar<br>",Kosmetik
Tidak ada histori lihat data pustaka risiko di audit trail,Kosmetik
"ketika klik salah satu judul table, terjadi kesalahan<br><br><br>",Mayor
tidak bisa menambahkan anggota tim<br>,Mayor
web tidak responsif<br><br><br>,Kosmetik
"Terdapat tanda mandatory pada tabel kolom jabatan, lalu pada koom tambahkan anggota tim tidak ada tanda mandatorynya<br>",Mayor
pada tab formulir dan prosedur ada table yang tidak sejajar,Kosmetik
Fitur button excel tidak berfungsi,Mayor
captcha tidak sesuai namun dapat tetap login,Mayor
"pada susunan anggota tim, datanya tidak muncul<br>",Mayor
penamaan batas maxsimum upload tidak konsisten,Kosmetik
"Penulisan ""Tender Manajemen"" sebaiknya dibuat konsisten menjadi <b>Tender Management </b>",Kosmetik
"Terdapat pesan ""terjadi kesalahan saat memproses permintaan anda"" pada saat sorting pada kolom ubah.",Mayor
"judul pada kolom aksi baiknya diberi nama ""aksi"" daripada diberi tanda ""#"" dapat membingungkan user.",Minor
Setelah melakukan Reverse dan Ubah Ketua Tim selanjutnya mengirimkan kembali Draft Temuan kepada Ketua Tim baru hasilnya tidak muncul di menu Draft Temuan pada akun staffdai13<br>,Mayor
1.browser sudah 100% tetapi Tabel lebar ke samping (NON DPP)<br>g1<br>2. Tabel lebar kesamping (DPP) g2,Minor
"pada tab Prosedur. ketika ingin tambah data baru, di table profil risiko ini tidak ada pilihannya",Mayor
"pada saat edit lalu simpan dan kirim ke pengendali teknis muncul notif ""silahkan masukan tim terlebih dahulu"" namun saat ingin menambahkan tim kolomnya tidak bisa di klik<br>",Mayor
Setelah dilakukan Revisi penggantian Ketua Tim dan Simpan &gt; melihat hasil Surat Tugas yg direvisi data pada Tanggal Mulai dan Tanggal Selesai tidak muncul dan tampilan tidak sejajar<br>,Mayor
"Buat Laporan baru dengan tahun 2024, berhasil menyimpan. Namun data baru tidak tampil pada list tabel. <br>Mohon untuk disesuaikan apabila pembuatan laporan baru tidak dapat dibuat dengan tahun dan triwulan yang sudah lewat dari tahun 2025",Mayor
Fitur dropdown satuan kerja tidak terlihat,Kosmetik
Sub menu pada akun Synus Tonerindo Prima berbeda dengan template PMP yang sudah diberikan,Minor
Pada halaman Form Penyusunan Laporan Monitoring &amp; Evaluasi Rencana Umum Pengadaan Barang/Jasa di bagian Satuan Kerja tidak sesuai dengan input yang dipilih di menu dropdown Satuan Kerja di halaman Laporan Monitoring dan Evaluasi Daftar Rencana Umum Pengadaan Barang/Jasa,Minor
Upload Dokumen Laporan Monev Sudah Ditandatangani oleh Admin Satker<br>Label berbeda dengan mockup,Minor
"Setelah melakukan revisi surat tugas, dokumen tidak masuk ke user ketua(staffdai9)<br>",Mayor
"Ketika masuk ke user staffdai13 dan staffdai16, detail PKA nya belum muncul untuk list nama tim nya<br>",Mayor
pada saat menyimpan data pengalaman terjadi error sehingga tidak dapat di save,Fatal
"Saat melakukan aksi respon dan data berhasil disimpan, namun data gagal ditampilkan dengan status <strong>Terjadi kesalahan saat memproses permintaan anda. Silahkan hubungi Admin Aplikasi.</strong>",Mayor
Ketika masuk ke edit data dengan user anggota tim (staffdai13 dan staffdai16) tampilan button kirim nya berbeda tidak sama<br>,Minor
Persetujuan Laporan Monev DRUPBJ oleh Pemimpin Satker <br><br>Label belum sesuai dengan mockup<br>,Minor
"tidak bisa simpan draft.<br>ketika klik simpan draft, tombol hilang. Kemudian muncul notif predikat opini harus diisi, padahah sudah terisi semua",Mayor
"pada data RPP bagian ""Upload SK"" ketika klik ""simpan dan selesai""  tampilan error",Fatal
pemilihan jadwal tersedia tidak muncul dropdown,Mayor
"Belum terdapat mandatory wajib diisi pada ""Catatan"" Form Tambah Catatan oleh Kompilator DRUPBJ",Minor
"- Saat melakukan input data dan klik simpan, terjadi error karena data ada yg belum terisi (tanpa ada pop up terlebih dahulu), setelak klik backward baru muncul pop up karena ada data yang belum terisi.<br><br>- Untuk KPM Realisasi Mitigasi Analisis jika mandatory bisa ditambahkan simbol mandatory",Mayor
tidak bisa <i>Pilih kriteria Test of Design dan </i>Pilih kriteria <i>Test of Operating Effectivenes</i>s dan tidak ada tombol simpan,Mayor
1.Label belum sesuai dengan mock up<br>2. Tabel belum sesuai dengan mock up,Kosmetik
belum ada button tambah data,Mayor
Level Risiko Residual dan Peringkat Risiko tidak mandatory tapi terdapat alert mandatory,Mayor
"Case:<br>-Tipe File belum PDF<br>-Format name file belum sesuai<br>Expected:<br>-Tipe file PDF<br>-Format Name: Berkas Profiling [Nama Rekanan Terdaftar, Nama Profiling]",Mayor
Level Risiko Residual dan Peringkat Risiko tidak bisa diisi,Mayor
Label belum sesuai dengan sub menu,Minor
Belum terdapat pilihan (filter) Jenis Triwulan dan Tabel belum sesuai dengan mockup,Mayor
Terdapat Isian (label = Jenis DRUPBJ) pada Data Paket Non DRUPBJ yang belum sesuai,Minor
tidak dapat menyimpan hasil verifikasi data rekanan umkm dan lainnya karena pada saat menyimpan hasil verifikasi terjadi error,Fatal
Nama Laporan saat baca direktori seharusnya Daftar Halaman Laporan Tahunan Kelompok Usaha bagi Bank yang Merupakan Bagian dari Kelompok Usaha,Kosmetik
tidak bisa klik simpan dan kirim,Mayor
Belum ada input data untuk upload dokumen Pendukung Tindak Lanjut dengan akun pegawaigpaf1@ojk.go.id sesuai dokumen T.31,Mayor
Email Koreksi periode 12/2035 tidak masuk lebih dari 20 menit,Mayor
Tidak ada aksi download,Mayor
"ketika melakukan edit, Pada kolom jabatan, minta ditambahkan label/placement text  dan ditambahkan data mandatory agar terlihat kalau kolom jabatan perlu diisi<br>",Minor
Nama Laporan belum sesuai struktur data,Kosmetik
"penamaan file download masih template, mohon disesuaian dengan judul file",Minor
"saat klik submit, tidak ada yang terjadi",Mayor
"Nama Laporan belum sesuai struktur data pada tab client, nama laporan hasil baca direktori, dan nama laporan saat login",Kosmetik
"Ubah data, menampilkan form isian data, namun tidak terdapat isian data ""Secondary Email""",Mayor
1. Tidak ada tab nama laporan,Kosmetik
1. Tidak ada tab nama laporan<br>2. Nama form 0100 belum sesuai struktur data<br>3. Ukuran file excel lebih dari 20 MB namun belum muncul pesan validasi ketika diisi lebih dari 20 MB,Mayor
"saat ingin melakukan persetujuan belum ada tombol setuju, hanya ada Simpan Draft dan Tidak Setuju",Mayor
Tab Permintaan Verifikasi<br>Penyesuaian pemilihan jadwal verifikasi oleh Vendor sesuai ketentuan PBJ OJK tidak sesuai dengan Mockup,Mayor
Nama laporan 0100 belum sesuai struktur data,Kosmetik
Fitur button excel tidak berfungsi,Mayor
Kolom Dropdown untuk Triwulan awal dan selesai melebihi kolomnya,Kosmetik
"pada judul table aksi, masih kosong<br><br>",Minor
"Pada sub menu tertulis ""Rekanan UMKM"" sedangkan pada headbar tertulis ""Rekanan UMKM dan Lainnya""",Minor
"Pada aplikasi tertulis ""Provider Asurans"" seharusnya ""Provider Asuransi"" SS1<br><br><br>Ringkasan Hasil Asurans dan/atau KonsultansI SS2",Kosmetik
Terdapat label yang belum sesuai dengan Mockup,Kosmetik
"Button ""Print Company Profile"" tidak berfungsi",Mayor
"setelah lakukan proses Reject/Tolak berhasil, kolom alasan belum otomatis menjadi kosong kembali",Mayor
Keterangan untuk Menghubungi Helpdesk Saat Mengajukan Permintaan Verifikasi seharusnya di kolom berbeda,Kosmetik
"Ketika KT sudah diganti, pada t.43 dikatakan kalau AT melakukan submit kembali ke KT, tetapi ketika di pilih untuk 2 AT, dokumen hanya masuk ke 1 AT saja<br>",Mayor
Untuk tombol simpan bisa diberikan warnya biru/hijau sebagai penunjuk aksi positif,Kosmetik
Tanggal mulai tidak boleh lebih besar dari tanggal selesai<br><br>mohon tambahkan validasi error,Mayor
sudah melakukan permintaan verifikasi namun belum muncul pada sub menu jadwal verifikasi &gt; Permintaan veriifkasi,Mayor
"Setelah melakukan aksi penolakan / reject dengan menulis alasan penolakan / reject data berhasil dikembalikan ke Pelaksanaan kegiatan, namun tampilan pada approval pelaksanaan kegiatan alasan penolakan tidak langsung hilang.",Minor
"1. Pada hasil download pdf, header kolom belum rata tengah<br><br>2. urutan data pada hasil download belum sesuai dengan urutan pada aplikasi",Kosmetik
"label sub menu ""Rekanan UMKM dan Lainnya"" masih ""Rekanan UMKM""",Kosmetik
Saat input data/file tombol simpan bisa diberikan warna biru / hijau sebagai penunjuk aksi positif<br><br><br>,Kosmetik
tidak ada keterangan jenis2 file yang didukung. mohon ditambahkan<br>,Mayor
Fungsi Tambah Catatan tidak ada<br>,Mayor
"Ketika klik aksi pada ""Lihat Form Isian RPP"" terjadi error",Fatal
belum bisa ubah PJ<br>,Mayor
"Tidak ada / belum ada  kolom choice/pilih dokumen yang akan dilakukan tindak lanjut (ubah, hapus atau lihat)<br>",Minor
Posisi tanggal ST dan Perihal ST perlu disesuaikan posisinya (posisinya disamakan dengan form tambah dan revisi/ubah)<br>,Kosmetik
Email Rutin periode 12/2035 tidak masuk lebih dari 30 menit,Mayor
Hasil log eror muncul 2 baris,Minor
1. masih ada button x dan dropdown pada halaman lihat (walaupun tidak ada button simpan)<br><br>2. masih ada button delete pada halaman lihat.<br>,Mayor
"Pada Sub Icon Upload Excel tombol simpan bisa diubah menjadi warna biru menyeragamkan dengan yang lain<br><br>Ketika tombol simpan di klik, belum sempat klik ""ok"" pada pop up namun data langsung tersimpan<br>",Minor
margin terlalu mepet. mohon sesuaikan dengan yang lain. mohon samakan dengan margin yang di menu Audit Khusus &gt; Analisis Awal<br>,Kosmetik
tidak ada yang terjadi saat klik Tambah SK Perubahan<br>,Mayor
Hasil monitoring absensi laporan LKTPBUKA periode 2026 pada web tidak muncul,Mayor
"Tabel pada menu tidak bisa digeser, data/kalimat yang panjang jadi tidak terlihat/terpotong<br>",Mayor
"setelah melakukan penunjukan PT baru dan telah di setujui KT, dokumen belum masuk ke PT baru untuk persetujuan",Mayor
"1. Judul email LJK dan beberapa email lain ada keterangan [SUSPECTED SPAM] &amp; [SPAM]<br><br>2. Email belum masuk lebih dari 15 menit, sedangkan monitoring, versi upload dan bukti kirim sudah update",Minor
List Dropdown belum ada opsi / belum termapping. (SS),Mayor
"Unggah file penerapan Sistem Manajemen Anti Penyuapan yang diimplementasikan oleh perusahaan saat tidak memiliki ISO 37001 oleh Rekanan Terdaftar, belum terdapat notifikasi/pop up berhasil tidaknya data tersimpan<br>",Minor
Jam tidak menggunakan format 24 jam,Kosmetik
"Setelah generate nomor surat, kolom list penerima tidak langsung flexible. (SS)",Minor
"nama pelaporan masih belum sesuai ""tidak ada kata pengkinian""",Kosmetik
download installer client tp file name yg muncul errordownload dan bukan dlm bentuk zip,Fatal
"1. pada provinsi sulawsi tengah typo (SS18)
2. pilihan kota pada provinsi kalimantan tengah tidak ada data  (SS19)",Mayor
Terdapat Kata yang tidak sesuai dengan sumber data dan kata yang tidak di tebalkan (bold)<br><br>,Kosmetik
Menu tidak dapat diakses,Fatal
muncul notif SK Pemeriksaan Harus Diisi walaupun SK Pemeriksaan sudah diisi<br>,Mayor
Data dari Download Template yang telah di-isi setelah di-upload datanya tidak ditmpilkan secara keseluruhan (terpotong)<br>,Mayor
"Nama pelaporan DPTBUKS belum sesuai dengan kanal tidak ada kata ""dengan Bank""",Kosmetik
Export Excel Data Rapat Eksekutif masih gagal. (SS),Mayor
Nomor Surat masih bisa redundan.<br><br>sebaiknya dibuat uniq untuk mengantisipasi perbedaan data dalam 1 nomor surat. (SS),Mayor
detail tanggal dari nama file masih belum sesuai. (SS),Minor
button terlalu rapat<br>,Kosmetik
"Pada tabel pengisian audit, untuk dropdown kriteria opsi yang tampil masih double<br><br>",Mayor
Waktu tunggu lebih dari 30 menit,Minor
detail nama file masih belum sesuai bagian bulannya.<br><br>sebaiknya penamaan file nya dibuat terpisah aja antara yang menandakan waktu dan kode uniq<br>,Minor
Filter table tidak berfungsi,Mayor
"ketika sudah melakukan penunjukan PT baru dan sudah disetujui oleh KT, dokumen LHA tidak masuk ke PT yang baru<br>",Mayor
Saat input data/file tombol simpan bisa diberikan warna biru / hijau sebagai penunjuk aksi positif<br>,Kosmetik
"Nama pelaporan di web ada kata ""BUK"" seperti di kanal pada laporan KCLNBUKIM namun pada strukdat tidak ada kata ""BUK""",Kosmetik
Tabel Rekomendasi perlu disesuaikan ke rata kiri agar konsisten. (SS),Kosmetik
Bagian Tab mohon diberi space agar lebih rapi. (SS),Kosmetik
1. Form Tambah Satker Terkait mohon dibuat rata kiri. (SS)<br><br>2. Alert pada halaman utama harap dibuat berada di belakang 'modal form tambah'. (SS2),Minor
"Button download folder sudah ada, namun fungsi untuk membuat folder belum ada. (SS)",Mayor
Audit Trail tidak muncul,Fatal
menu tidak bisa dibuka<br><br>,Fatal
Pada saat kirim data laporan KCLNBUKIM di client sudah lebih dari 15 menit tetapi progres bar pengirimannya tidak berjalan,Mayor
"1. Pada email, penamaan laporannya masih menggunakan kata ""BUK""<br><br>2. Email yang ditujukan ke apolo.sit012 (LJK) belum masuk",Minor
Fact: Tidak dapat memfilter tahun dengan digit &lt; 4<br>Expect: Dapat memfilter tahun hanya dengan digit &lt; 4,Mayor
Email pengawas dan LJK periode Januari 2026 tidak masuk lebih dari 30 menit dan monitoring tidak berubah,Mayor
Proses bisnis dari menu LHP tidak tergenerate ke Investigation Fraud Register. saat klik ubah juga tidak dapat ditambahkan<br>,Mayor
"Judul pelaporan berbeda dengan kanal pelaporan seharusnya ""Laporan Tahunan Terkait Publikasi Keuangan dan Informasi Kinerja Keuangan""",Minor
"1. nama kolom seharusnya tanggal pemberian sanksi, sesuai T11<br><br>2. Urutan kolom belum sesuai T11<br>",Kosmetik
"Pada form tambah permintaan dokumen :<br>1. tim LO dan Tim BPK belum ada tanda mandatory<br>2. pop up ketika tim BPK belum di isi masih belum sesuai, (kalimat list BPK diganti ke tim BPK )<br>",Mayor
"Nama pelaporan laporan KCLNBUKIM masih menggunakan kata ""BUK""",Kosmetik
Data Susunan Anggota Tim tidak dapat di-Hapus<br>,Mayor
"1. Terdapat validasi yang menampilkan minimal panjang dan ada yang tidak (kode 010301-010305)<br><br>2. Kolom 4 desimal namun muncul panjang minimal 1 (kode 010501)<br><br>3. Kolom 4 desimal namun muncul panjang minimal 1 (kode 010601)<br><br>4. Kolom 2 desimal namun muncul panjang minimal 1 (010201-010203)<br><br>5. Jika hanya header muncul pesan validasi Jumlah baris D01 paling sedikit 1<br><br>6. JIka kolom pada header diisi salah, muncul pesan header harus 1",Mayor
1. Kolom 1 diisi angka selain 1-5 belum muncul pesan validasi (010101-010102)<br><br>2. Muncul 2 pesan validasi jika kolom angka diisi tab,Mayor
"1. Validasi panjang maksimal kolom 4 muncul 2 kali, validasi panjang maksimal kolom 5 belum muncul<br><br>2. Validasi kolom 4 tidak muncul ketika diisi huruf<br><br>3. Validasi kolom 4 tidak muncul ketika diberi negatif<br><br>4. Validasi kolom 4 tidak muncul ketika diisi desimal<br><br>5. Muncul 2 pesan validasi jika kolom angka diisi tab",Mayor
Error saat melakukan Download,Mayor
1. Muncul 2 pesan validasi untuk kolom 4 ketika diisi tab<br><br>2. Kolom 4 muncul pesan validasi panjang maksimal 2 kali,Mayor
1. Muncul 2 pesan validasi jika kolom angka diisi tab,Mayor
1. Muncul pesan validasi 2 kali untuk kolom angka yang diisi tab,Mayor
"1. Kolom 2 dan 4 diisi 7 digit belum muncul pesan validasi (pada strukdat maksimal 6 digit)<br><br>2. Kolom 2 diisi tidak sesuai format belum muncul pesan<br><br>3. Kolom 4 muncul pesan validasi format sebanyak 2 kali jika diisi tab, ricek juga kolom 2 juga",Mayor
Kalo ada file excel harusnya tidak ter-define as pdf,Kosmetik
notifikasi untuk permintaan/permohonan dokumen belum bisa di klik untuk direct ke form/halaman yang dituju<br>,Mayor
"<b>Case</b>: Wording ""CD/ND/Dokumen Dasar Review Data LHKPN"" belum sesuai<br><b>Fact</b>: CD/ND/Dokumen Dasar Review Data LHKP<br><b>Expected</b>: CD/ND/Dokumen Dasar Review Data LHKPN",Kosmetik
"Button ""Hapus"" tidak berfungsi",Mayor
1. Harusnya kalo klik home bisa langsung auto direct ke home<br><br>2. Blm ada tab untuk modul terkait,Mayor
Form 0102<br>1. Penamaan Form 01.02 apakah sesuai template yaitu Form BUK9.0102 atau preview?<br><br>2. Tabel I. baris 1 dan 2 data tidak muncul seperti template<br><br>3. Tabel VI. isian data tidak muncul pada preview<br><br>4. Tabel II. III. &amp; IV. pengulangan tulisan judul tabel<br>,Mayor
"1. Jika kolom 1 dan 2 diisi 0 muncul pesan kesalahan saat validasi<br><br>2. Jika hanya header muncul pesan validasi Jumlah baris D01 paling sedikit 1 <br><br>3. Kode 010201 dibuat duplikat tidak muncul pesan<br><br>4. Kode 010301-010306 kolom 2 berformat angka namun tidak muncul pesan minimal panjang 1 seperti kolom angka yang lain (kolom angka dikosongkan)<br><br>5. Kode 010105 diubah dari 3T menjadi 2T muncul pesan kesalahan validasi<br><br>6. Kode 010106 diisi sama dengan 010104 (bukan 3T seperti 010105) muncul pesan kesalahan validasi<br><br>7.  JIka kolom pada header diisi salah, muncul pesan header harus 1",Mayor
"1. Kode 010103 belum muncul pesan jika diisi:<br>- huruf<br>- desimal <br>- negatif<br><br>2. Jika diisi tab muncul 2 pesan validasi, baris 4 muncul 1 pesan namun salah",Mayor
"1. Kode 010201 kolom 1, 3, 4 diisi panjang 1001 belum muncul pesan kesalahan panjang maksimal<br><br>2. Kolom 2 dan 6 diisi selain referensi belum muncul pesan<br>",Mayor
1. Jika diisi tab muncul pesan validasi 2 kali,Mayor
Opini Audit tidak bisa ditambahkan<br>,Mayor
Belum bisa melakukan upload dokumen<br>,Mayor
Interface harusnya muncul full,Kosmetik
Anggota tim sudah diubah tapi data belum berpindah<br>,Mayor
Form 0102<br>Pada tabel III. V. dan VI. hasilnya terpotong,Kosmetik
"1. Pada tabel II ""Total"" tidak BOLD<br><br>2. Kolom tidak abu-abu<br><br>3. Alignment tidak sesuai<br>",Kosmetik
Judul blm sesuai,Kosmetik
Judul blm sesuai,Kosmetik
"pada Riwayat Pemeriksaan dan Riwayat Sanksi, ketika klik tambah namun tidak input data apapun. tetapi bisa tersimpan hasilnya<br>",Mayor
Email LJK apolo.sit019 tidak masuk (sudah lebih dari 30 menit),Mayor
"Pop Up berhasil menyimpan berbeda dengan pop up yang lainnya saat mengembalikan data ke PIC dan Melakukan persetujuan oleh reviewer, mohon untuk diseragamkan<br>",Minor
"Jika melakukan aksi (Ubah, Hapus &amp; Lihat) dengan melakukan pencarian tahun terlebih dahulu untuk memilih datanya maka data akan error / tidak dapat ditampilkan, namun jika memilih data langsung tanpa memilih tahun terlebih dahulu makan data akan normal saja.<br>",Mayor
data yang telah diajukan kembali setelah reverse dan mengganti PJ. data tidak muncul di akun PJ yang baru<br>,Mayor
"1. Hasil download pdf logo OJK dan tulisan rutin/koreksinya tidak muncul, serta kolom terpotong<br><br>2. pada laporan koreksi, tabel II urutannya tidak sesuai seperti pada template",Mayor
"Saat berhasil menyetujui data, notif yang muncul menyimpan dan bukan menyetujui<br>",Minor
"(DPTBUSS) Redaksi log gagal pada hasil validasi server setelah dibuka muncul 2 pesan, seharusnya 1",Mayor
"Pada saat melakukan aksi hapus, popup up berhasil hapus sudah muncul namun data tidak terhapus / masih ada<br>",Mayor
anggota sudah diubah tetapi data belum berpindah<br>,Mayor
"Pada PPT laporan RAPBUSA hanya 1 file, tapi pada client menggunakan 2 file dan lolos validasi",Mayor
Interface harusnya muncul full,Minor
Email LJK apolo.sit015 dan pengawas tidak masuk (sudah lebih dari 30 menit),Mayor
RKLNBUSA skenario 17 email belum masuk sudah menunggu 1 jam,Mayor
tampilan angka di pdf kurang sama dengan yang ada di web (ss)<br>,Mayor
terdapat tombol setujui di role drafter dan reviewer (ss)<br>,Mayor
"RKLNBUSA saat menjalankan skenario 25 menggunakan periode 2025 hasil tidak sesuai, seharusnya Sukses tetapi Gagal dan hasil log eror menginformasikan bahwa ""Data dengan periode yang sama telah ada dan telah disubmit sebelumnya"" padahal data pada Monitoring Absensi belum ada Upload Rutin<br>",Mayor
tidak terdapat tombol refresh data (ss)<br>,Mayor
Judul blm sesuai,Kosmetik
tidak terdapat tombol batal (ss)<br>,Mayor
Penamaan Form 0100 pada client dan strukdat berbeda<br>,Kosmetik
tidak bisa export pdf/excel (ss)<br>,Mayor
"Tampilan Tab Formulir saat digunakan terlihat ada line merah, namun pada tab objek audit dan history revisi tersamar dengan warna tabel (merah) mohon agar disesuaikan<br>",Kosmetik
"LTKUBUSA redaksi email pengawas dan LJK penamaan Laporan tidak sesuai adanya pengulangan kata ""Bank""<br>",Minor
Harusnya muncul pesan error apabila penamaan file tidak sesuai format/tidak konsisten/tidak ditemukan,Minor
Laporan LPTHBUSA Form 0102 Koreksi data tidak ditemukan<br>,Mayor
tidak bisa export pdf/excel (ss)<br>,Mayor
Penamaan pada bagian atas preview file tidak sama dengan penamaan pada Pelaporan,Minor
"1. Muncul kolom 2 wajib diisi<br><br>2. 010201 kolom 5 dan 7 berupa tanggal sehingga minimal dan maksimal 8 digit<br><br>3. Baris 010105 harus bernilai 3 Trilyun. Saat diisi selainnya belum muncul pesan<br><br>4. Jika diisi nilai negatif pada 010104 dan 010105, muncul wajib 0 pada 010106. Mohon konfirmasi apakah karema harus positif?<br><br>5. Jika 010106 diisi sama dengan 010104 (bukan 3T seperti 010105) muncul pesan kesalahan validasi, namun angka yang tertulis bentuk desimal",Mayor
1. pop up sukses tidak muncul<br><br>2. notifikasi tidak masuk ke user BPK<br>,Mayor
"Judul pelaporan tidak sesuai, seharusnya ""Laporan Bank yang merupakan Bagian dari Kelompok Usaha""<br>",Minor
Penamaan kanal masih belum sesuai -R,Kosmetik
"1. tab pada aplikasi client belum muncul, pastikan label sesuai struktur data<br><br>2. Nama form 0100 belum sesuai struktur data",Kosmetik
Nama form untuk kata Tata Kelola dipisah sesuai struktur data,Kosmetik
Nama form 0100 belum sesuai struktur data,Kosmetik
"Tidak ada tab nama laporan pada client, pastikan label nama laporan sesuai struktur data",Kosmetik
Upload laporan LTKUBUSA via web lebih dari 30 menit,Mayor
terdapat kolom tabel setujui di role drafter dan reviewer (ss)<br>,Minor
data di web dan pdf/excel hasil download ada yang tidak sama  (ss)<br>,Mayor
1. Nama Referensi Kolom 2 (kode komponen) tatakelola seharusnya dipisah<br><br>2. Muncul kolom 2 wajib diisi pada baris 4 padahal kode komponen dibuat salah<br><br>3. Belum muncul pesan kesalahan terkait format untuk kolom 4 dan 5 (0103)<br><br>4. Kode 0106 Kolom 4 diisi 7 digit belum muncul pesan validasi (pada strukdat maksimal 6 digit)<br>,Mayor
1. Muncul kolom 2 wajib diisi,Minor
1. Kode 010601kolom 4 seharusnya panjang minimum 4 karena bilangan desimal,Mayor
1. Panjang minimum kolom 4 seharusnya 4 karena desimal,Mayor
kurang spasi pada judul pelaporan,Kosmetik
mohon sesuaikan label error apabila nama file tidak sesuai,Kosmetik
"pas login sebagai RO, tampil halaman error",Fatal
Menu tambah pengguna eksternal belum ada. (SS),Fatal
tidak bisa export excel (ss),Mayor
data di web dan pdf/excel hasil download ada yang tidak sama (ss),Mayor
tidak bisa export excel/pdf (ss),Mayor
Pengaturan memori blm muncul,Minor
Pengaturan memori blm muncul,Minor
Pengaturan memori blm muncul,Minor
Pengaturan memori blm muncul,Minor
Pengaturan memori blm muncul,Minor
Pengaturan memori blm muncul,Minor
Pengaturan memori blm muncul,Minor
Aplikasi Error saat klik simpan data komitmen,Fatal
Saat klik download template muncul halaman error,Mayor
Aplikasi error saat klik ikon thumbs up,Fatal
Aplikasi error saat klik tombol export laporan komimtmen,Fatal
"saat edit Penyesuaian, Keterangan menghilang<br>",Minor
Penamaan kanal masih belum sesuai,Kosmetik
"Aplikasi berhasil melakukan download laporan bulk menggunakan tombol request, tetapi ketika di klik ikon download muncul error 404",Fatal
Penamaan kanal masih belum sesuai,Kosmetik
Keterangan tidak termuat<br>,Mayor
keterangan tidak tampil<br>,Mayor
Data tidak tersimpan ke daftar komitmen tindak lanjut hasil pemeriksaan,Minor
Halaman gagal terbuka ketika klik Pinjaman yang Diterima,Mayor
Ketika Pilih format pada file Laporan yang akan diunduh baik excel maupun pdf muncul error,Mayor
"Laporan tidak berhasil di download, muncul error ketika di pilih pdf maupun excel",Mayor
"setelah klik tombol salin data periode sebelumnya, hasilnya seperti di gambar. jika klik buat baru juga error",Mayor
fungsi order by <b>Tgl Batas Akhir Tindak Lanjut</b> blm sesuai,Mayor
"1. alert <strong>Hasil Analisis, Identifikasi, Pendapat Dewan Komisaris </strong>belum ada nomor romawinya.<br><br>2. IV-VIII belum ada tanda mandatory (*)<br>",Kosmetik
isi kolom <strong>Perlu Penyesuaian?</strong> tidak tersalin saat lakukan Salin Analisis Sebelumya<br>,Mayor
"Saat klik ""Dokumen Pendukung"" hanya menampilkan halaman blank<br><br>",Mayor
error aplikasi saat klik export pdf/excel<br><br>,Fatal
"Terdapat tulisan untuk bank dan periode ini telah tersedia dan dapat diunduh melalui menu Laporan Rencana Bisnis Klik pada tombol di bawah ini untuk menuju menu, namun ketika di klik muncul error dan informasi status tidak muncul",Mayor
error aplikasi saat klik export pdf/excel<br><br>,Fatal
angka pada pdf kurang sama dengan web,Minor
"jika klik hapus draft setelah mengisi data dan buat KK baru, data yang sebelumnya tidak terhapus<br>",Mayor
"jika klik hapus draft setelah mengisi data dan buat KK baru, data yang sebelumnya tidak terhapus<br>",Mayor
"No CIF di hasil export kosong, dan urutan tidak sesuai<br><br><br>",Mayor
"Saat klik hapus draft setelah mengisi data dan buat KK baru, muncul laman eror, setelah itu memfilter periode yang lain juga error (harus refresh baru bisa) dan data yang sebelumnya tidak terhapus<br>",Mayor
disaat memilih jenis laporan selain komponen posisi lalu klik tombol request terjadi error<br><br>,Mayor
data di aplikasi dan hasil export belum <br>sama<br><br>,Mayor
Preview AWP Error<br>,Mayor
error aplikasi saat membuka menu<br><br>,Fatal
"Ketika parameter diubah sesuai jenis bank dan periode muncul error, namun jika parameter default tidak diubah hanya memilih periode dan bank melalui menu dibawahnya, fitur berfungsi dengan baik",Mayor
"Tambah multiple data komitmen, jika file bukan makro masih bisa diterima, belum ada notifikasi jika berhasil menambahkan",Mayor
Checklist Urutan dimulai dari minus dan tidak merubah apapun setelah disimpan,Minor
"disaat memilih jenis laporan selain komponen posisi, tidak ada tombol cari",Minor
"Pemilihan parameter terdapat di ubah parameter dan ditampilan proses manual BPER, double pemilihan periode",Minor
Seharusnya kolom 9 dan kolom 11 referensi mengacu ke sandi negara atau kode negara?,Minor
upload dokumern pendukung masih belum berfungsi<br>,Mayor
Hasil Export (Preview AWP) tidak sesuai<br>,Minor
download pdf dan excel belum berfungsi<br>,Mayor
Ketika peer group 1 nya dipilih selain fokus bisnis muncul error,Mayor
Mohon tambahkan placeholder utk format tanggal pada template excel. (SS),Minor
Tidak ada detail judul pada email yang masuk pada email LJK dan Pengawas,Minor
Pada grafik di gambar (ss) nomornya bertabrakan dan ada nomor yang ketutupan,Kosmetik
Penamaan header pada tabel hasil export berbeda dengan di web<br><br><br>,Kosmetik
button download pada section C. Dokumen Pendukung belum berfungsi<br>,Mayor
Laporan Realisasi Rasio-Rasio Dan Pos-Pos Tertentu Lainnya <strong>Data tidak ditemukan</strong>,Mayor
Laporan Realisasi Pengembangan Dan/Atau Perubahan Jaringan Kantor <strong>Data tidak ditemukan</strong>,Mayor
Realisasi  Rencana  Pengembangan  Kualitas  SDM  (Realisasi  Rencana Bisnis  Bank) <strong>Data tidak ditemukan</strong>,Mayor
Header pada Detail Temuan mohon disamakan antara template dengan aplikasi (SS),Minor
"Gagal melakukan upload, data yg diinput sudah diisi semua menyesuaikan aturan penginputan. (SS)",Mayor
"Data pada Form 0800 Laporan <em>Outstanding</em> Transaksi <em>Structured Products </em>baris ke-2 dan ke-3 tidak muncul sehingga hasil Download pdf dan excel tidak muncul data tsb, setelah di cek ternyata hasil generate template menjadi txt tidak sesuai sehingga data tidak muncul di web",Mayor
"Pada form 08000 data yang tampil pada kolom Kolom 4 - 11 hanya muncul kode referensi, sedangkan keterangan tidak muncul berbeda dengan strukdat",Minor
Form 09A00 :<br>1. pada preview judul form typo seharusnya Laporan Kegiatan Trust - Informasi Umum<br><br>2. Nama judul kolom 1 pada table 1 pada preview <b>Informasi</b> berbeda dengan template yaitu <b>Keterangan</b><br><br>3. Nama judul kolom 1 tabel 2 pada preview <b>Keterangan </b>berbeda dengan template yaitu <b>Nama Komponen</b>,Kosmetik
Sipena tidak bisa<br>,Mayor
1. Typo pada header kolom Aksi.<br>2. Catatan <b>Mandatory </b>tapi tidak ada tanda *<br>,Kosmetik
"Form 09B00 :<br>1. Tabel II. pada preview ada penambahan<b> .00</b> di kolom Nominal Nilai Valuta asal EUR, Nilai Valuta asal CNY, Nilai Valuta asal AUD berbeda dengan data input (txt) dan template<br><br>2. Penulisan Bold pada sub poin tabel 1 dan tabel 2 belum sesuai",Kosmetik
1. Keterangan Sandi Bank pada hasil download excel belum sejajar<br><br>2. isi Kesimpulan Tingkat Kesehatan Posisi Terkini belum ter-generate<br><br>3. rumus tahun belum ter-generate<br><br>4. isi Kesimpulan Analisis Rencana Bisnis belum ter-generate<br><br>5. isi Root Cause Penilaian Tingkat Kesehatan belum ter-generate<br><br>6. isi Kesimpulan Kondisi Bank belum ter-generate<br><br>7. belum ada garis pemisah antara kolom <br><br>8. nama kolom seharusnya tidak terpisah<br><br>9. nama kolom seharusnya tidak terpisah<br>,Mayor
waktu belum gunakan format 24 jam (bagian tgl dibuat &amp; diubah),Kosmetik
hasil export excel data nya kosong<br><br>,Mayor
Ketika di klik Cetak laporan baik excel maupun pdf error,Mayor
deadline tanggal pelaporan nya masih no data,Minor
Form 05000 :<br>1. Isian data tidak muncul<br><br>2. Nama kolom 1 preview berbeda dengan template dan strukdat,Mayor
Terdapat 2 karakter penutup kalimat pada pesan kesalahan jika periode bukan triwulanan.,Kosmetik
Error 404 (Udah 2022-2025)<br>,Mayor
Dokumen tambahan waktu di hapus muncul error,Minor
Masih no data semua,Mayor
error aplikasi saat klik export pdf/excel<br><br>,Mayor
1. Seharusnya muncul pesan error terkait panjang minimum pada kolom 9<br><br>2. Seharusnya muncul pesan error if kolom 6  diisi selain 2 atau 9 seharusnya kolom 13 null/kosong,Mayor
Melakukan Request periode 30-06-2027 file excel tetapi hasil file berhasil download Pdf,Mayor
Saat menjalankan skenario <em>Download</em> Data Absensi dalam file pdf dan excel data kosong,Mayor
"sesudah memilih file excel untuk di download, hasil yang ter download bukan file excel melainkan pdf",Mayor
ketika salah satu form tidak ada header muncul pesan error seperti pada gambar,Mayor
penulian menu seharusnya Data Pokok bukan Datapokok.,Kosmetik
1. Nama Kolom dan Nama referensi kolom 6 belum konsisten<br><br>2. Hanya header masih lolos,Mayor
Kolom Komitmen tidak bisa diisi<br>,Mayor
1. Muncul pesan wajib kosong untuk beberapa kolom (kolom 4-6 untuk tabel 2 dan kolom 4-12 untuk tabel 3)<br><br>2. Jika kode komponen single duplikasi (tabel 1 dan 2 dikopi mulai dari baris 15) belum muncul pesan wajib unik<br><br>3. Kolom 3 tabel 2 lebih dari 20 digit namun belum muncul pesan panjang maksimal<br><br>4. Urutan pesan kesalahan tidak urut jika tabel 2 diisi huruf<br><br>5. Validasi rumus baris 11 belum ada,Mayor
"1. Seharusnya muncul pesan error yg lengkap  seperti di strukdat untuk kolom 8,10,11<br><br>2. Kolom 13 seharusnya sandi valuta atau jenis valuta?",Kosmetik
"jika menu diminimize, menu dokumen output belum serasi dengan yang lain<br>",Kosmetik
hasil export tidak sesuai dengan web dan ada typo di web<br>,Minor
"Char String mohon tidak ditampilkan, sebaiknya langsung menampilkan isi value saja. (SS)",Minor
"Pada umumnya ketika ada kesalahan di lebih/kurang kolom, maka pesan error akan muncul sekaligus",Minor
1. Kolom 4 dan 5 format tanggal diubah jadi ddmmyyyy namun belum muncul pesan<br><br>2. Urutan pesan kesalahan tidak urut jika tabel 3 diisi panjang maksimal atau karakter tidak sesuai<br><br>3. Kolom 4 dan 5 belum muncul pesan terkait karakter yang diperbolehkan<br><br>4. Nama Referensi kolom 6 belum sesuai struktur data,Mayor
Masih dapat mengupload file lebih dari 50 MB. (SS),Mayor
"Ketika masuk ke sub menu yang terdapat pada menu analisa laporan rutin, halaman malah kebuka melalui modul tingkat kesehatan, bukan dari modul dokumen output",Mayor
"Penamaan file redundan, baiknya dihapus salah satu. (SS)",Kosmetik
1. Panjang maksimum kode komponen harusnya 10 atau 12?<br><br>2. Pesan error yg muncul pada kode komponen harusnya sesuai dengan row kode komponen row terkait saja,Mayor
typo pada kolom Aksi,Kosmetik
"Tombol upload tidak bisa di klik, Penjelasan Informasi Penilaian Tingkat Kesehatan 2 (Dua) Tahun Terakhir gagal di save",Mayor
"1. Panjang maksimal kolom 2 pada tabel 2 belum sesuai struktur data<br><br>2. Kolom 4 diisi panjang lebih dari 20 belum muncul pesan kesalahan<br><br>3. Kolom 8 muncul pesan panjang maksimal 10 (belum sesuai struktur data)<br><br>4. Pada kolom 4 muncul pesan wajib huruf dan angka (tidak sesuai struktur data) dan hanya pada kolom 6 muncul pesan minimum 2<br><br>5. Pesan kesalahan karakter kolom 3 belum sesuai struktur data<br><br>6. Jika kode komponen diduplikasi dan dikopi mulai baris paling bawah, belum muncul pesan wajib unik<br><br>7. Jika komponen multi tidak ada, belum muncul pesan wajib minimal 1<br><br>8. Pesan kesalahan jika hanya header belum memperhitungkan komponen multi wajib ada 1<br><br>9. Muncul pesan suatu komponen tidak ditemukan saat kolom dihapus 1 pada komponen tersebut",Mayor
"1. Kolom 4 diisi panjang lebih dari 20 belum muncul pesan kesalahan<br><br>2. Kolom 8 muncul pesan panjang maksimal 10 (belum sesuai struktur data)<br><br>3. Pada kolom 4 muncul pesan wajib huruf dan angka (tidak sesuai struktur data) dan hanya pada kolom 6 muncul pesan minimum 2<br><br>4. Jika kode komponen diduplikasi dan dikopi mulai baris paling bawah, belum muncul pesan wajib unik",Mayor
"1. Urutan kolom belum sesuai Tabel 2 dan Tabel 3 (make sure ke semua barisnya)<br><br>2. Panjang maksimum kolom 3 blm ada di row 8-11<br><br>3. Tabel 1. Seharusnya muncul pesan error jumlah kolom 12 untuk baris2 terkait<br><br>4. Tabel2. Seharusnya muncul pesan error jumlah kolom 12 untuk baris2 terkait<br><br>5. Tabel 3. Referensi yang digunakan seharusnya Jenis Kegiatan Trust<br><br>6. Tabel 3. Strukdat seharusnya referensi kode negara<br><br>7. Tabel 3. Seharusnya muncul pesan error terkait panjang maksimum kolom 6,7,8<br><br>8. Pada umumnya ketika ada kesalahan di lebih/kurang kolom, maka pesan error akan muncul sekaligus",Mayor
Error saat download pdf/excel,Mayor
hasil download preview belum lengkap,Mayor
"hasil export excel, data nya ada sedikit berbeda dengan di web<br><br>",Minor
tombol yang bagian bawah tidak dapat diklik di bagian tengah tombolnya (harus di-hover agak keatas),Minor
tidak dapat upload template,Mayor
"Pada ""Ajukan Checker"" terdapat pilihan role Drafter<br>Expected: Pada ""Ajukan Checker"" tidak terdapat role Drafter",Mayor
"Saat merevisi data, ""Dummy Drafter Penjaminan"" dapat di submit sebagai Checker dan Approver",Mayor
"Tampilan awal ""Ajukan Approver"" berbeda setelah di klik ""Ajukan Checker""",Kosmetik
"1. Strukdat perlu dibenahi yg benar max length kode komponen 6 atau 12?<br><br>2. Hanya header knp jumlah baris paling dikit hanya 51? sedangkan jumlah barisnya ada 55 (row yg beberapa kolom kosong sudah terhitung)<br><br>3. Pada umumnya ketika ada kesalahan di lebih/kurang kolom, maka pesan error akan muncul sekaligus<br><br>4. Tabel 1 kolom 4 based on strukdat harusnya hanya boleh huruf<br>",Mayor
sistem belum mengirimkan email alert,Mayor
"Saat pertama kali dibuka menunya, muncul informasi ""<b>Terdapat Input PKP di SIPEDANG yang perlu dipantau</b>"" namun saat pilih2 filter <b>kategori temuan</b> apapun, informasi ""Terdapat Input PKP di SIPEDANG yang perlu dipantau"" tidak muncul<br>(data BPR Gamon - Januari 2024)",Mayor
"Pada tambah data, harusnya label <b>risiko temuan</b> diubah menjadi <b>temuan </b>sesuai pada T11",Minor
NPWP pada File Export belum sesuai dengan Web,Kosmetik
Bulan pada Financial Highlight belum sesuai dengan Web,Mayor
Date Approved pada Pengesahan belum sesuai dengan Web,Mayor
"Validasi highlight color belum ada pada section Komentar. (SS)<br><br>Mohon adjust utk: Konven, Syariah dan UUS",Mayor
"Hasil export berbeda dengan aplikasi, <b>tidak berbentuk grafik</b> dan komponen data <b>tidak sesuai</b>. (SS)",Mayor
"Hasil export berbeda, <b>tidak berbentuk grafik</b> namun komponen data <b>sudah sesuai</b>. (SS)",Minor
Nama hasil generate file mohon diubah menjadi 'Pengurus' sesuai section data. (SS)<br><br>Mohon adjust ke seluruh sector,Minor
Pesan konfirmasi mohon disesuaikan dg action yang dipilih. (SS)<br><br>Mohon adjust ke seluruh sector,Minor
"klik tanda garis tiga di atas, menu yg lain hanya tampil icon namun pada menu dokumen output masih terdapat tulisan, jd kurang manis",Minor
Dropdown <b>level </b>mohon disesuaikan sama dengan aplikasi. (SS)<br><br>Mohon adjust ke seluruh sector,Minor
Saat add data gcg pada kolom penomoran muncul angka -2147483646,Minor
ada dua nama modul yg mirip Know Your BPR/BPRS dan Know Your BPR BPRS namun isinya beda-beda,Minor
Kesalahan penulisan pada file PDF<br><br>,Kosmetik
"1. Tabel 1, max length kolom 4 blm ada dan max length kolom 8 blm sesuai strukdat",Mayor
"sepertinya redundan, ada kanwil ada kantor wilayah, ada SKK ada Sentra Keuangan Khusus (Gamon - Okt 2023)",Minor
Jaringan kantor belum ada datanya <b>(Gamon - Des 2023)</b>,Mayor
1. Belum ada validasi nilai hasil perhitungan rumus pada kolom 14 (tabel 1 dan 2)<br><br>2. Pesan kesalahan baris 55 kata detail diubah 1. Liabilitas kepada settlor,Mayor
Jaringan kantor dan Layanan datanya tidak masuk sesuai aplikasi dapok (Gamon - Des 2023),Mayor
Pesan kesalahan jika periode pada nama file diisi bukan di akhir triwulan masih terdapat 2 tanda baca di akhir kalimat,Kosmetik
penamaan nya berbeda,Kosmetik
"Belum ada informasi  ""Tanggal  Jatuh Tempo Laporan"" di tabel Laporan Berkala",Mayor
Based on strukdat seharusnya tidak ada spasi,Minor
error saat upload manual<br><br>ketentuan jenis file yang digunakan guna melakukan upload manual tidak ada atau ada tempalate untuk upload manual? (SS),Mayor
Ketika klik edit muncul form upload tambahan,Mayor
"Belum ada label sebagai  berikut pada halaman menu tersebut: ""Proses Manual meliputi proses  update ulang data untuk Laporan Bulanan, AICII (khusus BPR), BPeR  Komponen Posisi, BPeR Komponen Tren, BPeR Rasio Posisi, dan BPeR  Rasio Tren. Proses ini tidak mencakup proses update data peer-group.â€ sesuai T11",Minor
penamaan file nya belum sesuai<br><br>,Mayor
"Belum ada item baru pada Dashboard BPR/BPRS berupa box<br>â€œPemantauan Kriteria Pengawasan Normal Mengalami Kesulitanâ€. Box<br>tersebut berisi Permodalan, Tingkat Kesehatan, dan Likuiditas",Mayor
1. kolom 3 baris 3 panjang maksimal belum sesuai struktur data,Mayor
"saat edit salah satu data, sesuai T11 ""Penyesuaian label ""risiko temuan"" menjadi ""temuan"" pada input komitmen tindak lanjut dan penambahan pilihan temuan (Tata Kelola, Permodalan, dan Rentabilitas)"" namun saat approval labelnya masih <b>Kategori Resiko</b> harusnya <b>Temuan</b>",Minor
"Pilihan Nama Laporan belum sesuai, mohon cek semua laporan",Kosmetik
1. Nama Kolom 11 belum ada karakter / sebelum kata Wadah<br><br>2. Kolom Dati II belum divalidasi ke Dati I nya<br><br>3. Pada struktur data rumus dengan nilai harus sama juga tercantum AL (kolom 34) namun belum ada validasinya,Mayor
tidak terdapat kelompok rasio baru FELE<br>,Mayor
"1. bulk download isi masih 1 file tidak mencakup semua file yang ada<br><br>2. penamaan file nya berbeda dengan di T11 BPeR_(KodeBank)_(Periode Data).zip""<br>",Mayor
"Saat menjalankan ETL Rutin, KL, KP Sukses dan Gagal, email pengawas dan LJK tidak masuk padahal sudah menggunakan Client terbaru, sedangkan monitoring berhasil masuk.",Mayor
1. Sesuaikan semua keterangan ini dengan form ATMR<br>2. ATMR harusnya sd no 29 namun di web hanya sd no 13<br><br>(Gamon - Jun 2025),Mayor
1. ada beberapa bagian yang tidak ada pada lampiran namun  ada di web nya pastikan juga termasuk tab menjorok per masing2 baris<br>2. Rasio Modal Inti/ATMR blm ada<br><br>(Gamon - Jun 2025),Mayor
"Cek Periode sudah, tapi error pada client masih 'Form absensi untuk periode 2025-12-31' tidak tersedia atau format penamaan file tidak sesuai ketentuan",Mayor
nama referensi kolom 6 blm sesuai strukdat,Kosmetik
"Skenario sukses berhasil maka tidak masuk email pengawas, akan tetapi saat ini masuk",Fatal
1. Belum ada pesan kesalahan terkait nilai harus sama dengan penjumlahan detil untuk kolom 24<br><br>2. Kolom 9 lebih dari 8 digit belum muncul pesan kesalahan<br><br>3. Kolom Dati II belum divalidasi ke Dati I nya,Mayor
"1. Pada body email, data per masih blm menunjukan periode terkini<br>2. header tabel dibuat center<br>3. angka yang tampil apakah persentase?soalnya kok kecil banget kl dalam rupiah penuh<br>4. pada B. Likuiditas, nominal mohon dibuat separator, header tabel dibuat center, pada komponen hilangkan simbol <b>.</b><br>5. Terdapat tulisan yang betumpuk (SS3)<br><b><br>C. Tingkat Kesehatan:<br></b> 6. harusnya tidak ada <b>dalam Rupiah</b><br><b>7. isi tabel tidak ada 2 digit di belakang koma<br></b>8. Header table dibuat center<br><br><b>Risiko Inheren Pilar Kualitas Aset</b><br>9. kasih spasi antara tabel C<br>10. Header tabel dibuat center<br>11. pada peringkat parameter, isi tabel hapus 2 digit belakang koma",Minor
"skenario sukses rutin, tetap masuk ke Email Pengawas",Fatal
"Kurang kolom Isu Laporan dan kolom Tindak lanjut setelah kolom kesimpulan sebelum kolom pendukung, pada tabel Tindak Lanjut atas Laporan yang disampaikan oleh BPR/BPRS dan Laporan Insidental, sesuai lampiran",Mayor
"di Rasio posisi dan rasio trend, jika menggunakan pilar likuiditas, pemodalan, dan rentabilitas FELE nya belum tersedia",Minor
Redaksi email tidak sesuai dengan judul pelaporan yang dikirim,Mayor
"Tambah multiple data, upload file yang tanggal batas akhir diisi tidak sesuai format, blm ada konfirmasi kl data gagal diupload",Mayor
Pop Up Notif belum sesuai,Mayor
Pop Up Notif belum sesuai,Mayor
ada dua nama modul yg mirip Know Your BPR/BPRS dan Know Your BPR BPRS namun isinya beda-beda,Minor
Tidak berhasil mengunduh melalui icon unduh,Mayor
"1. Header masih belum sesuai template, tolong sesuaikan dengan template<br><br>2. Isi tabel dibuat rata kanan<br><br>3. RC6 BPRS, typo di produktifn harusnya <b>produktif</b><br><br>4. RC tulisannya kurang rata yg bawah2",Minor
"1. Harusnya vs yg paling kanan, lebih kini dibanding yg kiri sesuai lampiran usreq<br><br>2. Pada combo<strong> jenis data</strong><br>Laporan Keuangan harusnya <strong>Laporan Posisi Keuangan</strong><br>Rekening Administratif harusnya L<b>aporan Rekening Administratif</b><br><br>3. Laporan laba Rugi, Kecurangan internal harusnya menjorok sejajar dengan b (BPR)<br><br>4. i. Laba dan ii.  Rugi -/- harusnya sejajar Laba dan Rugi di baris selanjutnya (BPRS)<br><br>5. Laporan Laba Rugi &gt; Musyarakah pada Pembiayaan Bagi Hasil harusnya sejajar dgn baris atasnya (BPRS)",Mayor
Header tabel setelah Baki Debet Netto harusnya <b>CKPN </b>bukan PPAP,Kosmetik
"1. Berhubung kode komponen single, seharusnya tetep muncul pesan error terkait max length dan tipe karakternya. Krn skr pesan error yang muncul hanya kode komponen tidak ditemukan<br>",Mayor
Nominal belum ada separator ribuan,Kosmetik
"1. Jumlah belum ada separator ribuan<br><br>2. Pada export,<b> sandi kantor dan Nominal yang diblokir</b> belum ada datanya padahal di aplikasi ada",Mayor
Jumlah dan nominal mohon berikan separator ribuan,Kosmetik
"Nilai kontrak, Biaya Administrasi yang Belum Diamortisasi, Outstanding, Nominal Tunggakan, Imbalan yang Akan Diterima, Nilai Agunan, Nilai yang Dapat Diperhtungkan belum ada separator ribuan",Minor
"Nominal, Biaya Administrasi belum Diamortisasi, Jumlah , dan Kelonggaran Tarik, mohon berikan separator ribuan",Kosmetik
"Plafon, Baki Debet, Pokok, Margin, mohon berikan separator ribuan",Kosmetik
ada beberapa data yang belum sesuai dengan yang ada pada lampiran,Kosmetik
"1.Tabel permodalan, informasi pendukung, likuiditas menggunakan format rupiah <br><br>2. format grafik disesuaikan dengan yang ada dilampiran<br><br>3. data dan grafik pada laporan belum sesuai dengan yang tampil di menu Pemantauan Kriteria Kondisi Pengawasan Normal Yang Mengalami Kesulitan<br><br>4. pada pdf terdapat bulan sementara di aplikasi bukan bulan, sebaiknya di aplikasi juga dalam bentuk bulan (Gamon - Jun 2024)<br><br>5. Grafik kondisi permodalan kenapa datanya yg tampil des 2023 (harusnya Jan sd Jun 2024)<br><br>6. Penulisan Kredit yang akan turun berpotensi menjadi macet dalam 6 bulan ke depan apabila tidak ada pembayaran, <b>tidak menggunakan kata berpotensi </b>",Mayor
"Upload gagal, Periode absensi web sudah disesuaikan. (SS)",Fatal
"Penulisan nya dibagian 6, 7, 8 periode bukan penilaian pengawas, sesuai template lampiran",Minor
1. Pesan kesalahan validasi antar form untuk kolom 10 muncul 2 kali<br><br>2. Pesan kesalahan validasi rumus kolom 9 kurang tanda /,Mayor
1. Pesan kesalahan validasi antar form untuk kolom 10 belum sesuai,Mayor
belum ada kolom tanggal jatuh tempo di laporan insidental,Mayor
Terdapat typo kurang spasi BPeRKomponen Posisi,Kosmetik
"email pemberitahuan belum masuk, sudah lebih dari 30 menit",Mayor
"Email pemberitahuan belum masuk, sudah lebih dari 30 menit",Mayor
"Email hasil pengiriman belum masuk, status di web tidak berubah (SS)",Fatal
Pesan error tidak sesuai (SS),Minor
"1. harusnya saat <strong>BPRS</strong>, <strong>FELE </strong>pada  Kredit kualitas rendah terhadap total kredit yang diberikan menjadi<b> Pembiayaan kualitas rendah terhadap total pembiayaan</b><br><br>2. Ref nya salah harusnya <b>U </b>bukan P (berlaku untuk BPR maupun BPRS)",Minor
1. Nama kolom kebalik2 sehingga blm sesuai dengan strukdat<br>,Kosmetik
1. Nama Kolom 11 kurang /<br>2. Panjang maksimal kolom Segmen Peserta masih 10,Mayor
LABPTKJKK | Error Code : ETLRBA06 | Laporan Penyesuaian () | File Laporan yang dikirim tidak sesuai (proses ekstraksi gagal).<br><br>sudah 2 kali kirim gagal nya itu terus,Mayor
"1. Based on strukdat seharusnya Kesalahan di Kolom 10 'Total Peserta' , nilai Total Jenis Klaim harus = Total Jenis Manfaat, pada form RPMF<br><br>2. Based on strukdat kolom X pada RPMF seharusnya NIlai <br><br>3. Based on strukdat kolom Z pada RPMF seharusnya Nilai<br><br>4. Based on strukdat kolom AB pada RPMF seharusnya Nilai<br><br>5. Based on strukdat kolom AD pada RPMF seharusnya Nilai",Kosmetik
"1. Karakter yang diperbolehkan untuk kolom 3 baris 4 belum sesuai struktur data<br><br>2, Jika kolom 3 diisi tab, muncul 2 pesan pada baris 4 dan tidak muncul pesan validasi karakter di baris 7<br><br>3. Jenis Program JK terdapat pada sheet referensi namun tidak lolos",Mayor
Penulisan berbeda,Kosmetik
"Tanpa isi periode dan Nama perusahaan, pilih submit, lalu ajukan, validasi yang muncul, ""Input versi wajib diisi"", padahal versi tidak termasuk sebagai inputan",Mayor
"Pada Export PDF dan Export Excel, Status laporannya <strong>berhasil</strong>, padahal di aplikasi<strong> on progress</strong>",Mayor
penamaan kepanjangan INF yg sesuai apakah Informasi Pendukung Lain atau Informasi Penting Lain karena ada perbedaan di strukdat dan di clien,Minor
Typo pada penulisan pembiayaan,Kosmetik
Kesalahan penulisan,Kosmetik
"pada 4.2 (A,B,C) mohon penulisan <b>agak menjorok </b>untuk childnya",Minor
tulisan total nya mohon alignment center,Kosmetik
"untuk setiap nomor 4 sampai 7.2, di excel semua bagian analisis nya untuk pertumbuhan kinerja, pencapaian dan proyeksi pertumbuhan seharusnya memakai persentase bukan rupiah",Minor
Error,Mayor
Hasil pdf tidak sama dengan yang ada di web,Mayor
Error di kesimpulan,Mayor
Tidak bisa tambah data dengan data yang sudah di approved,Mayor
"Nama dan Jumlah Pos-Pos beserta keterangan (A,B,C) belum sesuai dengan format lampiran",Minor
1. Pesan kesalahan rumus baris LPE0700000000 belum sesuai. Mohon dicek kembali semua rumus  LPE0700000000 dan LPE1300000000,Minor
Notifikasi jumlah Versi upload tidak sesuai Skenario 11 &amp; 18,Mayor
Gagal export pdf,Mayor
"Penjumlahan antara kolom 29=32 perlu disamakan, ketika sudah sama dan kolom 32 disesuaikan dengan minta hasilnya adalah penjumlahan detilnya<br>",Mayor
1. Panjang maksimal baris desimal diisi 7 belum muncul pesan validasi,Mayor
1. Pesan validasi rumus baris 6 belum sesuai<br>,Mayor
1. Kolom 10 diisi lebih dari 5 belum muncul pesan kesalahan panjang maksimal<br><br>2. Belum ada validasi rumus ke LPK,Mayor
1. Belum ada validasi rumus ke LPK,Mayor
1. Belum ada validasi rumus ke LPK,Mayor
"1. Belum ada pesan kesalahan minimal 8 untuk tanggal jika diisi kurang dari 8<br><br>2, Beberapa kolom mandatory jika dikosongkan belum muncul wajib diisi<br><br>3, Jenis SB ada di referensi namun muncul pesan tidak terdaftar<br><br>4. Validasi kolom 18-19 pada struktur data hanya reksadana dan saham namun pada pesan muncul kode 2018<br><br>5. Validasi kolom 18-19 jika jenis SB 2017 dan kolom 18-19 diisi belum muncul pesan wajib kosong",Mayor
bagian a dan b format kolom di aplikasi dengan di lampiran berbeda. bagian E analisis di aplikasi formatnya berbeda dengan di lampiran,Minor
Kolom Tujuan kegiatan masih belum sesuai format pada lampiran,Minor
"Bagian E analisis kurang kolom pertumbuhan kinerja, pencapaian, dan proyeksi pertumbuhan",Minor
Bagian 7.1 di E. Analisis isi nya berbeda dengan yang ada pada web<br><br>,Minor
"1. baris 31 dan 34 memiliki rumus yang sama, namun ketika nilai salah yang muncul hanya pesan untuk baris 34",Mayor
RKPST Hasil Pdf tabel terpotong mulai dari halaman 2,Minor
1. kolom 15 belum menampilkan validasi karakter yang diperbolehkan yang sesuai struktur data,Mayor
"1. Nama kolom 10, 11, 12 tidak sesuai struktur data",Minor
Tidak terdapat di aplikasi<br><br>,Minor
Ketika di klik proses tidak muncul profil perusahaan nya,Mayor
RPIU Hasil Pdf tabel Baris Total tidak sesuai (Tabel tidak sejajar),Minor
RPMF Hasil download pdf tabel terpotong,Minor
RKPIU pada hasil download pdf kolom Jasa Konstruksi &gt; Peserta terpotong,Minor
Pada web nama Tabel Pelaporan INF yaitu Informasi Pendukung Lain seperti pada sheet Daftar Isi strukdat<br>,Minor
Menu Customized Report  tidak ada di ALB renbis dan realisasi renbis,Mayor
Periode absensi utk BPJSTK0001 dan BPJSTK0002 pada tahun pelaporan 2025 dan 2026 tidak ada. (SS),Fatal
RPMF Koreksi (Perubahan LJK) perbedaan nama kolom Jenis Klaim (pada strukdat) dengan Jenis Manfaat (pada preview),Kosmetik
1. Baris 2 pesan error antar form blm muncul <br><br>2. Kolom 3 baris 2 s.d. 11 blm muncul pesan error antar form,Mayor
1. Pesan kesalahan validasi rumus baris 5 belum sesuai<br>,Mayor
"Belum terdapat di aplikasi, namun terdapat pada T11<br><br>",Minor
belum terdapat pada aplikasi namun terdapat pada t11,Minor
"RPFM pada Preview periode Rutin, Koreksi Bank dan Koreksi Pengawas pada baris total tabel bergeser dan berbeda dengan strukdat",Mayor
1. Baris 16 muncul pesan error karakter ganti baris harus CR LF,Mayor
1. Pesan kesalahan validasi rumus baris 4 belum sesuai struktur data<br><br>2. Pesan kesalahan validasi rumus baris 23 belum sesuai struktur data<br><br>Mohon cek keseluruhan pesan kesalahan validasi rumus,Mayor
belum terdapat pada aplikasi namun terdapat pada t11,Mayor
Error,Mayor
RKPST hasil download pdf baris Total tabel tidak sejajar,Kosmetik
RPMF hasil download pdf tabel lebih dari tabel yang seharusnya,Kosmetik
"1. Nama kolom 9 belum sesuai struktur data, cek nama referensi juga sesuaikan dengan struktur data",Kosmetik
"Seharusnya langsung aja ""Penerimaan Aktivitas Pendanaan"" ga perlu koma. Adjust ke row 25 juga",Kosmetik
RDJHT pada Preview baris Total tidak sesuai dengan strukdat,Minor
Error ketika ingin di export pdf/excel,Mayor
Pada form RKPMF Kolom <strong>Jasa Kontruksi &gt; Sub Proyek &amp; Sub Peserta</strong> tidak muncul pada Preview,Mayor
1. Nama Referensi Kolom 16 belum sesuai struktur data,Kosmetik
Error saat export odf dan excel<br><br>,Mayor
1. Nama Kolom 3 belum sesuai struktur data,Kosmetik
"1. Pesan validasi rumus yang muncul pada baris 10, 18, 19 belum lengkap",Mayor
1. Terdapat typo pada pesan kesalahan validasi rumus pada form baris 23,Kosmetik
"Typo di Penerima Upah - Upaj RKPIU &amp; RKPMF, Rutin, KL, KP<br>",Kosmetik
Pada form RDJP Fixed Total row,Minor
Pada form RDJP (Rutin)  kolom kode kantor wilayah dst tidak muncul pada Preview,Mayor
Pada form RPMF nama kolom tidak sesuai dengan strukdat,Minor
Pada form RKPMF-KL Datanya tidak muncul di web Preview,Mayor
"1. Seharusnya tidak perlu pake koma, langsung aja ""Saldo Awal Aset Neto Tanpa Pembatasan dari Pemberi Sumberdaya dst<br><br>2. Penamaan baris 8 untuk penjumlahannya blm sesuai. tolong recheck lbh teliti<br><br>3. Harusnya cukup jumlah aja, krn ini penjumlahan dengan 2 sub tabel yang beda<br><br>4. Make sure penamaan saat ditotal harus sesuai dengan kolomnya<br><br>5. Baris 18 rumus blm sesuai",Mayor
1. Nama Referensi Kolom 10 belum sesuai. Mohon cek semua form sejenis di program lain,Kosmetik
Perbedaan penamaan (typo)<br><br>,Kosmetik
pada kegiatan usaha belum ada informasi % sesuai dengan template mockup,Minor
"Pada Kepatuhan, belum ada field Kelengkapan Form Penyampaian",Mayor
belum ada total Penyaluran Pembiayaan Syariah Konsumen Inti,Mayor
1. Belum ada Total Penyaluran Syariah Konsumen Inti<br>2. Harusnya Nama Pihak bukan Nama Konsumen<br>3. belum ada equitas dan % Penyaluran Pembiayaan Pihak Terkait terhadap Ekuitas,Mayor
"Komponen belum sesuai dengan template, belum ada no urut",Mayor
Komponen <b>Pendanaan Dalam Negeri</b> harusnya sejajar penulisannya dengan Pendanaan Luar Negeri,Kosmetik
"Pada Uraian telah ada tanda %, sebaiknya isi tabel tanpa % lagi atau <b>uraiannya tanpa (%)</b>",Minor
"Pada SIJINGGA, Direkturnya double",Mayor
Belum ada:<br>1. Perusahaan Menyampaiakn rencana bisnis secara xxx<br>2. Perusahaan menyampaikan rencana bisnis dengan format xxx ketentuan,Mayor
"Terdapat judul <strong>Rencana Penyaluran Pembiayaan Syariah Baru Berdasarkan Sektor Ekonomi </strong>ï»¿yang double, seharusnya di tabel langsung Sektor Ekonomi Lapangan Usaha",Minor
Format kolom belum sesuai template,Minor
"Penamaan <strong>Komisaris Utama</strong> seharusnya <strong>Komisaris Independen</strong>, sesuai template",Kosmetik
Belum ada <strong>3. Kelengkapan Form Penyampaian </strong>,Minor
Error ketika ingin di export pdf/excel,Mayor
kolom  Di Luar Indonesia seharusnya tidak menjorok,Minor
Pada form RDJP (KL)  kolom kode kantor wilayah dst tidak muncul pada Preview,Mayor
"Data RKPMF tidak muncul pada web Rutin, Koreksi LJK, Koreksi Pengawas",Mayor
Kesalahan Penulisan (typo). Seharusnya realisasi bukan realiasi,Kosmetik
1. Pesan error rumus yang muncul untuk kolom berapa?,Mayor
"Kesalahan penulisan (typo), seharusnya Pengelolaan bukan pengelolan",Kosmetik
Pada form RDJP (KP) kolom kode kantor wilayah dst tidak muncul pada Preview,Mayor
Judul hasil generate report tidak sesuai dengan penamaan pada tabel pelaporan dan strukdat<br>,Mayor
"Form LPAN pada kode komponen LPAN0402000000 penulisan judul baris ""Surplus (defisit) tahun berjalan"" Bold berbeda dengan di strukdat sehingga nilainya kosong",Minor
"Typo di Penerima Upah - Upaj RKPIU &amp; RKPMF, Rutin, KL, KP",Kosmetik
Penulisan Kapital semua pada tabel pelaporan SP,Kosmetik
"Pada form LAK &amp; LPKOMP penulisan nilai minus yang berbeda, mana yang sesuai, apakah menggunakan tanda minus - atau tanda kurung ()",Kosmetik
"Pada form RASL penulisan judul kolom inkonsistensi antara preview dengan strukdat :<br>1. Preview : URAIAN / Strukdat : Uraian<br>2. Preview : Jatuh Tempo &lt; 1 Tahun / Strukdat : Jatuh Tempo &lt; 1thn<br>3. Preview : Non Rp / Strukdat : NonRp<br>4. Pada kolom uraian, kode komponan RASL0304010000, RASL0304020000, RASL0304030000 tampilan pada preview kurang berjarak berbeda dengan strukdat",Kosmetik
urutan legend yang tampil pada chart tidak sesuai,Minor
"1. Form INVSB Kolom 29 penulisan kata ""hirarki"" seharusnya ""hierarki"" tidak sesuai KBBI (terjadi juga pada form PROP, gambar no.3) <br>2. Form INVSB judul kolom pada preview terpotong, pada strukdat yaitu <b>Jenis Surat Berharga dan Pernyataan Langsung</b>",Kosmetik
"Form SBN, nilai pada kolom saldo SAK tidak muncul",Minor
Form PIUT penulisan judul kolom 3 tidak sesuai pada strukdat yaitu <strong>Nama Peserta / Jumlah Peserta</strong>,Kosmetik
"Pada grafik ketika pilih - <b>checked oleh checker<br></b>-  <b>Revisi Oleh Checker<br>- Pengajuan ke Approver<br>- Revisi oleh Approver</b><br>tidak muncul di grafik, padahl slainnya walopun 0% ttp ada tersorot ketika dipilih legendnya",Mayor
"Pada grafik ketika pilih <br>- <b>Revisi ke drafter<br></b>-  <b>Revisi ke Checker</b><br>tidak muncul di grafik, padahl slainnya walopun 0% ttp ada tersorot ketika dipilih legendnya",Mayor
Kesalahan Penulisan (typo). Seharusnya realisasi bukan realiasi<br>,Kosmetik
"Pada grafik ketika pilih <br>- <b>OnProgress<br></b>- <b>Planning</b><br>tidak muncul di grafik, padahl slainnya walopun 0% ttp ada tersorot ketika dipilih legendnya",Mayor
Data INVDEP dan INVSB yang ditampilkan hanya kode tanpa ada keterangan seperti di strukdat,Minor
Pada form RPMF Fixed Total row,Minor
Penamaan tabel pada web preview dan strukdat berbeda,Kosmetik
pada Form RPIU data pada kolom Pemerintah dan Total Tertukar,Mayor
Web Preview Saldo SAK pada kolom Reksadana Pernyataan Terbatas tidak sesuai,Mayor
1. Crosschecked rumus antar form blm sesuai strukdat<br><br>2. Rules nilai harus &gt;0 blm ada di strukdat. Tolong crosschecked yg benar yg mana,Mayor
"Pada form RKPIU, RKPMF typo Upah&gt;Upaj",Kosmetik
pada form RKPIU row terakhir berbeda dgn sumber data,Kosmetik
Judul hasil generate report tidak sesuai dengan penamaan pada tabel pelaporan dan strukdat,Kosmetik
"RKPST, RPIU, RPMF Hasil Pdf tabel Baris Total tidak sesuai (Tabel tidak sejajar)",Kosmetik
Penulisan judul hasil generate report tidak sesuai,Kosmetik
Format penulisan tidak sesuai strukdat (SS No.4),Kosmetik
"Pada Form LPAN :<br>1. Tulisan tidak menjorok seperti struktur data<br>2. Penulisan ""Kontribusi dari BPJS Ketenagakerjaan"" seharusnya tidak di bold<br>3. Data jumlah pada Kontribusi dari BPJS Ketenagakerjaan tidak muncul",Minor
"pada form, RKPST, RPIU, RPMF,, fiks row table",Kosmetik
Pada Form RKPST kolom Total merge cell tidak sesuai strukdat,Minor
RKPST Hasil Pdf tabel Baris Total tidak sesuai (Tabel tidak sejajar),Minor
Pada Form RKPST hasil download pdf tabel tidak sejajar,Kosmetik
Pada Form RPIU hasil download pdf tabel tidak sejajar,Kosmetik
"Ketika di klik lihat selengkapnya, halaman kembali ke  laman login",Mayor
"Tulisan tidak menjorok seperti struktur data (LPK, LAK, RASL)",Minor
Penulisan judul hasil generate report belum sesuai,Kosmetik
"Penulisan nya SI IKNB, kurang P",Kosmetik
Ketika di klik tidak bisa mengakses link yang seharusnya dituju,Minor
Tiap baris rasio perlu ada detil nama rasionya atau tidak?<br>,Kosmetik
"Penulisan ""b. Pendapatan Iuran s.d bulan laporan"" tidak sesuai dengan strukdat",Kosmetik
Judul hasil generate report tidak sesuai dengan penamaan pada tabel pelaporan dan strukdat,Kosmetik
"Pada form RPIU Rutin, tabel tidak sejajar",Kosmetik
"Pada Form SBN,  data Saldo SAK pada REKSADANA PENYERTAAN TERBATAS tidak tampil",Mayor
"Form INVSB judul kolom pada preview terpotong, pada strukdat yaitu <b style=""font-size: 11.36px;"">Jenis Surat Berharga dan Pernyataan Langsung</b>",Minor
"Notifikasi email belum muncul, namun status pelaporan sudah masuk di web <br><br>(Pengiriman via WEB). (SS)",Mayor
"1. Seharusnya cuma nama header tiap subnya aja yg muncul, ga harus sampe header paling atas juga muncul<br>",Kosmetik
"Form SBN, nilai pada kolom saldo SAK tidak muncul",Minor
"Pada Form INVDEP, Baris Total tidak sesuai (Tabel tidak sejajar)",Minor
"Form INVSB &amp; PROP kata ""hirarki"" seharusnya ""hierarki"" tidak sesuai KBBI <br>",Kosmetik
Semua data pada Tabel Pelaporan tidak ditemukan di Koreksi Pengawas,Mayor
Tulisan tidak menjorok seperti struktur data,Minor
Download aplikasi Eror,Mayor
"Hasil Eksport PDF tidak sesuai, terdapat tambahan halaman kosong (Rutin, KL, dan KP)",Minor
1. Pesan kesalahan validasi rumus baris 53 belum sesuai<br><br>2. Baris 48-53 pada struktur data boleh negatif namun pada pesan kesalahan tidak boleh negatif,Mayor
"dibuat center sesuai template pada masing-masing pengkinian KYFI, Penilaian Tingkat Kesehatan PPDP, Rencana Pengawasan PPDP, Realisasi Pemeriksaan Langsung PPDP, Tindak Lanjut Rekomendasi Pemeriksaan Langsung PPDP",Kosmetik
Jika status Submitted masuk ke kategori apa pada grafik?,Mayor
"Typo pada kode komponen RASL0304010000, RASL0304020000 penulisan Kehilangan",Kosmetik
Kolom LPAN0600000000 Kontribusi dari BPJS Ketenagakerjaan nilai Jumlah tidak muncul,Minor
Kolom nilai rasio persen tidak muncul dan angka tidak sesuai sumber data,Kosmetik
"Pada form RASL penulisan judul kolom inkonsistensi antara preview dengan strukdat :<br>1. Preview : URAIAN / Strukdat : Uraian &amp; Preview : Jatuh Tempo &lt; 1 Tahun / Strukdat : Jatuh Tempo &lt; 1thn<br>2. Pada kolom uraian, kode komponan RASL0302010000, RASL0302020000, RASL0302030000 tampilan pada preview kurang berjarak berbeda dengan strukdat",Kosmetik
"1. Form INVSB Kolom 29 penulisan kata ""hirarki"" seharusnya ""hierarki"" tidak sesuai KBBI (terjadi juga pada form PROP, gambar no.3)<br>2. Form INVSB judul kolom pada preview terpotong, pada strukdat yaitu <b>Jenis Surat Berharga dan Pernyataan Langsung</b><br>",Kosmetik
"Form SBN, nilai pada kolom saldo SAK tidak muncul",Kosmetik
RPIU Hasil Pdf tabel Baris Total tidak sesuai (Tabel tidak sejajar),Minor
"Tabel tidak sejajar pada PDF (Rutin,KP,KL)",Minor
"RKPST dan RPIU Hasil Pdf tabel Baris Total tidak sesuai (Tabel tidak sejajar) (Rutin, KL, dan KP)",Minor
"dibuat <b>center atau dihapus sesuai mockup </b>pada tabel sesuai template pada masing-masing pengkinian KYFI, Penilaian Tingkat Kesehatan PPDP, Rencana Pengawasan PPDP, Realisasi Pemeriksaan Langsung PPDP, Tindak Lanjut Rekomendasi Pemeriksaan Langsung PPDP",Minor
LAK Data pada preview dan sumber data berbeda (Rutin)<br>,Mayor
"Pada Form INVDEP, Baris Total tidak sesuai (Tabel tidak sejajar)",Minor
Penulisan BCC kurang C di kolom fungsi list penerima email,Kosmetik
Pada form RASL penulisan judul kolom inkonsistensi antara preview dengan strukdat :<br>1. Preview : URAIAN / Strukdat : Uraian &amp; Preview : Jatuh Tempo &lt; 1 Tahun / Strukdat : Jatuh Tempo &lt; 1thn<br>,Kosmetik
Format penulisan dan bold tulisan,Kosmetik
kalimat tidak sesuai,Kosmetik
Judul Preview tidak sesuai daftar isi,Kosmetik
muncul error dan tidak bisa lanjut,Fatal
Error ketika di klik tampilkan (Data emiten No. 8)<br>Nama emiten : Adaro Andalan Indonesia<br>Nama penjamin emisi efek : PT CIMB Niaga Sekuritas,Mayor
belum ada status pengawasan<br><br>,Mayor
Kertas Kerja Rekap PEE tidak muncul datanya waktu diklik Preview Data,Mayor
tabel tidak sejajar,Kosmetik
nama tabel berbeda,Kosmetik
Kurang penamaan tabel,Kosmetik
Penulisan tabel berbeda,Kosmetik
format penulisan tidak sesuai struktur data,Kosmetik
Belum ada log persetujuan dan kolom status pada log email,Mayor
"Perlu diakomodir untuk data2 yang bisa digenerate, supaya seluruh proses bisa di running",Mayor
"Parameter Progress untuk -% (null) mohon disamakan menjadi ""0%"" untuk konsistensi. <br><br>(SS)",Minor
Menu side bar nya tidak ada setelah klik menu Laporan Piutang SLIK,Mayor
"Redaksi limitasi file belum ada, mohon ditambahkan<br><br>(SS).",Minor
"Ketika dipencet tombol dashboard ini tiba"" langsung logout dan kembali ke halaman login",Mayor
"1. Fokus Pemeriksaan -&gt; Redaksi limitasi upload file belum ada, mohon ditambahkan (SS)<br><br>2. Mohon tambahkan juga di ""Temuan dan Rekomendasi"" (SS2)",Minor
"1. Nilai total penjaminan dibuat rata kanan supaya lebih rapi dibaca sebagai nominal<br><br>2. Tanggal Efektif, Masa penawaran umum, Tanggal penjatahan, Tanggal Distribusi Efek, Tanggal dibuat dibuat rata tengah supaya lebih rapi",Minor
"1. Typo isused, issued kah maksudnya?<br><br>2. ProsessLaporan dibuat Proses Laporan<br><br>3. Header Tabel sebaiknya dibuat seragam, apakah menggunakan kapital semua atau capitalize each word<br><br>apakah field itu dibutuhkan, jika tidak, mungkin bisa dihide<br>",Minor
default kolom pada hasil export excel masih terlihat pipih/terlalu sempit.,Mayor
File name Excel belum sesuai,Kosmetik
Hasil Export PDF belum tapi dan sulit dibaca,Mayor
"Hasil Export pada kolom ""Detail"" mohon dibuat hanya url saja (agar user bisa mudah akses urlnya secara langsung). <br><br>(SS)",Mayor
File name excel tidak sesuai atau tidak konsisten:<br>1. 9.Isu Strategis (Apabila Ada)<br>2. 8. Daftar Sanksi - Analisa Pengawas<br>3. 7. Penilaian Tingkat Kesehatan - Hasil Penilaian Peringkat Komposit Akhir<br>4. 6. Rencana Bisnis dan Realisasi - Analisa Pengawas<br>5. 6. Rencana Bisnid dan Realisasi -Tabel<br>6. 5. Data Mutasi Pertanggungan - Analisa Pengawas<br>7. 5. Data Mutasi Pertanggungan - Tabel<br>8. 4. Data Posisi Pertanggungan - Analisa Pengawas<br>9. 3. Premi dan Klaim - Analisa Pengawas<br>10. 2. Rasio Keuangan dan Status EWS - Analisa Pengawas<br>11. 2. Rasio Keuangan dan Status EWS - Tabel<br>,Kosmetik
Bagian Profil Perusahaan jumlahnya tidak sesuai dengan spreadsheets,Minor
Penamaan pdf belum sesuai,Kosmetik
Penulisan ID Temuan dan ID Rekomendasi pada mockup menggunakan spasi tetapi di aplikasi tidak menggunakan spasi,Kosmetik
Tidak ada keterangan tahun nya (tidak sesuai dengan excel),Mayor
"\""Total\"" nya tidak nempel ke kiri, hanya menjorok ke kiri saja",Kosmetik
"Nomor LHP tertera wajib diisi, namun field ini masih bisa tersimpan walau tidak diisi. (SS)<br><br>*Dapat diberi peringatan (cth: js alert) jika Nomor LHP belum diisi.",Minor
"\""Di Luar Indonesia\"" tidak menjorok sama sekali",Kosmetik
"Typo. bukan \""tern\"" tetapi \""term\""",Kosmetik
"huruf kapital nya tidak konsisten. bukan ""DIperoleh"" tapi ""Diperoleh""",Kosmetik
"typo. bukan \""chanelling\"" tetapi \""channeling\""",Kosmetik
salah rumus seharusnya f=(b/a)<br><br>Juga untuk kedua nomor itu belum ada tabel Deviasi Laporan,Kosmetik
nama Kolom  berbeda pada 1. Financial Highlite (Tradisional Paydi Gabungan),Kosmetik
Tidak ada keterangan juta <br><br>,Kosmetik
JenisKegiatan dan TanggalKegiatan mohon diberi spasi (SS).,Kosmetik
Penamaan tabel tidak sesuai dengan spreadsheets,Minor
Nama Kolom berbeda,Kosmetik
Penamaan tabel tidak sesuai dengan spreadsheets,Minor
"Tidak ada Kata ""Per"" dan Periode pada penamaan judul kolom",Kosmetik
Tidak dapat melakukan export excel &amp; pdf,Mayor
rumusan growth dec 2025 salah jika dibandingkan dengan file format mapping<br>growth dec 25=  proyeksi dec 2025 - target des 2024,Mayor
Log Audit Trail untuk export excel dan pdf sama,Minor
perbedaan isi tabel,Mayor
Perbedaan Header di export PDF dan Excel,Kosmetik
Tidak dapat export analisis pengawas,Mayor
Jumlah kolom tabel tidak sesuai yanga ada pada spreadsheets Format dan Mapping,Mayor
Tidak dapat melakukan export PDF dan Excel Analisa Pengawas dan Hasil Penilaian Peringkat Komposit akhir,Kosmetik
Penamaan pdf belum sesuai,Kosmetik
"penamaan tabel tidak sesuai dengan spreadsheets,  pada export pdf juga",Minor
Error saat export pdf,Mayor
Seharusnya ada extension file dan file size untuk beberapa kolom yang menggunakan attachment file,Mayor
Seharusnya ada extension file dan file size,Mayor
pada menu latar belakang dan history persuratan  (Dokumen pendukung) seharusnya ada exttension file dan file size,Kosmetik
Sumber Sanksi dan Keterangan tidak ter-save,Fatal
Tambah Data Tindak Lanjut seharusnya ada extension file dan file size,Mayor
"Error saat export pdf<br>""Masih ada Kesalahan pada formula..""<br><br>ngga bisa di SS langsung ilang soalnya",Mayor
Error saat export pdf dan excel,Mayor
"Terdapat keterangan \""Kesalahan SQL\"" pada kolom Status Tabel",Fatal
error saat mengeksport pdf dan excel,Mayor
error export excel dan pdf disemua menu industri,Mayor
pada tab sanksi detil di kolom billing_no_prev blm ada datanya,Mayor
Pada header kolom data laporan bisa di drag,Minor
"S-476/NB.122/2014<br>Pada tab upaya pembayaran, data pada salah satu kolom dari field <u><em>billing_date_seharusnya</em></u> kosongData pada <u><em>field billing_lunas_value</em>, <em>billing_lunas_date</em></u> juga kosong",Mayor
Notifikasi email redunden,Mayor
"S-57/KO.131/2025<br>Pada tab Sanksi Detail, no data to display pada tabel, juga tabel yang tersedia redundan",Mayor
"No surat <em>S-57/KO.131/2025<br></em>Pada tab Upaya Penagihan, No Data Display pada tabel dan terdapat redundensi tabel <em></em>",Mayor
"Belum Sesuai mockup:<br>1) Seharusnya hanya menampilkan status yang \""<strong>dilanjutkan</strong>\"" atau \""<strong>dalam monitoring</strong>\"" berdasarkan tab \""Surat Sanksi\"".<br>2) Tidak terdapat field ""Denda"" -&gt; bila ada denda<br>",Mayor
"Belum sesuai MockUp:<br>1) Jenis Sanksi pada mockup berada diatas sumber<br>2) referensi sanksi sebelumnya udah menampilkan list refrensi no surat yang ada tetapi belum mandatori<br>3) Tabel pengirim dan penerima pada mockup ada tabel NIP<br>4) pada saat input manual file surat muncul tetapi link surat tidak ada, pada sumber sipena file surat dan link sipena tidak muncul<br>5) Untuk ""Tidak Ada Jangka Waktu"", tulisan di Tanggal Jatuh Tempo seharusnya terisi ""Berlaku s.d Memenuhi""<br>6) Untuk ""Tidak Ada Jangka Waktu"", tulisan di Status seharusnya selalu ""Dalam Monitoring"" atau sesuai pilihan pengawas<br>7) Tidak terdapat Kelompok Sanksi: ""Pencabutan Izin Usaha"" seperti pada mockup",Mayor
"Belum sesuai mockup:<br>1) Pada tabel Dokumen Pendukung, kolom Nomor Surat / Link seharusnya ""Nama File"" (mockup)<br>2) Tabel pengirim dan penerima pada mockup ada tabel NIP<br>3) Pada saat ""Input Manual"" file surat muncul tetapi link sipena tidak ada, pada sumber ""SIPENA"" file surat dan link sipena tidak muncul",Mayor
"Belum sesuai mockup:<br>1) Tabel pengirim dan penerima pada mockup ada tabel NIP<br>2) Pada saat ""Input Manual"" file surat muncul tetapi link sipena tidak ada, pada sumber ""SIPENA"" file surat dan link sipena tidak muncul",Minor
"Pada field ""Jenis Izin"" drop down tidak ada data dan tidak dapat di isi",Minor
Penamaan kolom berbeda:<br>1. Perusahaan Modal Ventura Konvensional<br>2. Perusahaan Pergadaian Konvensional,Kosmetik
Tidak terdapat industri:<br>-P2P Lending Konvensional<br>-P2P Lending Konvensional Syariah<br>-PT SMI,Mayor
pada aksi lihat data log aktivitas tidak muncul,Minor
"sektor Perasuransian Penjaminan dan Dana Pensiun pada halaman Monitoring Sanksi Denda PVML menghilang, untuk kebutuhan SIT skenario 6.",Mayor
label blm sesuai dengan T11,Kosmetik
Email H-7 belum masuk,Mayor
Saat view dashboard terekam aksi akses form tambah,Mayor
Tabel tidak sesuai dengan T 1.1,Mayor
Tabel belum sesuai dengan T.1.1<br>1) Rekap Data Sanksi : <br>- Apakah Sandi Perusahaan sama dengan FIN?<br>- Apakah Nama Perusahaan sama dengan Nama Pihak?<br>- Pasal Acuan tidak ada<br>- Apakah Nominal Denda sama dengan Jumlah Denda?<br>- Keterangan Pelanggaran tidak ada<br>- PIC Pengawas tidak ada<br>- Kasubag tidak ada<br>- Kabag tidak ada<br>,Mayor
Belum ada Fitur <strong>Export Excel</strong>,Fatal
Tabel belum sesuai dengan T11<br>2) Monitoring/Rekap per Perusahaan:<br>- Apakah Nama Perusahaan sama dengan Nama Pihak?<br>- Pelanggaran tidak ada<br>- Acuan Peraturan tidak ada<br>- Jatuh Tempo (Jangka Waktu) tidak ada<br>- Nominal Denda (jika ada) tidak ada<br>- Jumlah Hari Sebelum Jatuh Tempo<br>- Catatan Tambahan Pengawas tidak ada<br>- PIC Pengawas tidak ada,Mayor
Tabel belum sesuai dengan T11<br>3) Laporan Sanksi Per Bulan:<br>- Apakah Sandi Perusahaan sama dengan FIN?<br>- Apakah Nama Perusahaan sama dengan Nama Pihak?,Minor
Button size Export tidak konsisten dengan button lainnya,Kosmetik
"Nama Kolom pada Tabel yang di unduh pada \""Export Excel\"" tidak sesuai dengan T.1.1",Mayor
Tidak terdapat informasi maximum file,Minor
Belum terdapat tombol import excel,Mayor
"Value dropdown pada 'Jenis Dokumen' belum terdefinisi, user tidak bisa memilih. <br><br>(SS)",Minor
Data Dokumen Pendukung masih bisa redundant / dengan nomor surat SIPENA yang sama. <br><br>(SS),Minor
Jumlah denda tidak muncul,Mayor
Button aksi kosong,Minor
format waktu belum 24jam,Kosmetik
Sudah upload excel namun data tidak tampil,Minor
Data sub sub jenis pelanggaran tidak sesuai,Mayor
"pada hasil export excel tidak terdapat kolom \""Detail\"" seperti di aplikasi",Mayor
Data Jangka waktu dan Tanggal Jatuh Tempo tidak muncul,Mayor
"Jika jatuh tempo tidak ada jangka waktu, kolom jatuh temponya kosong",Kosmetik
"Notifikasi Tanggal Jatuh Tempo Rekomendasi belum muncul. <br><br>Seharusnya notifikasi sudah muncul sejak H-3, namun posisi saat ini H-1 namun belum ada notifikasi yang masuk.<br><br>(SS)",Mayor
Pada lampiran tidak ada file size dan tipe file,Minor
Data kasubbag dan kabag tidak muncul pada data sanksi  mesikipun pihaknya lembaga,Mayor
Textarea pada label 'Tanggapan LJK' tidak sesuai. Seharusnya 'Isi Tanggapan LJK'<br><br>(SS),Kosmetik
"Nama default file Download mohon disesuaikan / distandarisasi sesuai nama modul, (cth: Temuan &amp; Rekomendasi - BPJS Ketenagakerjaan - 130326). <br><br>(SS)",Minor
Bentuk tabel tidak sesuai dengan mock up (cek ss)<br><br>,Minor
Isi field tidak sesuai dengan mock up,Minor
"Mock Up dan Aplikasi berbeda, di Mockup ada % di aplikasi tidak ada",Minor
Judul Grafik belum ada,Kosmetik
"Hasil Export Excel dan Pdf berbeda dengan mockup, tidak ada header",Kosmetik
"Tidak ada keterangan (Rp) pada web, berbeda dengan mockup",Kosmetik
Judul kolom berbeda dengan Mockup,Minor
"typo pada kata \""khusus\""<br>",Kosmetik
Nama Tabel Berbeda,Kosmetik
Judul Kolom Berbeda,Kosmetik
Isi bagian Pos tidak sesuai dengan T.1.1,Minor
Penamaan poin tidak sesuai dengan T11,Minor
Penamaan poin tidak sesuai dengan T11,Minor
Penamaan poin tidak sesuai dengan T11,Minor
"1. Nama tabel berbeda dengan mockup (bagian Pos)<br>2. Penulisan Bold pada ""Asuransi, Penjaminan, TOTAL RETENSI""",Kosmetik
"Pada tabel Surat Berharga Yang Dimiliki dan Surat Berharga Yang Diterbitkan terdapat kolom YoY, YtD, dan Mtm sedangkan pada mockup tidak ada",Mayor
Struktur pada hasil pdf dengan apk berbeda,Minor
Hasil pdf grafiknya kosong,Mayor
Hasil pdf terdapat perbedaan penulisan,Minor
Tidak ada data tabel Session Flag di web,Mayor
Tidak bisa download PDF dan Excel,Mayor
Penamaan accordion berbeda dengan Mockup sehingga dapat menghasilkan misspersepsi,Mayor
Hasil pdf terdapat perbedaan pada web,Minor
Loading terlalu lama saat export PDF,Mayor
"Upload template, mohon <b>tambahkan informasi </b>ext file yang bisa diupload dan max size nya (bukan validasi)",Minor
upload data NPF dan hubungan dengan aplikasi SPRINT,Minor
"Tampilan berbeda dengan mockup, tidak ada kolom \""tanggal\"" pada aplikasi",Mayor
Captcha saat diketik dibuat lgsg jadi uppercase,Kosmetik
"Tampilan Berbeda dengan mockup, pada aplikasi terdapat keterangan pos \""Total\""",Minor
"Tampilan aplikasi berbeda dengan mockup, ada perbedaan penulisan isi pada kolom \""kolektibilitas\""",Kosmetik
"Tampilan aplikasi berbeda dengan mockup, isi pada kolom retensi sendiri dan Reasuransi/Kontra Garansi tidak sesuai dengan mockup",Mayor
Urutan tabel pada aplikasi berbeda dengan mockup,Minor
aksi Lihat Isian Inisiasi Kontrak tidak berfungsi,Mayor
Nama header tabel berbeda dengan mockup,Minor
"Field \""Tanggal Surat Keputusan\"" tidak menampilkan calendar untuk input tanggal",Mayor
"\""b. Dokumen Lainnya\"" pada Dokumen Hasil Pekerjaan tidak dapat di isi/tambah",Mayor
"Pada drop down \""Serah terima dilakukan setelah Penyedia menyerahkan\"" terdapat \""Garansi Barang\"" tetapi pada keterangan field tidak terdapat \""Garansi Barang\""",Kosmetik
"Mini Word dan Input \""Besaran Denda Wanprestasi\"" tidak sesuai",Mayor
Penulisan kurang spasi pada Rp dan tertulis italic semua pada poin e.,Kosmetik
Pada saat Klik tombol aksi Kirim Permintaan terjadi error aplikasi,Mayor
Tidak dapat melakukan Mapping Anggaran DRUPBJ,Mayor
Aksi Proses Mapping Akun tidak dapat dilakukan,Mayor
"Tabel pada Surat berharga yang dimiliki, pada bagian apolo dan DWH PM, tidak sesuai dengan di Mockup, dimana pada Mockup apolo dan DWH PM bersampingan, tetapi di web nya atas bawah",Minor
Klik tombol aksi Inisiasi Kontrak muncul error,Mayor
"Terdapat perbedaan pada isi kolom kolektibilitas, samakan dengan di <b>web</b>",Minor
"J<b>enis font seperti berbeda</b> pada <b>Ditetapkan oleh, Direview oleh, Disiapkan oleh<br></b>mohon disamakan",Minor
Data grafik pada eksport PDF tidak sesuai dengan data yang ada di website,Mayor
"Tampilan Catatan (keterangan) Analisis Pengawas, Laporan Neraca, Laporan Laba/Rugi, Rasio Keuangan, Catatan Lain Pengawas, Supervisory Action Pengawas pada <b>website kosong</b>, sedangkan pada <b>export PDF terdapat komentar</b>",Mayor
"Pada tabel website tidak ada keterangan \""lainnya\"", sedangkan pada export PDF terdapat keterangan \""lainnya\""",Mayor
"J<b>enis font seperti berbeda</b> pada <b>Ditetapkan oleh, Direview oleh, Disiapkan oleh<br></b>mohon disamakan",Minor
Muncul notifikasi error,Mayor
Penamaan sub menu tidak sesuai,Minor
Sub menu error,Mayor
Tidak terdapat keterangan file size pada Chat Verifikasi Data Penyedia,Minor
Email tidak masuk,Mayor
Kolom oada button aksi kosong,Minor
Pada log aktivitas email terkirim rms@ojk.go.id<br><br>Namun saat cek email pribadi masuk juga<br><br>Cek SS,Mayor
tidak terdapat keterangan max size file,Minor
Tidak terdapat keterangan file size pada Chat Diskusi Amandemen,Minor
"Tampilan aplikasi berbeda dengan mockup, pada mockup tidak terdapat kolom \""Tahun Pelaporan\""",Minor
"pada mockup dan aplikasi terdapat perbedaan, yaitu accordion <strong>Daftar Kegiatan sebagai Dewan Pengawas Syariah</strong>, pada isi tabel <strong>Periode Lapor, </strong>pada mockup <em>Desember 2024</em> tetapi pada  aplikasi <em>2025-12-31</em>.",Kosmetik
"tombol home jika di klik, selalu membuka tab baru",Minor
"Tampilan aplikasi berbeda dengan mockup, pada mockup nama menu \""Data Absesnsi Penyampaian Laporan Kegiatan ASPM \"", lalu terdapat filter nama ASPM pada mockup",Minor
"Tampilan aplikasi berbeda dengan mockup, pada mockup terdapat kolom <strong>Validasi Portfolio</strong>ï»¿<br>",Minor
Accordion <strong>Daftar Kegiatan sebagai Tim Ahli Syariah</strong> tidak ada pada aplikasi,Mayor
"format tanggal pada table di aplikasi, berbeda dengan mockup",Kosmetik
"Terdapat perbedaan format tanggal antara mockup dan aplikasi. Pada mockup, tanggal ditampilkan dalam format yyyy-mm-dd dan 7 Maret 2023, sedangkan pada aplikasi menggunakan format dd-mm-yyyy.",Kosmetik
Nama Kolom tabel berbeda dengan Mockup,Kosmetik
"Aktivitas edit di kolom aksi berupa pengisian catatan (<b>Save Changes, </b><b>Cancel Changes,</b> <b>Preview Changes) </b>tidak terdeteksi di audit trails",Mayor
Terdapat perbedaan format <strong>tanggal </strong>dan <strong>Status Terkini</strong> antara mockup dan aplikasi,Kosmetik
Penamaan Accordion berbeda antara Mockup dan Aplikasi,Kosmetik
Data yang ditambahkan belum terinput secara otomatis,Mayor
"Pada notifikasi tidak ada \""Klik tombol <b>Cancel\"" </b>untuk membatalkan data yang akan ditambahkan.",Minor
tambahkan % pada judul kolom PPN,Kosmetik
"Aktivitas menghapus data ASPM, tidak terdetect di Audit Trail",Mayor
-<b> Isi kolom </b>terkait harga disesuaikan menjadi <b>rata kanan</b><br>- untuk penggunan font diseragamkan,Minor
header kolom tidak ada Kepengurusan pada mockup,Kosmetik
Pada Informasi Umum &gt; KepemilikanBelum terdapat header kolom Kepemilikan,Kosmetik
penamaan file hasil export tidak sesuai dengan accordion,Kosmetik
poin komponen belum tampil pada tampilan web,Mayor
<strong>Jenis Dokumen</strong> pada tabel kosong,Minor
<strong>Tanggal Persetujuan SPRINT</strong> pada tabel kosong,Minor
"pada tab 1. Aset, Liabilitas, dan Ekuitas, kolom yang muncul seharusntya 1 tahun ke belakang",Mayor
informasi sharing dari internal --&gt; eksternal tidak terbaca,Mayor
tab Laba Rugi<br><br>rumus YtD belum sesuai,Mayor
"Tambah Data pada Catatan Pengawasan, belum terdapat validasi pada pengisian Tanggal dan Jatuh Tempo",Minor
"tab Aset, Liabilitas dan Ekuitas<br><br>rumus Ytd belum sesuai",Mayor
"tab Rasio Produktivitas<br><br>jika data blank digunakan untuk perhitungan, hasil perhitungan belum dibuat blank/NA",Mayor
"Tab Rasio Likuiditas dan Rasio Permodalan<br><br>hasil YoY, YtD dan MtM yang tampil belum sesuai rumus",Mayor
"Pada saat melakukan aksi \""hapus\"", tidak ke track dalam audit trail",Mayor
"Tab Rasio Umum<br><br>hasil YoY, YtD dan MtM yang tampil belum sesuai rumus",Mayor
"Pencatatan Export tabel tertentu masih memakai nama yg sama, seharusnya dibedakan di setiap case tabelnya. (SS)<br><br>-Naufal",Minor
"Periode November 2025 :<br>V. ALE, LABA/RUGI, RASIO<br>Tab Aset, Liabilitas dan Ekuitas. Data pada November 2025 kosong, dan secara otomatis data YoY kosong. Sudah dicoba di periode Oktober 2025 maupun Desember 2025<br><br><br>Mohon dicek untuk setiap tab belum terdapat data November 2024",Mayor
Tab Piutang Penyaluran Pinjaman UlaMM per Provinsi (10 Provinsi Terbesar)<br><br>provinsi yang tampil hanya 1 yang seharusnya 10,Minor
Tab Piutang Penyaluran Pinjaman UlaMM per Sektor Ekonomi (10 Sektor Ekonomi Terbesar)<br><br>Legenda grafik 1 dan 2 berbeda,Mayor
Tab 3. Piutang Piutang Penyaluran Pinjaman Mekaar per Provinsi<br><br>data tidak tampil,Mayor
Tab Piutang Penyaluran Pinjaman Mekaar per Provinsi (10 Provinsi Terbesar)<br><br>provinsi yang tampil hanya 1 yang seharusnya 10,Minor
Tab Piutang Penyaluran Pinjaman Mekaar per Sektor Ekonomi (10 Sektor Ekonomi Terbesar)<br><br>Legenda grafik 1 dan 2 berbeda,Mayor
Tab Piutang Penyaluran Pinjaman Mekaar per Sektor Ekonomi (10 Sektor Ekonomi Terbesar)<br><br>data yang tampil belum ada 10 sektor ekonomi,Mayor
<b>Tab 3.</b> Piutang Penyaluran Pinjaman Mekaar dan UlaMM (10 Provinsi Terbesar) (Juta Rupiah)<br><br>provinsi yang tampil hanya 1 yang seharusnya 10<br><br><b>Tab 4. </b>NOA Mekaar dan UlaMM (10 Provinsi Terbesar)<br><br>provinsi yang tampil hanya 1 yang seharusnya 10,Minor
"<b>Tab 2. </b>Kualitas Pembiayaan - ULaMM dan <b>Tab 4</b>. ualitas Pembiayaan - Mekaar<br><br>hasil perhitungan YoY, YtD dan MtM belum dilakukan pembagian<br><br><b>Tab 3.</b> Pembiayaan Per Kolektibilitas - Mekaar<br><br>Belum ada data yang tampil",Mayor
posisi pada kolom tabel berbeda dengan Mockup,Minor
"Pada kolom \""Tanggal Dibuat\"" berbeda dengan hasil Export Excel \""Tanggal\""",Minor
Tab 1 dan 2 belum ada data,Mayor
"Tab Aset, Liabilitas, Ekuitas data tidak tampil pada YtD% dan MtM%",Mayor
"Tampilan Web berbeda dengan tampilan Export Excel, pada web tidak ada kolom \""Created Date\"" \""Created By\"", sedangkan di excel ada",Minor
Tab Laba/Rugi data tidak tampil pada kolom YtD% dan MtM%,Mayor
"Tab Rasio Keuangan, data tidak tampil pada :<br>A. Rasio Produktifitas: YoY%, YtD%, MtM%<br>B. Rasio Likuiditas : YtD%, MtM%<br>C. Rasio Permodalan : YtD%, MtM%<br>D. Rasio Rentabilitas : YtD%, MtM%",Mayor
data Total belum tampil,Mayor
nama kolom berbeda dengan template,Kosmetik
"Tab Kualitas Pembiayaan<br>Hasil YoY%, YtD%, MtM% belum sesuai, hasil tersebut belum dilakukan pembagian",Mayor
Tab 2: legenda Total Pinjaman yang Diterima tidak ada di template,Kosmetik
"Tab Rasio Keuangan, data MtM% pada Rasio Permodalan belum sesuai (Desember 2025-November 2025)",Mayor
Tab Rasio Keuangan<br>data MtM% pada Rasio Rentabilitas belum sesuai (Desember 2025-November 2025),Mayor
Nama kolom pada web belum sesuai dengan nama kolom pada mokcup. Mohon di adjust pada hasil export Excel,Kosmetik
Nama kolom pada web belum sesuai dengan nama kolom pada mokcup. Mohon di adjust pada hasil exort Excel,Kosmetik
Hasil eksport Excel tidak ada garis tabel pada form PKS_BPR_BPRS_BPS_01 <br>sampai PKS_BPR_BPRS_<br>BPS_10<br><br>,Kosmetik
"Data Desember 2025 blank (kosong), Hasil YoY%, YtD%, dan MtM% adalah 0.00%",Minor
typo pada nama kolom,Kosmetik
"Pada mockup terdapat form \""Jumlah Rekening dan Nominal Tabungan Bank Umum Per Kabupaten/Kota Per Bulan\"" namun pada web tidak muncul",Mayor
"1. data belum tampil pada Tab 3.Trend Piutang Penyaluran Pinjaman per Produk dan tab 6. Rasio NPF dan KKR<br><br>2. data pada bulan April tidak tampil pada tab 1,2,4,5,7,8",Mayor
1. data bulan april tidak tampil<br><br>2. data Micro Financing Ratio (MFR) - Min 50% pada tab 3 tidak muncul,Mayor
1. data bulan april tidak tampil<br><br>2. data bulan maret tidak tampil di tab XIV. CKPN Dibentuk,Mayor
Hasil eksport Excel tidak ada garis tabel pada form PKS_BU_BPS_01 sampai  PKS_BU_BPS_14,Kosmetik
Hasil eksport Excel tidak ada garis tabel pada form PKS_BU_Kemenkeu_01 dan<br>PKS_BU_Kemenkeu_02,Kosmetik
Pada hasil Export Excel tidak ada judul laporan,Kosmetik
"Judul tabel dan hasil export tidak sesuai dengan Mockup, Tolong di cek juga pada kode 1.PKS_BPR_BPRS_Kemenkeu_01<br>2. PKS_BPR_BPRS_Kemenkeu_02<br>3. PKS_BPR_BPRS_Kemenkeu_03<br>4. PKS_BPR_BPRS_Kemenkeu_04<br>5. PKS_BPR_BPRS_Kemenkeu_05<br>6. PKS_BPR_BPRS_Kemenkeu_06<br>7. PKS_BPR_BPRS_Kemenkeu_07<br>8.PKS_BPR_BPRS_Kemenkeu_08<br>9. PKS_BPR_BPRS_Kemenkeu_09<br>10. PKS_BPR_BPRS_Kemenkeu_10",Mayor
Hasil eksport Excel tidak ada garis tabel pada form,Kosmetik
nama kolom berbeda dengan mockup,Kosmetik
Hasil export Excel tidak sesuai dengan web,Kosmetik
Tidak ada spasi pada nama kolom,Kosmetik
"1. kolom Total belum sesuai dengan mockup<br>2. pada kolom bulan ""january"" memakai ""y""<br>3. Nama komponen belum sesuai dengan mockup<br>4. mohon di adjust pada export excel",Kosmetik
Catatan Pengawas Lain dan Supervisory Action Pengawas belum pradefine,Mayor
"terdapat 2 nama kolom tidak terdapat pada mockup (tahun fiskal, Triwulan)",Kosmetik
kolom DWH PM tidak dipisah pada template,Minor
1. Kolom Total belum sesuai dengan mockup<br>2. Pada Nama komponen pada web belum sesuai dengan mockup,Kosmetik
"Terdapat perbedaan antara Mockup dan Aplikasi, dimana di Mockup <strong>All</strong> dan di Aplikasi <strong>Total</strong>",Kosmetik
Terdapat typo pada nama Kolom dengan kode: PKS_BPR_BPRS_Kemenkeu_07,Kosmetik
"Terdapat perbedaan antara mockup dan web, dimana di mockup <strong>akun </strong>dan di web<strong> nama data<br><br></strong>",Kosmetik
format tanggal pada kolom date berbeda dengan mockup,Kosmetik
Judul pada tabel dan hasil export tidak sesuai dengan Mockup pada kode: PKS_BPR_BPRS_Kemenkeu_02,Kosmetik
Hasil export Excel tidak sesuai dengan web<br><br>,Kosmetik
nama kolom berbeda pada hasil export,Kosmetik
Terdapat perbedaan Nama di hasil Export Excel dan Mockup,Kosmetik
nama kolom berbeda dengan mockup (periode // period). lalu format tanggal pada kolom periode berbeda dengan mockup,Kosmetik
kolom berbeda dengan mockup,Kosmetik
"hasil export berbeda dengan web/mockup (terdapat kolom fiskal,triwulan pada hasil export)",Kosmetik
belum ada data pada DWH PM,Mayor
1. Terdapat perbedaan nama di mockup dan web<br>2. Pada hasil export Excel tidak ada tabel<br><br>,Kosmetik
1. Terdapat perbedaan nama di mockup dan web<br>2. Pada hasil export excel tidak ada tabel <br><br>,Kosmetik
"saat lakukan Tambah Data &gt; Simpan Draft, Aksi tidak langsung muncul dan harus di refresh page terlebih dahulu untuk memunculkan buttons aksi",Minor
Terdapat perbedaan antara mockup dan web,Kosmetik
Data banyak yang kosong,Minor
Terdapat perbedaan antara mockup dan web,Kosmetik
Pada hasil export excel tidak ada tabel pada form PKS_PM_Kemenkeu_02 sampai PKS_PM_Kemenkeu_05 dan PKS_PM_Kemenkeu_07<br>,Kosmetik
Nama kolom hasil export belum sesuai dengan mockup,Kosmetik
Nama kolom berbeda dengan mockup dan pada hasil export excel tidak ada tabel,Kosmetik
Button aksi blm ada<br>,Mayor
Terdapat perbedaan mockup dan web dan pada hasil export excel tidak ada tabel,Kosmetik
Valuasi boolean numeric mohon diseragamkan utk menu sbb:<br><br>1. 'Status Terkini' (validasi ketentuan penugasan ASPM sebagai DPS -&gt; Tab PB&amp;NB)<br><br>2. 'Penugasan di PB &amp; NB' (validasi ketentuan penugasan ASPM sebagai DPS -&gt; Tab PB&amp;NB)<br><br>3. 'Status Terkini' (validasi ketentuan penugasan ASPM sebagai DPS -&gt; Tab Sektor PM)<br><br>4. 'Penugasan di PM' (validasi ketentuan penugasan ASPM sebagai DPS -&gt; Tab Sektor PM),Minor
Isi kolom belum sesuai dengan mockup,Minor
Terdapat perbedaan antara mockup dan web,Kosmetik
Kecepatan Penyampaian tidak sesuai Hari Kerja,Minor
Penamaan tabel disesuaikan (ditambahkan nama judul masing masing table),Minor
Garis Nama kolom hasil Export Excel belum ada mohon di adjust ke seluruh Export Excel,Kosmetik
Dokumen Forum Panel &gt; Jenis Dokumen tidak sesuai dengan mockup,Kosmetik
Daftar Pengawas &gt; nama kolom belum sesuai mock up,Kosmetik
Penamaan judul tabel belum sesuai mock up,Kosmetik
terdapat kalimat yang tidak sesuai dengan mockup,Minor
"Daftar Penelis &gt; untuk Selaku <strong>Penyelia, Koordinator, Penanggung Jawab</strong>ï»¿ tidak tampil pada kolom tabel",Mayor
nama file tidak sama dengan menu,Minor
"Header Tabel tidak ada spasi pada \""Tanggal ForumPanel\"" --&gt; \""Tanggal Forum Panel\""",Kosmetik
"Saat menambahkan periode pada Daftar Manajemen Panelis, waktu jam yang muncul belum seuai  dengan jam kerja sebenarnya (realtime).",Minor
saat zoom 100% kolom <strong>Tanggal Surat </strong>ï»¿tidak muncul pada tabel <strong>ï»¿Dokumen Forum Panel</strong>,Minor
"BIsa duplicate data nama pada <strong>Daftar Panelis, Daftar Pengawas, Daftar Observer, Daftar Narasumber </strong>-Cek SS-",Mayor
Saat klik back atau halaman sebelumnya halaman tidak berubah,Minor
terdapat pada daftar manajement penalis judul kolom tabel belum seuai dengan mockup,Mayor
terdapat data kosong pada row tabel <strong>ï»¿Penilaian Panelis</strong>,Minor
Setelah klik aksi <strong>Delete</strong>ï»¿ data berhasil di hapus kemudian button aksi <strong>Delete</strong>ï»¿ hilang,Minor
"saat melakukan zoom 100%  pada dokumen pendukung , tabel â€œtanggal suratâ€ hilang, saat di-zoom 75% tabel tersebut muncul",Minor
"pada hider dokumen pendukung tabel bagian \""tanggal surat\"" hilang apabila di zoom in 100% dan muncul kembali setelah di zoom out 80%",Minor
"Format penulisan Angka pada Hasil Export Excel berbeda dengan Aplikasi dan Mockup, tolong di adjust ke semua hasil Export Excel<br>",Kosmetik
format tanggal pada web dan hasil export berbeda dengan mockup,Kosmetik
format tanggal pada web dan hasil export berbeda dengan mockup,Kosmetik
"penulisan angka berbeda dengan mockup. kolom coupon rate tidak ada %, kolom TTM tidak berupa desimal",Kosmetik
terdapat pada log aktivitas  Header Kolom tabel belum seuai dengan mockup,Mayor
List User Approval tidak muncul data untuk nama dan email <strong>Drafter </strong>ï»¿dan <strong>Checker</strong>ï»¿,Minor
Format tanggal pada web dan hasil export berbeda dengan mockup,Kosmetik
format angka berbeda dengan mockup<br><br>,Kosmetik
Tidak terdapat keterangan header <strong>Preview Kertas Kerja Analisis</strong>ï»¿,Kosmetik
File name bisa disesuaikan,Kosmetik
format angka berbeda dengan mockup<br><br>,Kosmetik
Preview data <strong>Daftar Pengawas </strong>tidak muncul pada tabel,Mayor
tidak dapat download data,Mayor
setelah di export tidak ada judul di dalam pdf dan excel,Kosmetik
setelah di export tidak ada judul di dalam pdf dan excel,Kosmetik
saat melakukan Export PDF dan Excel judul belum tampil,Kosmetik
format tanggal berbeda dengan mockup<br>,Kosmetik
format tanggal berbeda dengan mockup<br>,Kosmetik
"Hasil export excel tidak sesuai dengan web <br>PKS_BU_BPS_10, PKS_BU_BPS_12,PKS_BU_BPS_13, PKS_BU_BPS_15, PKS_BU_BPS_18, PKS_BU_BPS_23 sampai PKS_BU_BPS_30<br>",Minor
"Saat menambahkan periode pada Daftar forum panel tahunan, waktu jam yang muncul tidak sesuai dengan jam kerja sebenarnya (realtime).",Minor
"Tidak dapat melakukan edit <strong>Daftar Tim Pengawas</strong>ï»¿, tolong adjust untuk semua tabel dengan data ldap",Minor
<strong>Dokumen Pendukung</strong><strong></strong><br>setelah tambah <strong>Pengirim/Penerima </strong>ï»¿kolom <strong>Aksi</strong>ï»¿ hilang,Minor
Pada mockup terdapat data yang di bold namun pada web tidak ada<br>form PKS_BU_BPS_25 dan form PKS_BU_BPS_29,Kosmetik
"popup dukumen pendukung ""jenis dokumen"" belum menampilkan opsi pilihan <br><br>",Mayor
"saat melakukan penambahan dokumen pendukung Pengirim,Penerima,Attachment, tidakmemunculkan buttom aksi",Minor
"tombol aksi tidak mucul setelah melakukan tambah pengirim,penerima dan attachment",Mayor
"tombol aksi tidak mucul setelah melakukan tambah pengirim,penerima dan attachment",Mayor
"saat melakukan generate email , email belum masuk pada pengawas dan juga pic foum panel",Mayor
Kecepatan Penyampaian tidak sesuai Hari Kerja<br>-Weekend seharusnya tidak terhitung<br>-Perhitungan Kecepatan Penyampaian tertulis minus,Mayor
Posisi terbalik tidak sesuai mockup,Kosmetik
File name bisa disesuaikan,Kosmetik
Ditambahkan highlight untuk setiap deklarasi aturan tersebut sesuai User Requirement. (SS),Mayor
Tanggal tidak ter update,Minor
Kecepatan penyampaian nya belum sesuai perhitungan hari kerja,Minor
Penulisan rekap data pada tabel Provinsi berbeda dengan yang ada di Mockup,Minor
"terdapat kolom<br> \""Unit Kerja\"" belum muncul belum sesuai dengan mock up",Mayor
"Format nama kolom \""Provinsi\"" pada tabel berbeda dengan format yang ada di Mockup (\""Provinsi dan Kota/Kabupaten\"")",Kosmetik
"Format data web pada kolom \""Kota/Kabupaten\"" diakhir data rekap provinsi tidak ada catatan \""All\"", sedangkan di mockup ada. <br>dan pada kolom \""Provinsi\"" setelah kolom Provinsi DKI Jakarta terdapat keterangan \""All\"", sedangkan di Mockup tidak ada (langsung ke data provinsi selanjutnya)",Minor
"terdapat kalimat typo ""penafian"" pada body email <br><br>",Kosmetik
Tab 3. Piutang Penyaluran Pinjaman UlaMM per Provinsi (10 Provinsi Terbesar) - <strong>provinsi yang tertera baru ada 9</strong>,Mayor
Format tanggal tidak sesuai dengan mockup,Kosmetik
"Pada kolom \""Net Beli Asing\"" di mockup tertulis Italic, sedangkan pada aplikasi tidak",Kosmetik
Tab 3. Piutang Penyaluran Pinjaman Mekaar per Provinsi (10 Provinsi Terbesar) - <strong>provinsi yang tertera baru ada 9</strong>,Mayor
Terdapat perbedaan antara mockup dan web,Kosmetik
<strong>Riwayat Approval<br></strong>Kolom Nama Pejabat/Anggota dan Email kosongï»¿,Minor
terdapat perbedaan antara mockup dan web,Kosmetik
Format kolom tabel website dengan hasil export excel berbeda,Kosmetik
terdapat perbedaan urutan kolom pada mockup dan web<br><br>,Kosmetik
"Terdapat Typo pada kata ""NPF Net"" pada mockup maupun aplikasi",Kosmetik
Terdapat perbedaan antara mokcup dan web pada aset industri keuangan non bank,Kosmetik
pada poin pergadaian terdapat double pada web,Minor
Export Excel dan Export PDF (keseluruhan). Tidak menampilkan Grafik Surat Berharga yang Diterbitkan,Mayor
Export Excel dan Export PDF (keseluruhan). Tidak menampilkan Grafik yang sesuai di web,Mayor
"Export PDF, Grafik terpotong",Minor
1. Total Jaringan Kantor belum ada di tab II. Informasi Umum tab 3<br><br>2. Total Jaringan Kantor belum ada di tab II. Informasi Umum tab 4<br><br>3. Konseptor belum tergenerate,Mayor
pada nomor poin tidak sesuai dengan mockup,Minor
1. Label pada hasil export belum menggunakan bold<br><br>2. Gearing Rasio (kali) belum ada symbol %,Kosmetik
1. hasil generate export belum sesuai<br><br>2. tampilan data belum sesuai,Kosmetik
Hasil export dengan data yang tertera di website tidak terbaca (beberapa nominal tidak terbaca dan ditandai dengan tanda ###),Minor
Tidak ada nama kolom pada aksi Export Excel. Mohon di adjust ke seluruh menu terkait,Minor
Pada jumlah baris tidak ada filter search,Minor
Terdapat eror saat preview data pada tabel,Mayor
Eror pada fitur Export Excel,Fatal
Terdapat eror saat preview data pada tabel,Mayor
Eror pada fitur Export Excel,Fatal
Format nominal pada aplikasi dan Export Excel berbeda,Minor
"Beberapa nama data formatnya tidak sama dengan mockup, pada aplikasi tidak di bold sedangkan pada mockup bold",Kosmetik
Format nominal pada aplikasi dan Export Excel berbeda,Minor
"Format nominal pada \""Jumlah Pelaku\"" di aplikasi dan Export Excel berbeda.",Minor
"Tulisan \""multiguna\"" pada aplikasi dan mockup berbeda",Kosmetik
"Tampilan berbeda dengan mockup, pada mockup terdapat tab atau spasi di sub datanya sedangkan di aplikasi tidak",Kosmetik
pada tabel rincian riwayat pelaksanaan forum panel terdapat tabel sub industri belum sesuai dengan mockup,Minor
"Beberapa nama data formatnya tidak sama dengan hasil Export Excel, pada aplikasi di bold sedangkan pada hasil Export Excel tidak",Kosmetik
"pada aplikasi semua nama data bold, sedangkan hasil Export Excel nama data tidak di bold",Kosmetik
"pada aplikasi dan mockup beberapa nama data bold, sedangkan hasil Export Excel nama data tidak di bold",Kosmetik
Terdapat Perbedaan antara mokcup dengan web,Kosmetik
pada T.1.1 unduh laporan pelaksanaan tindak lanjut triwulanan bertipe word sedangkan yang ada di aplikasi hanya excel dan pdf,Minor
Pada PKS_BU_BPS_15  Nama Judul pada T.11 berbeda dengan T.43 dan Aplikasi,Minor
Pada PKS_BU_BPS_26  Nama Judul pada T.11 berbeda dengan T.43 dan Aplikasi,Minor
Pada PKS_BU_BPS_27 Nama Judul pada T.11 berbeda dengan T.43 dan Aplikasi,Minor
Pada dashboard pengawasan onsite data tidak muncul pada grafik,Mayor
Dashboard total pengawasan onsite &amp; offsite(total). pada kolom nomor tidak berurutan.,Minor
List Report Export Excel dan Export PDF tersebut tidak muncul datanya,Mayor
Pada PKS_PVML_Kemenkeu_02 Nama Judul pada T.11 berbeda dengan T.43 dan Aplikasi,Minor
Pada PKS_BU_BPS_24 Nama Judul pada T.11 berbeda dengan T.43 dan Aplikasi,Minor
Pada PKS_PVML_Kemenkeu_04 Nama Judul pada T.11 berbeda dengan T.43 dan Aplikasi,Minor
"Untuk Legenda pada grafik dashboard onsite,offsite &amp; onsite dan offsite total tidak sama dengan dokumen T.4.1 (Memenuhi, Belum Memenuhi, Pending)",Minor
Terdapat perbedaan nama judul antara T.43 dan T.11 dengan Aplikasi mohon di adjust semua data BPR/BPRS<br><br>,Minor
Pada PKS_BU_BPS_25 Nama Judul pada T.11 berbeda dengan T.43 dan Aplikasi,Minor
Pada PKS_BPR_BPRS_Kemenkeu_03 Nama Judul pada T.11 berbeda dengan Aplikasi,Minor
"penulisan berbeda, pada T.1.1 penulisan menggunakan ""&amp;"", namun pada aplikasi dan hasil export penulisan menggunakan ""dan""",Kosmetik
Pada PKS_BPR_BPRS_Kemenkeu_04 Nama Judul pada T.11 berbeda dengan Aplikasi,Minor
Nama Judul pada T.11 berbeda dengan Aplikasi Pada PKS_BPR_BPRS_Kemenkeu_07<br>Pada PKS_BPR_BPRS_Kemenkeu_08<br>Pada PKS_BPR_BPRS_Kemenkeu_09<br>Pada PKS_BPR_BPRS_Kemenkeu_10<br>,Minor
kolom Aksi tetap muncul pada excel dan pdf setelah di Export,Kosmetik
"1. penamaan file belum sesuai dengan judul<br><br>2. penamaan file disesuaikan untuk tahun, bulan, dan tanggal",Minor
List nama data pada aplikasi dan hasil export excel tidak sesuai dengan mockup,Minor
Nama Judul pada T.11 berbeda dengan Aplikasi (Aset dan Pelaku IKNB (PPDP dan PVML)),Minor
Untuk Copy Right agar bisa diupdate tahun berjalan menandakan aplikasi selalu ter-maintenance setiap tahun,Kosmetik
Untuk Format Penulisan Tanggal pada dashboard agar disamakan dengan mockup,Minor
Form PKS_BU_BPS_14 Nama Judul pada aplikasi dan export excel belum sesuai dengan T.11,Kosmetik
"Sub Industri BP Tapera Periode 2024, data pada dashboard pengawasan onsite belum sesuai dengan chart grafik dan excelnya.",Mayor
Untuk copy right pada home page log in masih tahun 2021.,Kosmetik
Pada saat input pada Rekap Data - Tindak Lanjut - Edit Tindak Lanjut pada data field kolom Keterangan (bukan rekomendasi) namun outputnya pada dashboard onsite/offsite pada kolom Rekomendasi.,Minor
Isi kolom <strong>Uraian </strong>Aset tidak sesuai mockup,Minor
"Tidak ada <strong>:</strong> seharusnya<br><strong>Tagihan terkait Kegiatan Usaha Lain:</strong><br><br data-mce-bogus=\""1\"">",Kosmetik
Urutannya dan penamaan tidak sesuai dengan yang ada pada Mockup,Kosmetik
Penulisan kurang spasi<br>Saldo laba (rugi) ditahan,Kosmetik
Penulisan belum sesuai mockup<br>1. Seharusnya <b>MtM</b> <strong>(F-E)</strong> dan <b>YoY</b> <strong>(F-C)</strong><br>2. Tidak ada <strong>Rasio Permodalan</strong>,Kosmetik
pada aplikasi terdapat row<strong> YtD (%) (f-d)/d </strong>ï»¿sementara di mockup tidak ada,Minor
Typo pada kata Fasilitas,Kosmetik
"1. di profil keuangan ALK Bulanan. rekening administratif dan arus kas terbalik susunannya. <br>2. lalu penamaan kesesuaian aset liabilitas pada mockup, namun pada webnya LKAL. <br>3. pada judul tabel mockup tertulis Mtm, sedangkan pada web MoM",Minor
"Rincian Kualitas Piutang pada mockup, sedangkan pada web Rincian Piutang Pembiayaan",Kosmetik
Terdapat tulisan yang double,Kosmetik
belum sesuai dengan mockup,Kosmetik
Typo pada <strong>Tota</strong> Piutang pembiayaan,Kosmetik
Penulisan kurang spasi seharusnya laba (rugi),Kosmetik
"pada raw jumlah di raw Valas, kurang kata \""Valas\""",Kosmetik
kurang sub menu<br>1. sektor ekonomi<br>2. jenis infra<br>3. lokasi,Mayor
Judul Grafik tidak sesuai,Kosmetik
"Data Grafik tidak sesuai, 0 semua",Minor
ketika download excel dan pdf hasil download kosong dan hanya judul saja,Minor
untuk kalimat asing belum dicetak miring,Kosmetik
"pada menu aplikasi tertulis "" Obligasi Pemerintah dan Korporasi"" sedangkan pada T.3.1  ""Obligasi Pemerintahan dan Korporasi""",Kosmetik
"Pada aplikasi menu \""securities crowdfunding\"" tidak menggunakan spasi, sedangkan pada T.3.1 menggunakan spasi",Kosmetik
"Pada T.3.1 disebutkan bahwa tanda \""+\"" untuk menambah berada pada pojok kanan tabel sedangkan pada aplikasi berada di pojok kiri tabel",Minor
"1) Pada hasil export excel dan pdf, posisi kotak kuning tidak sejajar dengan gambar grafiknya<br><br>2) Pada hasil preview data yang di dalam kotak kuning, angka desimalnya menggunakan tanda koma tetapi pada hasil export excel dan pdf angka desimalnya menggunakan tanda titik<br><br>3) Pada hasil export excel dan pdf yang di dalam kotak kuning,  tidak tercantum tahun pada tiap judul (contoh: IHSG ATH 2021)",Kosmetik
"Nilai antara report dan database, hasil yg muncul beda untuk masing2 aspek",Mayor
Penamaan item data :<br>- Bidang<br>- Satker/Fund Center<br>- Penilaian<br>sedangkan pada tampilan :<br>- Bidang/Fund Center/Satuan Kerja<br>- Nilai,Kosmetik
Komponen tabel yang berada diaplikasi dengan T.3.1 berbeda,Kosmetik
"1) Pada hasil preview kata ""reksadana"" menggunakan spasi, tidak sesuai T31<br><br data-mce-bogus=""1"">2) Pada hasil preview tidak menggunakan kata ""laporan"" pada sub judul Bursa Karbon, Penawaran Umum, EBUS Tanpa Penawaran Umum",Kosmetik
"1. Data di row atas dan bawah berbeda untuk accepted count<br><br>2. Kolom List seharusnya tidak ada<br><br>3. Apabila udh klik save, apakah bisa otomatis auto-refresh datanya",Mayor
1. Blm sesuai dengan item data di T11: Periode Laporan (rentang bulan)<br><br>2.Based on T11 seharusnya ada Laporan Arus Kas,Mayor
Pada saat export data excel dan pdf loadingnya lebih dari 2 menit,Minor
Tabel pada aplikasi dengan T.3.1 berbeda,Minor
"pada tabel tersebut tidak bisa di edit dengan cara klik 2x, berbeda dengan T.3.1 dan Menu menu sebelumnya yang dapat di edit dengan klik 2x",Mayor
Penulisan Log Aktivitas di Sub Menu Audit Trail dengan tampilan log aktivitas bisa di samakan,Kosmetik
"1) Pada hasil export excel dan pdf, tidak ada tanda kurung dan tidak berwarna merah<br><br>2) Pada hasil preview panah tidak sejajar dan tidak bold seperti pada hasil export",Kosmetik
kolom created dan modified dapat di edit di menu :<br>1. penghimpunan dana (emisi penawaran umum)<br>2. penghimpunan dana SCF<br>3. perusahaan tercatat<br>4. perubahan yield SBN,Mayor
"Ketika melakukan export pdf dan excel, data yang terunduh masih kosong",Mayor
Hasil export excel tidak ada datanya<br>,Mayor
"Ketika melakukan export pdf dan excel, data yang terunduh masih kosong",Mayor
"Ketika melakukan export pdf dan excel, data yang terunduh masih kosong",Mayor
"Ketika melakukan export pdf dan excel, data yang terunduh masih kosong",Mayor
"Ketika melakukan export pdf dan excel, data yang terunduh masih kosong",Mayor
Judul kolom belum sesuai dengan mockup,Kosmetik
penamaan kolom belum sesuai dengan contoh mapping,Minor
"1) Pada hasil export excel dan pdf, data LQ45 tercantum tanggal 30 des 2025, namun pada hasil preview data LQ45 yang tercantum adalah tanggal 31 des 2025<br><br>2) Pada hasil export excel dan pdf, nama bulan dan tahun disingkat, serta tulisan YTD, WTD, MTD tidak capslock<br><br>3) Pada hasil export excel dan pdf tanggalnya tertulis ""08"" namun pada hasil preview hanya tertulis ""8"". Dan setelah tanggal seharusnya tidak menggunakan tanda titik dua (:)",Minor
Judul kolom belum sesuai dengan mockup,Minor
"pada:<br>top 10 debitur<br>top 25 debitur<br>pihak terkait<br>tidak ada tabel ""no""",Kosmetik
Data pada tabel belum tampil,Mayor
"1) Pada hasil preview arah panahnya tidak sesuai<br><br>2) Pada hasil export excel dan pdf, tulisan ""pemerintah"" dan ""korporasi"" tidak menggunakan capslock dan seharusnya tidak menggunakan tanda bintang (*) seperti pada hasil preview<br><br>3) Pada hasil preview tidak menggunakan USD dan arah panahnya tidak sesuai",Minor
Hasil preview dengan hasil export excel dan pdf datanya tidak sesuai,Minor
Pada hasil export excel dan pdf tanggalnya tidak muncul,Minor
"Pada hasil export excel dan pdf, tanggalnya tidak muncul dan data IDR Penerbitan tidak sesuai<br>",Minor
Pada hasil export excel dan pdf tanggal dan data tidak sesuai,Minor
Ketika klik export Excel dan Export PDF muncul pop up gagal download,Mayor
terdapat 2 tabel yang tidak ada pada aplikasi tidak sesuai dengan mockup,Minor
pada aplikasi menggunakan = sedangkan mockup menggunakan â‰¥,Kosmetik
dalam kolom calender SK dapat membuat tanggal yang belum dilewati tanggal tersebut,Kosmetik
Tidak berhasil export datanya (SS terlampir),Mayor
Alamat belum tampil,Mayor
hanya kolom UP yang menggunakan desimal,Kosmetik
typo penamaan sub menu (harusnya Kolektibilitas),Kosmetik
"nama kolom tidak sesuai antara aplikasi, mockup dan mapping",Minor
ada penambahan tabel aset pada aplikasi tetapi di mockup tidak ada,Minor
Based on T11 data2 tersebut blm sesuai,Mayor
1) Sub judul tidak sesuai<br><br>2) Pewarnaan tulisan tidak sesuai,Kosmetik
pada kolom tersebut dapat di isi selain angka dan saat disave mengalami ke gagalan,Minor
"1) Pada export excel dan pdf, grafiknya tidak ada judul dan tidak ada keterangan seperti ""persen"" dan ""jumlah""<br><br>2) Kata ""return"" tidak menggunakan huruf kapital, tidak ada tulisan ""catatan pengawas"" di bawah grafik, serta keterangan ribuan pada grafik menggunakan angka (10.000) namun pada hasil preview menggunakan huruf (10rb)<br><br>3) Allignment tidak sesuai<br><br>4) Pada tab indikator pendukung, hasil export excel dan pdf di tiap grafiknya tidak muncul datanya",Minor
Nama kolom belum lengkap dengan mockup,Kosmetik
Nama kolom belum lengkap dengan mockup,Kosmetik
nama kolom belum sesuai dengan mockup,Kosmetik
Nama kolom belum lengkap dengan mockup,Kosmetik
Nama sub kolom belum sesuai mockup,Kosmetik
kolom pada aplikasi berbeda dengan T.3.1,Kosmetik
"pada kolom jumlah dapat diisi selain angka, namun pada saat klik simpan, data tidak dapat disimpan",Minor
nama kolom belum sesuai dengan mockup,Kosmetik
nama kolom tidak ada pada acuan/mockup,Minor
"-di web tidak ada nomor. <br>-pada baris kedua di bulan, pada mockup ada tulisan EOY. <br>-di mtm, ytd, dan yoy, pada web ada rumusnya, sedangkan pada mockup tidak ada",Minor
kesimpulan pada web belum sesuai dengan acuan/web,Minor
Nama kolom belum sesuai dengan Mockup,Kosmetik
"-di web tidak ada nomor.<br>-pada web tertulis keterangan, sedangkan pada mockup ""Jenis Rupa-Rupa Liabilitas""<br>-pada baris kedua di bulan, pada mockup ada tulisan EOY.<br>-di mtm, ytd, dan yoy, pada web ada rumusnya, sedangkan pada mockup tidak ada<br>",Minor
"pada saat mengisi data baru hingga tersimpan, lalu melakukan ekspor excel dan kemudian setelah beberapa menit lalu melakukan penghapusan data selalu gagal di pertama kali dan selanjutnya dilakukan kembali baru bisa",Minor
Tampilan tabel terlalu mepet dengan tepi atas dan tepi bawah kertas kerja,Kosmetik
belum ada menu audit trail,Mayor
Tipe data yang di upload seharusnya Format spreadsheet (.xlsx) dengan max size 5mb,Mayor
"1. Business Area dan Doc. Header Text blm ada<br><br>2. Berita Acara Cash 
Opname atas Kas Tunai 
(Cash on Hand)  untuk Nama Satuan Kerja blm ada",Mayor
kolom Jumlah Unit tidak tercantum dalam T31<br>,Minor
terdapat 2 tabel tambahan pada uraian rasio keuangan sesuai mapping,Minor
mohon objek log aktivitas disesuaikan dengan nama aktivitas terkait,Kosmetik
"Keterangan yang tercatat di audit trail, berbeda sama apa yang sedang dijalankan di web nya (SS terlampir)",Minor
Nama sub kolom belum sesuai mockup,Kosmetik
"Saat mengakses menu Perkembangan Pasar Modal Indonesia, keterangan pada audit trail tidak sesuai karena hanya membuka saja tidak ada penambahan form apapun dan keterangannya pun double",Mayor
Nama kolom belum sesuai acuan,Kosmetik
Nama kolom belum sesuai acuan,Kosmetik
pada data input manual tertulis minus ( - ) namun output yang dikeluarkan justru menandakan panah naik,Minor
Grafik tren belum tampil,Mayor
Export PDF dan Excel dibeberapa point belum sesuai,Mayor
jika data di input di bawah tanggal 8 mei menu tersebut tidak muncul di snapshot,Mayor
penomeran pada kesimpulan tidak berurutan,Minor
terdapat typo pada kolom ke 3 baris ke 2,Kosmetik
Tidak ada fitur Audit Trail pada aplikasi,Mayor
Kalimat belum sesuai dengan acuan/mockup,Minor
untuk hasil download excel dan pdf terdapat kalimat yang tidak bold seperti contoh mapping/mockup,Minor
"Terdapat tanda \"" - \"" pada bagian depan keterangan aktivitasnya (SS1)_SS terlampir",Kosmetik
Ada Item data tambahan yang belum sesuai,Minor
"Audit trail error, di refresh tidak bisa, di new tab masih tetap error, dan sudah clear cache",Fatal
Audit trail tidak bisa di akses,Fatal
Muncul Pop up (lihat lampiran) pada saat klik Export Excel dan Export PDF,Fatal
Hasil download belum sesuai dengan web,Kosmetik
Nilai angka dibelakang koma pada grafik tidak seragam,Kosmetik
"pada kolom \""NO\"", pada saat pertama kali input data di kolom tersebut terdapat angka yang tidak sesuai",Kosmetik
Kelebihan kolom pada hasil export Excel dan PDF<br>Mohon di adjust pada submenu neraca industri dan laba rugi,Kosmetik
"Hasil PDF terlalu kecil, hasil pdf bisa di bagi untuk beberapa page agar terlihat lebih jelas<br>Mohon di adjust pada submenu neraca industri, laba rugi dan Rasio industri",Kosmetik
Muncul Pop up (lihat lampiran) pada saat klik Export Excel dan Export PDF,Mayor
Nama file download belum sesuai dengan nama sub pada web,Kosmetik
Penamaan tabel ada perbedaan dengan T.1.1 penulisan dengan Bahasa Inggris &amp; Bahasa Indonesia,Kosmetik
Data Fax Telpon blm ada<br><br>,Mayor
Nilai persentase yang di export Excel dan PDF tidak sama dengan nilai persentase pada web,Mayor
Di web tidak ada menu yang tercantum sesuai di mappingnya (SS1)<br>SS terlampir,Minor
Nama kolom tabel pada hasil Export dan PDF belum sesuai dengan nama kolom pada Web,Minor
Ketika klik export Excel dan Export PDF muncul pop up gagal download,Mayor
"Saat melakukan checked dan sudah memilih cheker lalu pop up di close dan masuk ke checked lagi, field checker sudah otomatis terisi sesuai pilihan sebelumnya, ketika langsung submit muncul pop up belum memilih checker",Mayor
Nama kolom tabel pada hasil Export dan PDF belum sesuai dengan nama kolom pada Web,Minor
Nama file download belum sesuai dengan nama sub pada web,Kosmetik
"nomor akun beda, tapi deskripsi akun sama",Mayor
Urutan Nama kolom pada web belum sama dengan acuan/mockup,Minor
Terdapat nama kolom yang tidak ada pada acuan/mockup,Minor
SIPROJEK belum tersedia di History Interface,Mayor
belum bisa melakukan export PDF,Mayor
format jam belum sesuai,Minor
hasil download excel terdapat inkonsistensi Pada align kolom D dan E karena pada baris 1 align right<br>mohon di adjust ke seluruh tren,Kosmetik
"Untuk Tombol cancel (X) pada field tidak berfungsi sepenuhnya (tanpa klik tombol \""X\"" dapat membatalkan)",Minor
Bisa ditambahkan ikon bintang (*) sebagai mandatori data field untuk diisi/dilengkapi,Minor
Data Field Pemberi Gratifikasi telah diisi namun tidak muncul pada tabel Tampilan Pemberi Gratifikasi,Mayor
dengan menggunakan mode mobile tampilan pengumuman (tidak  terbaca),Kosmetik
Untuk Kode Jenis Gratifikasi tidak muncul pada tabel,Minor
terdapat underscore (_) pada header kolom isian,Kosmetik
1. Bisa ditambahkan ikon bintang (*) untuk data field yang wajib diisi<br><br>2. Untuk penulisan Uraian Gratifikasi yang diterima/ditolak agar bisa di sejajarkan ke atas dengan tabel,Minor
Tidak terdapat kolom tambah dan simpan,Mayor
"Tidak terdapat kolom Tambah Data, Simpan, Import Excel, Download Template, dan Import",Mayor
Tidak terdapat kolom Export Excel dan Export PDF,Mayor
tabel Log Dokumen belum di takeout,Mayor
Header Kolom Indikator Keuangan Utama berbeda dengan template,Kosmetik
Kolom Tabel bisa di rapihkan dengan rata tengah atau rata kiri,Kosmetik
Gambar pada beranda (Home) belum tampil,Minor
1.Kolom tabel pada Log user id belum ada jarak spasi terlampir    ( ss 001)<br><br><br>2. nama kolom nomer belum ada keterangan (ss002) dan kolom di sesuaikan (ss003)<br><br><br><br>,Minor
"pada hasil download KYNBFI, beberapa kolom yang seharusnya kosong terdapat source code yang ikut tercetak",Mayor
Deskripsi pada activity belum sesuai dengan T.1.1.,Minor
"data di tab Organisasi, Manajemen Risiko, dan Sistem Pengendalian Internal belum tertarik ke generate KYBNFI",Mayor
Untuk Penulisan Alamat Pada Tab Menu Pemberi Gratifikasi jumlah karater tidak sesuai (hanya 100 karakter) dengan dokumen T.1.1 (sebanyak 500 karakter),Mayor
"data pada tab Status Pengawasan, Kepatuhan, dan Isu-Isu Hukum belum tertarik ke hasil generate KYBNFI",Mayor
data Rencana Utama atau Signifikan Perusahaan yang Menjadi Perhatian Pengawas dan Analisis terhadap Potensi Risiko dan Permasalahan yang tergenerate belum sesuai,Mayor
Pada analisis terhadap potensi risiko dan permasalahan berbeda dengan aplikasi dan hasil generate,Minor
"Data pada rencana bisnis utama atau signifikan perusahaan yang menjadi perhatian pengawas, dan analisis terhadap potensi risiko dan permasalahan pada hasil tergenerate belum sesuai",Mayor
label text antara aplikasi dan hasil generate berbeda,Minor
"Data pada tab organisasi, manajemen risiko, dan sistem pengendalian internal belum tertarik ke generate KYNBFI",Mayor
"Data pada tab Status Pengawasan, Kepatuhan, dan Isu - Isu Hukum belum tertarik ke hasil generate KYNBFI",Mayor
tidak bisa upload file,Mayor
Data pada tab ringkasan efektif berbeda dengan aplikasi dan hasil generate,Minor
"1. saat memilih tanggal jatuh tempo rekomendasi maka otomatis muncul tanggal jatuh tempo IKU<br>2. saat memilih jenis rekomendasi, tidak ada perubahan pada tanggal jatuh tempo IKU sedangkan seharusnya saat memilih jenis rekomendasi untuk  selain Non IKU itu akan otomatis terisi default 30 hari dan default kosong untuk Non IKU",Mayor
Data pada tab kegiatan penunjang berbeda dengan aplikasi dan hasil generate,Minor
Data pada tab rencana bisnis berbeda dengan aplikasi dan hasil generate,Minor
"Data pada tab Organisasi, Manajemen Risiko, dan Sistem Pengendalian Internal berbeda dengan aplikasi dan hasil generate",Minor
"Sistem membaca master data, mengambil Actual &amp; Commitment dari FM, menghitung Saldo Anggaran, Digunakan (%), Saldo Akhir, dan menampilkan hasil kalkulasi tanpa error masih belum muncul",Mayor
1. Tanggal Approved pada kolom approved tidak muncul<br>2. Kolom status tidak berubah mengikuti status data tersebut,Mayor
Data pada tab kegiatan penunjang berbeda dengan hasil generate dan aplikasi,Minor
Tampilam popup fitur hapus belum sesuai dengan T.1.1,Minor
"Untuk tombol aksi \""+\"" keterangannya tambah baris baru seharusnya tambah data baru.",Minor
"Pada Dokumen T.1.1 tertulis dengan aksi SUBMIT akan muncul popup \""apakah laporan sudah jelas dan lengkap\"" namun pada aplikasi aksi nya adalah KIRIM",Minor
Status data tidak tampil di grafik dan kolom<br><br>,Mayor
data status approved di grafik tidak muncul pada data di kolom status,Minor
"saat simpan data Analisis Kinerja Sub Dana, popup notifikasi menggunakan symbol x untuk keterangan data berhasil disimpan",Minor
"Saat simpan data analisi kinerja sub dana, popup nootifikasi menggunakan simbol x untuk keterengan data berhasil disimpan",Minor
"di menu overview monitoring pemeriksaan langsung, pada kolom data aspek pemeriksaan download PDF warnanya bocor background biru sedangkan kolom download print, png, jpeg xls tidak ada",Minor
"Pada Tab Menu Pemberi Gratifikasi tampilan pada tabel untuk Hubungan menggunakan kode nomor , namun pada saat pengisian data field nomor tersebut tidak ada",Minor
"Data tidak realtime, data yang diinput pada akun pelapor tidak terbaca di akun admin",Mayor
"Kolom ID tidak ada di mockup, berbeda dengan mockup",Kosmetik
Pengelolaan Risiko poin a-h belum ada pada aplikasi,Mayor
sistem akuntansi seharusnya Sistem Akuntansi agar konsisten,Kosmetik
Belum ada Menu Agregat Industri,Fatal
Belum ada menu Kepatuhan,Fatal
"huruf awal \""terhadap potensi risiko\"" belum menggunakan huruf kapital. kata yang seharusnya tidak menggunakan kapital karena merupakan kata depan",Kosmetik
Isu Isu belum menggunakan penghubung (-),Kosmetik
isu isu belom menggunakan penghubung (-),Kosmetik
"Bisa ditambahkan kode bintang \""*\""pada kolom Penerimaan/Penolakan Gratifikasi yang menandakan bahwa kolom tersebut terisi/diisi oleh UPG",Minor
Tidak ada jarak spasi pada keteerangan activity,Minor
Aktivitas harap dibuat lebih general (tidak menunjukkan variabel / nama object backend)<br><br>Spasi harap disesuaikan,Minor
"saat melakukan update/tambah dokumen pendukung, tidak tercatat dalam audit trail",Mayor
tampilan login terlalu besar,Minor
"Setelah melakukan pencarian pada laporan lalu memilih button tombol reset, data tidak menampilkan / load data semula",Mayor
isian kolom approver masih dapat diisi dengan akun drafter,Minor
"1. Pada Tampilan Tabel Daftar Laporan ada kolom ""Sifat"" namun pada field nya (Input Laporan) tertulis ""Sifat Pengaduan"" (SS1)<br><br><br>2. Pada Tampilan Tabel daftar Laporan ada kolom ""Kategori"" namun pada field nya (Input Laporan) tertulis ""Kategori Gratifikasi"" (SS2)",Minor
"typo pada kata \""Aktifitas\""<br><br>Mohon disesuaikan menjadi 'Aktivitas' sesuai kaidah KBBI",Kosmetik
saat melakukan pencarian tanggal data laporan filter tanggal belum sesuai dengan filter tanggal kirim,Mayor
"Terdapat ketidakkonsistenan penggunaan istilah <strong data-start=\""60\"" data-end=\""74\"">\""Analisis\""</strong> dan <strong data-start=\""79\"" data-end=\""92\"">\""Analisa\""</strong> pada aplikasi, modul, serta hasil generate laporan.",Minor
Pada Agregat Industri terdapat menu Fixed report,Mayor
judul tabel I.Laporan posisi Keuangan belum sesuai mockup,Minor
Terdapat menu ALB Renbis,Mayor
"ada typo notifikasi saat melakukan pengujian dengan melakukan penghapusan nama pemberi gratifikasi tanpa menghapus dari penerima/penolakan gratifikasi muncul notifikasi \""Data telah digunakan di Tab Penerimaan. Hapus Penerimaan terkait terlebih dahulu untuk<strong> menhapus </strong>data ini, seharusnya \""menghapus\""",Kosmetik
Catatan yang diinputkan tidak terbaca di preview daftar laporan,Mayor
Terdapat menu Input kepatuhan,Mayor
"Terdapat perbedaan huruf kapital, pada aplikasi menggunakan huruf depan kapital,sedangkan pada hasil generate menggunakan huruf kecil, dan dapat perbedaan pada kata ""<strong>ï»¿serta"" ""dan"" </strong>mohon di adjust pada penulisan aplikasi dan hasil generate<br>",Minor
"ketika melakukan zoom 100 % tampilan kalender terpotong ,sedangkan dengan zoom 75 % kalender terlihat tampilan serupa pada mobile",Minor
"Pada hasil download Laporan Gratifikasi untuk Baris <strong>B. DATA PENERIMAAN GRATIFIKASI , </strong>ï»¿bisa disamakan penulisannya saat melakukan input laporan <strong>ï»¿Data Penerimaan / Penolakan Gratifikasi</strong>",Minor
"Untuk data field <strong>kode, nama kantor, alamat kantor, kecamatan, kelurahan </strong>dan<strong> kode pos </strong>bisa ditambahkan kode bintang \""*\"" karena merupakan data wajib isi",Minor
Pada penulisan hasil generate tidak di bold dan tidak menggunakan huruf kapital berbeda dengan aplikasi,Minor
saat klik export excel dan pdf muncul pop up error,Mayor
"belum sesuai template, kata baku analisa adalah <b>analisis</b>",Kosmetik
"belum sesuai template, kata baku analisa adalah <b>analisis</b>",Kosmetik
"belum sesuai template, kata baku analisa adalah <b>analisis</b>",Kosmetik
"belum sesuai template, kata baku analisa adalah <b>analisis</b>",Kosmetik
"belum sesuai template, kata baku analisa adalah <b>analisis</b>",Kosmetik
Jumlah perusahaan pada menu Rekap monitoring pemeriksaan langsung tidak sesuai dengan Overview Monitoring pemeriksaan langsung.,Mayor
Isi kolom pada web belum sesuai dengan mockup,Minor
Isi kolom pada web belum sesuai dengan mockup,Minor
"Saat sesion time out tidak tidak langsung menuju tampilan login awal username dan password, namun muncul error",Mayor
Terdapat perbedaan penulisan huruf kapital pada aplikasi dan hasil generate,Kosmetik
Pada penulisan hasil generate tidak di<b> bold</b> berbeda dengan aplikasi,Kosmetik
Pada penulisan hasil generate tidak di <strong>bold </strong>ï»¿berbeda dengan aplikasi,Kosmetik
Pada penulisan hasil generate tidak di <strong>bold </strong>ï»¿berbeda dengan aplikasi,Kosmetik
Dalam penulisan header belum ter numbering  pada hasil generate,Kosmetik
Pada penulisan hasil generate tidak di <strong>bold </strong>ï»¿berbeda dengan aplikasi,Kosmetik
data log aktivitas kurang lengkap (monitoring pemeriksaan langsung),Minor
"untuk aktivitas mengakses form tambah sebaiknya dihilangkan karena belum melakukan aktivitas tambah, melainkan hanya mengakses menu",Minor
Pada penulisan hasil generate tidak <strong>dibold </strong>ï»¿berbeda dengan aplikasi,Kosmetik
Aksi import excel/tambah data melalui import tidak ada keterangan aktivitas pada audit trailnya,Minor
1. Based on lampiran T11 seharusnya kolom kategori muncul opsi untuk pilih PEP atau DTTOT<br><br>2. Seharusnya saat mengisi nomor maka otomatis akan terisi dengan urutan nomor yg sesuai<br>,Mayor
"terjadi double judul ""data"" pada header diatas table",Kosmetik
pada jenis data MI NAB 10M. masih belum sesuai judul tabelnya,Minor
pada jenis data MI Summary NAB 10M (View RD). masih belum sesuai judul tabelnya,Minor
"login dengan username vendor.mpks10, namun ketika sudah masuk ke web, jadi vendor.mpks04",Mayor
pada jenis data MI Summary NAB 10M (View BK). masih belum sesuai judul tabelnya,Minor
pada jenis data PE Data Profil Kosong. masih belum sesuai judul tabelnya,Minor
pada jenis data MI NAB 10M. masih belum sesuai judul tabelnya,Minor
pada jenis data PE Rata-Rata Transaksi Nasabah. masih belum sesuai judul tabelnya,Minor
pada jenis data PE Total Transaksi Nasabah. masih belum sesuai judul tabelnya,Minor
berbeda dengan mockup acuan<b> Nama LJK </b>dan <b>LJK</b><br>,Kosmetik
pada jenis data: Data Nasabah Individu Tidak Disampaikan. kurang Tanggal  tercatat pada KSEI,Mayor
pada jenis data: Data Nasabah Institusi Tidak Disampaikan. kurang Tanggal  tercatat pada KSEI,Mayor
"peda jenis data: PE Kenaikan Value Portofolio. kata ""persentase"" memakai simbol %",Kosmetik
pada jenis data PE Anomali Transaksi. masih belum sesuai judul tabelnya,Minor
"Tanggal lahir blm ada validasi, masih bisa diisi lebih dari tanggal saat ini",Mayor
"Tanggal akhir blm ada validasi, masih bisa diisi kurang dari tanggal awal",Mayor
Created By dan Modified By masih blm terisi sesuai akses,Mayor
NIK masih bisa di input huruf,Mayor
"perbedaan format penulisan <b>Tanggal Surat Tugas, Tanggal dibuat, dan tanggal dikirim </b>pada penulisan bulannya",Minor
"pada MI NPW Transaksi, kurang field table \""status\""",Mayor
pada jenis data BAE Statistik Jenis Efek. masih belum sesuai judul tabelnya,Kosmetik
"pesan validasinya masih ada bahasa inggris, sebaiknya dihilangkan",Minor
"ketika tambah data, masih bisa menyimpan data kosong tanpa melakukan pengisian",Mayor
"Tidak bisa masuk ke aplikasi, muncul pesan ""Gagal mendapatkan Pass Key""",Fatal
"pada jenis data PE Perbedaan nama, datanya masih kosong",Mayor
urutan sub menu di aplikasi dan di mockup tidak sama,Kosmetik
Tidak ada keterangan nama kolom,Minor
Data tidak muncul,Mayor
Filter tidak dipilih namun data dapat muncul,Mayor
Filter tidak dipilih namun data dapat muncul,Mayor
"pada filter eksternal dan memilih pengirim, nama nama pengirim tidak dapat muncul",Mayor
Nama file hasil download belum sesuai dengan nama file pada web,Minor
"Jika Export Excel dan PDF file hasil download, nama file belum menggambarkan sesuai yang di export, mohon di adjust ke semua tabel",Minor
"Ketika klik tab Progress Likuidasi&gt; Ceklis Reporting Automatic yang perlu di update nya tidak bisa (SS1) dan belum ada penamaan ""cheklist pengawas"" nya (Datanya belum ada di setiap perusahaan)",Mayor
"posisi tabel \""uraian\"" berbeda dengan mockup, dan tabel menu ceklis berbeda dengan mockup",Kosmetik
"sama seperti temuan no 2 / pada filter eksternal dan memilih pengirim, nama nama pengirim tidak dapat muncul",Mayor
Pada Summarry belum terdapat button untuk pilih jenis download yang diperlukan,Minor
"1. Ketika ubah data berhasil(SS1), aksi berhasil edit tersebut tidak tercatat pada audit trail nya (SS2)<br><br>2. Aktivitas ""logoout"" tidak tercatat pada audit trail (SS3)<br><br>3. Ketika ""hapus data"" belum tercatat pada audit trailnya (SS4)",Mayor
Hasil export excelnya pada per tab belum sesuai (SS1),Minor
Nama file hasil download belum sesuai dengan nama file pada web,Minor
Data hasil filter tidak muncul,Mayor
hasil export excel isinya berbeda dengan aplikasi,Mayor
"Periode : 2026<br>Pada bagian Summary, Jumlah Likuidasi Dana Pensiun, Jangka Waktu Penyelesaian Likuidasi dan Nama PIC. Nama PIC masih Kosong",Mayor
"1. pada hasil download excel dan pdf kolom ceklis tidak menampilkan ceklis<br>2. pada awal kalimat kolom uraian ada beberapa yang menggunakan spasi diawal, dimohon untuk dibuatkan sejajar<br>3. pada awal kalimat kolom uraian ada beberapa yang menggunakan tanda (-) pada awal kalimat<br>4. ada typo pada aplikasi dan export excel dan pdf pada nomor 15 dan 19",Mayor
Penamaan file pada export excel dan pdf hanya menggungkan (-) dan angka:<br>1. Jumlah Lukuidasi<br>2. Jangka waktu penyelesaian<br>3. Status Pembentukan RKA<br>4.Status Penyelesaian Likuidasi<br>5. Batas Waktu RKA Selesai,Minor
kolom yang dapat di edit hanya:<br>- Status<br>-Status Badan<br>-Batas Waktu RKAB<br>selebihnya tidak dapat diedit,Minor
"ketika melakukan edit dan hapus data, tidak tercatat di audit traill",Mayor
"Terdapat typo pada kata ""Likuidasi""di judul dashboard ""Status Pembentukan RKA, Status Penyelesaian Likuidai dan Batas Waktu RKA Selesai"". Mohon untuk disesuaikan",Kosmetik
pada saat klik home langsung kebuka newtab,Minor
Nama Tabel belum sesuai dengan nama judul,Minor
Angka pada tabel mohon di adjust rata kanan,Minor
"1. Summary, Jumlah Likuidasi Dana Pensiun, Jangka Waktu Penyelesaian Likuidasi dan Nama PIC. Pada Tabel Jumlah Likuidasi Dana Pensiun, Jangka Waktu Penyelesaian Likuidasi format angka belum rata kanan. Mohon untuk disesuaikan<br><br>2. Status Pembentukan RKA, Status Penyelesaian Likuidasi dan Batas Waktu RKA Selesai. Pada Tabel data angka belum rata kanan. Mohon disesuaikan",Minor
aplikasi dengan mockup tidak sesuai,Mayor
tabel pada aplikasi tidak sesuai dengan mockup,Minor
Tabel pada aplikasi berbeda dengan Mockup,Minor
tabel pada aplikasi berbeda dengan mockup,Minor
"""Jumlah"" belum rata kanan (SS1)",Minor
Tabel pada aplikasi berbeda dengan Mockup,Minor
"Pada pilih Periode, Industri, dan Nama Perusahaan ,  kemudian klik button Proses, di audit trailnya tercatat ""Mengakses Form Tambah"" (SS1)",Mayor
Hasil download tidak sesuai dengan tabel yang tertera diaplikasi pada form<br>-RKAB<br>-Analisa Dokumen Progress Likuidasi<br>-Penyelesaian,Mayor
Opsi jenis sanksi ada pilihan yang double,Minor
"ketika mengisi form tambah dan hanya mengisi mandatory saja lalu disimpan, terlacak di audit traill hanya <strong>mengakses form tambah, </strong>ï»¿jika mengisi form tambah sampe full baru muncul",Minor
Data sanksi belum muncul pada user Reviewer,Mayor
Session berakhir lebih dari 30 menit,Minor
file hasil download tidak bisa di buka (file corrupt),Mayor
Opsi pilihan Transaksi Pelimpahan PUPN belum muncul,Mayor
Daftar Pencatatan Transaksi belum muncul di submenu,Mayor
Tombol OK atau Submit sebaiknya warna biru atau hijau,Kosmetik
"1. Pada Centang Reporting Otomatis ""Rencana Penyelesaian"" dan ""Keterangan"" nya kosong, tetapi ""Persentase Penyelesaian TL"" nya tercantum 100%<br><br>2. ""Rencana Penyelesaian"" dan ""Keterangan"" nya terisi, tetapi ""Persentase Penyelesaian TL"" nya tercantum 0%",Minor
Email tidak terkirim,Mayor
Nilai Tagihan sedangkan pada web NILAI TAGIHAN (RP),Kosmetik
setelah mengirim data dari drafter ke reviewer data belum masuk,Mayor
ketika melakukan penyesuaian tabel data kolom sebelah terpotong baik judul maupun isi kolom,Minor
button <strong> Hapus </strong> belum muncul,Mayor
"untuk format tabel % Tersebut mohon untuk di buat center, dan untuk judul tabel dihilangkan <strong>% </strong>ï»¿nya karna isi pada tabel tersebut sudah persen",Minor
"Data pada ""Persentase Penyesuaian TL"" belum center, dan pada penamaan kolom tersebut ""%"" nya dihilangkan saja (SS1)",Minor
"Wajib Bayar : PT Truba Alam Manunggal Engineer Tbk, tidak muncul tagihan dari pengembalian pelimpahan PUPN",Mayor
"Download lampiran pada tab ""RKAB"", ""Analisan Dokumen Progress Likuidasi"", dan ""Penyelesaian"" (SS1), berhasil ter- download, namun belum tercatat aktivitas nya pada Audit Trail (SS2)",Mayor
Hasil download tidak sesuai dengan table yang tertera di aplikasi pada form<br>- RKAB<br>- Analisa Dokumen Progress Likuidasi<br>- Penyelesaian,Mayor
"Ketika melakukan review, opsi nama approver belum tampil",Mayor
Menu Transaksi belum ada sub menu Penyisihan Piutang pada akun Inputer,Mayor
pada <strong>periode</strong> dan <strong>tanggal dibuat</strong> sebaiknya dibuat center,Kosmetik
menu pemasukan kas belum tampil di user irma.wahyuni,Mayor
Menu Periode Sanksi belum ada di Master Data,Mayor
Based on T11 seharusnya SPRINT ada,Fatal
field <b>Lampiran</b> tidak muncul saat halaman pertama kali di-<i>load</i>. Field tersebut baru muncul setelah field di atasnya diubah/terdapat perubahan pada field lain yang telah muncul saat pertama di-<i>load</i>,Minor
"1. seharusnya header PALN<br><br>2. tab 4 dan tab 5 header keduanya PALN, apakah memang begini atau ada penyesuaian template?",Kosmetik
"Pada tab ""RKAB"" dan ""Penyelesaian"", ""Tanggal Efektif Pembubaran"" nya kosong, tetapi di tab ""Analisa Dokumen Progress Likuidasi"" terisi tanggal nya (SS1)",Mayor
"validasi tanggal hanya berjalan setelah klik <b>Generate</b>. Tanpa <b>Generate</b>, data tetap dapat disimpan meskipun <i>Tanggal Selesai </i>lebih awal dari <i>Tanggal Mulai</i>",Minor
ketika mencari data yang sudah di approved data tidak muncul,Mayor
Login menggunakan Link http://10.224.60.57:8081/ redirect ke http://10.224.60.57:8081/Internal/Login<br>menyebabkan tidak bisa login akun eksternal,Minor
"ketika melakukan lihat Detail data ,dasar hukum dapat melakukan edit dan hapus data",Mayor
"Setelah melakukan tambah data, data yang sudah ditambahkan tidak muncul di tabel dasar pengenaan",Mayor
judul MONTHLY DERIVATIVE MARKET SUMARRY belum ada,Kosmetik
judul pada table chart masih terlalu kanan,Kosmetik
"di dalam table, BEI dan BBJ masih belum berurutan. <br><br>di dalam table chart, kurang tahun ""2026""",Minor
pada menu kumpulan pendapat akutansi saat edit data pada submenu dokumen pendukung ada kolom tabel yang ukuranya tidak sesuai atau kecil sendiri,Minor
"pada table ""indeks"" dan ""single stock"" dan ""paln"". pada baris NV dan Frekuensi masih terlalu kanan",Kosmetik
"penulisan ""frekuensi"" pada table presentase Indeks, single stock, PALN. masih belum bahasa indonesia",Kosmetik
"Pada tabel untuk format Tanggal pada kolom Periode dan kolom Tanggal belum seragam, sebaiknya  DD-MM-YYYY",Minor
"kurang kata ""PALN""",Kosmetik
"1. validasi eror tidak berurutan<br>2. pada strukdat penulisan \""sandi LJk\"" sedangkan pada aplikasi \""kode LJK\""<br>3. pada strukdat \""KCBLN\"" pad aplikasi \""KCBA\"" saat di input menggunakan karakter ""!""",Minor
"Pada saat Tambah Data Transaksi harian terdapat tombol Preview Data, namun pada transaksi mingguan dan bulanan tidak ada",Mayor
"pada TRANSAKSI BERDASARKAN JENIS UNDERLYING. di table ""NV"" masih terlalu kanan",Kosmetik
"pada underlying, di table BBJ, belum sesuai. dan di ICDX juga belum sesuai",Kosmetik
"- Pada Transaksi Data Harian saat tambah data tanggal dimaksud (02 Februari 2026) data (transaksi) kosong, namun pada Data Transaksi Mingguan pada tanggal 02 Februari 2026 terdapat data (transaksi) (SS1)<br><br>- Namun hasil export excel ada datanya (SS2)",Mayor
hasil pada export excel belum sesuai dengan hasil pada web,Mayor
kolom status KCBLN tidak muncul di log eror saat input spasi,Mayor
"Saat melakukan zoom in pada tampilan 90%, tabel pada dokumen persuratan bagian <strong>Perihal</strong> terlihat terpotong. Pada  tampilan 100%, tabel <strong>Perihal </strong>tidak muncul, sedangkan pada 80% (zoom out) tabel dapat ditampilkan dengan jelas.",Minor
"1. Pada halaman Lihat Detail Data, saat dilakukan pengurutan nomor, Button Edit dan Hapus masih tetap ditampilkan.<br><br>2. Pada halaman Lihat Detail Data, dokumen pendukung masih dapat melakukan tambah data ,edit dan hapus.",Mayor
"pada form Review Data, data masih bisa disimpan meskipun dropdown field required <strong>Ajukan Approval Kepada</strong> tidak diisi",Minor
"ketika melakukan review data yang sudah di review sebelumnya, tampilan menjadi error",Mayor
"ketika melakukan review dengan klik review lalu pada pop up konfirmasi pilih button batal, button review nya tidak muncul kembali",Mayor
m2: pada Kontribusi Top 10 Indeks di BBJ Berdasarkan NV. di kolom kode kontrak dan nama kontrak. masih belum berurutan,Kosmetik
"pada menu gabungan pendapat akuntansi pada periode 2025 datanya ada 4 sedangkan pada kumpulan pendapat akuntansi ada 5 yang sudah diapporove, periksa juga disemua tahun karena di periode 2026 juga sama",Mayor
"M1: <br>1. pada TOTAL TRANSAKSI INDEKS, SINGLE STOCK, DAN PALN: BEI tidak terlihat walau datanya ada<br>2. pada Perbandingan Volume Transaksi Indeks Single Stock dan
PALN per Hari: ketika sudah memilih indeks dan singlestock, hanya muncul data PALN<br>3. pada TRANSAKSI BERDASARKAN JENIS UNDERLYING: data single stock tidak terlihat, walau sudah ada datanya",Kosmetik
"pada redaksi eror format data ada pengulangan pada kalimat \""harus angka bilangan bulat\""",Mayor
Tampilan data pada Detail Transaksi Indeks untuk Kolom Data Indeks terlihat kurang terstruktur seperti kolom singel stock,Kosmetik
"M2: <br>-pada kotak hijau, di mockup tertulis ICDX, namun di web tertulis BBJ<br>-pada kotak kuning, penulisan ""nama kontrak"" tidak adjust<br>-pada kotak merah, data belum sesuai<br>-pada data biru, data belum sesuai",Kosmetik
nama laporan belum sesuai dengan yg di strukdat,Minor
nama2 terkait laporan setiap formnya disesuaikan dengan yg ada di template,Mayor
tidak bisa melakukan download template,Mayor
Saat melakukan setting pada Master Periode Sanksi Error,Fatal
form 01B input desimal pesan validasi tidak sesuai,Kosmetik
pada tabel nama dokumen belum ada spasi,Kosmetik
"Pesan validasi tidak sesuai, di stuktur data tertulis \""periode pelaporan\"" sedangkan pada pesan validasi tertulis \""periode data\""",Kosmetik
saat melakukan generate template muncul pesan error dan hasil generate tidak ada form 11B,Mayor
hasil export excel pada periode tampilan nya menggunakan desimal,Kosmetik
log eror tidak muncul,Mayor
Saat upload file lampiran tidak berhasil,Mayor
tidak bisa melakukan hapus data pemasukan kas,Mayor
"Data pada web/aplikasi detail transaksi indeks, single stock dan Paln, untuk kolom single stock berbeda dengan hasil export",Mayor
keterangan jumlah error terpotong,Kosmetik
"hasil generate tidak sesuai yang seharusnya Untuk form 7b jika status kcbln = 0, maka kosong. untuk form lain harus diisi.<br>sedangkan untuk form 6B jika kcbln = 1, maka kosong, form lain harus diisi.",Minor
Saat melakukan  penyimpanan data baru urutan data masih belum teratur,Minor
belum ada button review pada user reviewer,Mayor
form 02B baris 34 kolom 9&amp;10 ketika di isi selain angka tidak muncul log eror,Mayor
Nama - nama terkait laporan setiap formnya disesuaikan dengan yang ada di tamplate,Mayor
Data web/aplikasi pada beberapa tabel  di Analisis transaksi harian dengan kolom yang memiliki keterangan di-ringkas (Rp Juta) belum sesuai dengan data real data atau export excel.,Mayor
mohon tambahkan validasi untuk genarate nomor surat sipena apabila tidak memakai akun pegawai,Minor
"1) tidak ada spasi<br>2) tanda sama dengan \""=\"" double<br>3) muncul rumus \""+ pos penambahan (jika ada)\""<br>4) nomor tidak berurut",Minor
pada template nilai pada (laba bersih persaham) yaitu 3.00 sedangkan pada strukdat  Diisi satuan penuh rupiah,Mayor
"1) Panjang maximum tidak sesuai<br><br>2) Tanda sama dengan ""="" double<br><br>3) Pada penulisan penjumlahan menggunakan "",""<br><br>4) Pada strukdat tidak ada keterangan kalau penjumlahan kompenen a dengan komponen b<br>",Mayor
form 02B log eror baris 34 tidak muncul saat pengetesan input menjadi bilangan desimal,Mayor
Pada web /aplikasi Tabel Single Stock dan Paln untuk Frekuensi (kali) seharusnya tidak menggunakan simbol persentase (%),Minor
nama kolom tidak sesuai dengan strukdat,Mayor
Pada web /aplikasi Tabel Single Stock dan Paln untuk Frekuensi (kali) seharusnya tidak menggunakan simbol persentase (%),Minor
"M2 : <br>pada single stock futures. <br>1.di Kontribusi Top 10 Single Stock di BEI Berdasarkan Nilai Transaksi, pada judul tabel kode kontrak pada mockup ""(BBJ)""<br>2. di Kontribusi Top 10 Single Stock di BBJ Berdasarkan NV Transaksi, pada judul tabek kode kontrak pada mockup ""(ICDX)""<br>3. belum ada data Kontribusi Top 10 Single Stock di ICDX Berdasarkan NV Transaksi",Minor
belum ada button review pada user reviewer,Mayor
"M3:<br>1. pada table ke-2, Kontribusi Top 10 Trader Buyer Indeks di BBJ Berdasarkan NV Transaksi. pada judul Exchange Member di mockup ""(ICDX)""<br>2. pada table ke-3 Kontribusi Top 10 Trader Buyer Indeks di BBJ Berdasarkan NV Transaksi. pada judul Exchange Member di mockup ""(ICDX)""<br>3. pada table 1, 3, dan 4 datanya belum ada 10 top",Minor
"1. pesan kesalahan dihapus belum standar (ss1)<br>2. form 10B dan 11B lolos, yang mana seharusnya non KCBLN hanya form 07B yang kosong (ss2)<br>3. pesan validasi masih KCBA belum KCBLN (ss3)",Mayor
"M4:<br>1. pada table ke-3, Kontribusi Top 10 Broker Buyer Single Stock di ICDX Berdasarkan NV Transaksi di judul tabel pada mockup Exchange Member (BBJ)",Kosmetik
1. Pada Web/aplikasi data di kolom Single Stock terdapat selisih nilai dengan hasil Export Excel (SS1)<br><br>2. Pada Data Paln di kolom NV angkanya tidak sama dengan hasil export (belum di ringkas) (SS1)<br><br>3. Jumlah kolom Paln pada aplikasi/web (ada 5 kolom) berbeda dengan hasil export excel (ada 4) sesuai mockup (SS2),Mayor
pada Hasil Export analisis harian terdapat Typo yang seharusnya Underlying,Kosmetik
"saat menambahkan data kodifikasi pendapatan hukum, pemilihan periodenya hanya tahun saja namun ketika edit data tampilan periodennya berupa tahun-bulan dan tanggal",Mayor
"1. Hasil Export Excel pada tabel Single stock terdapat Kolom Bilateral, namun pada web/aplikasi adalah kolom Skema.<br><br>2. Urutan untuk Chart Perhitungan Total dari 3 Bursa antara hasil export excel dan web/aplikasi berbeda",Mayor
1) Panjang maksimum tidak sesuai strukdat<br>2) baris 18 dan 20 tidak muncul log error,Mayor
"validasi masih belum sesuai antara strukdat dan client pada kolom 5 dan 6, saat input karakter lolos log error tidak muncul sedangkan saat input karakter tidak lolos log error muncul pada",Kosmetik
1. tolong konsisten untuk pesan error terkait penjumlahan. disepakati terkait dengan penjumlahan maka akan menggunakan tanda +<br><br><br>2. tolong konsisten untuk tanda = cukup muncul 1 aja di penjumlahan,Minor
1. data antara template dengan txt berbeda<br>,Fatal
"dari hasil template, ketika di upload file. terjadi double data yang masuk",Mayor
Saat Tambah Data Master Klusterisasi Nomor pada Master Klusterisasi Tampil Minus (-),Kosmetik
"Pada menu gabungan pendapat hukum filterin dan preview data, download dokumen tidak ada hasil",Mayor
pada menu gabungan pendapat hukum <strong>periode</strong> tahun<strong> dibuat</strong> sebaiknya dibuat center<br><br>Menu Gabungan Pendapat Akuntansi sebaiknya juga<br>,Kosmetik
"Saat dilakukan percobaan dengan data kosong, data tetap berhasil tersimpan. seharusnya ada validasi / tidak bisa  input dengan data kosong",Mayor
tidak bisa melakukan registrasi,Mayor
Untuk Tabel yang ada di page 2 dan page 3 analisis harian pada hasil export excel bisa dibuat lebih terstruktur seperti pada aplikasi / web,Minor
"M1:<br>pada presentase pertumbuhan volume &amp; frekuensi 2025. keterangan ""frekuensi"" masih dalam bahasa asing. (kotak biru)<br>penamaan label hasil export, tidak sama seperti pada web. (kotak hijau)",Minor
"ada perbedaan nama di label. pada web ""no"". pada hasil download excel ""id""",Kosmetik
1. Analisis Laporan Harian Page 4 aplikasi / web Tabel pada kolom Contract Code dibuat rata kiri dan kolom volume (lot) serta kolom Nilai (Rp Juta) dibuat rata kanan<br><br>2. Hasil Export Excel Analisis Laporan Harian Page 4 untuk tabel pada kolom Contract Code dibuat rata kanan<br><br>3. Pada Hasil Export Excel Analisis Laporan Harian page 4 jika tidak ada datanya keterangan berbeda dengan aplikasi / web (mockup),Minor
"Pada menu kumpulan pendapat akuntansi pada akun yang sama vendor.mpks21 bisa melakukan drafter, checker dan approval secara bersamaan.",Mayor
"M1:<br>pada TRANSAKSI BERDASARKAN JENIS UNDERLYING. di salah satu kolom underlying. penamaan masih salah. harusnya ""Single Stock""",Kosmetik
1.Hasil Export Excel Analisis Laporan Harian pada page 5 untuk tabel yang tidak ada data keterangannya tidak sama dengan mockup (SS1)<br><br>2. Pada Web / Aplikasi Analisis Laporan Harian page 5 untuk data yang kosong tidak ada / belum ada keterangannya (SS2),Minor
"M1:<br>pada DETAIL TRANSAKSI INDEKS, SINGLE STOCK, DAN PALN. judul tabel dan isi table rata kanan, kiri dan tengah belum rapih",Kosmetik
"1) Nama kolom tidak sesuai dengan strukdat<br>2) tanda sama dengan ""="" double",Mayor
"M2:<br>judul dalam tabel pada nama kontrak, belum rata tengah",Kosmetik
M2: <br>pada judul tabel Kontribusi Top 10 Single Stock di BEI Berdasarkan Nilai Transaksi :96.59%<br>kurang tanda spasi sebelum angka,Kosmetik
M3: <br>judul tabel ada yang belum rata tengah,Kosmetik
M4:<br>judul tabel ada yang belum rata tengah<br>,Kosmetik
"1) Panjang Maximum tidak sesuai<br><br>2) Pada hasil log error Tanda ""="" double mohon disesuaikan untuk semua hasil log error<br><br>3) Muncul rumus ""penambahan pos jika ada""<br><br>4) Pada baris 12 kode komponen 020201010300000000 tidak ada rumus ""penambahan pos jika ada""<br><br>5) Pada penjumlahan hasil log error  masih menggunakan "","" seharusnya menggunakan tanda ""+"" mohon disesuaikan pada semua hasil log error",Mayor
Untuk Hasil Export Excel Analisis Laporan Transaksi Harian pada page 5 catatan pengawas tidak update sesuai dengan aplikasi / web,Mayor
Kolom  <strong>periode</strong> <br> sebaiknya dibuat center,Kosmetik
"1) Pada nama pos hasil log error tidak sesuai dengan strukdat<br>2) Panjang maximum tidak sesuai <br>3) Tanda ""="" double <br>4) Muncul rumus ""penambahan pos jika ada""",Mayor
pada T.1.1 terdapat export excel dan pdf tetapi hanya muncul export excel saja,Mayor
"1. Tanda = ada double<br><br>2. Kode komponen 010201090000000000hanya penjumlahan 3 kolom, tp yg muncul 4 kolom. Seharusnya pos penambahan (jika ada) tidak perlu ada. check ke kode komponen lainnya, krn masih tercantum kalimat tsb<br><br>3. Labeling di kode komponen 010202010200000000 blm sesuai<br><br>4.Labeling di kode komponen 010202011400000000 blm sesuai<br><br>5. Labeling di kode komponen 010202020100000000 blm sesuai<br><br>6.  Labeling di kode komponen 010202020200000000 blm sesuai<br><br>7.  Labeling di kode komponen 010202020300000000 blm sesuai<br><br>8. Labeling di kode komponen 010202020700000000 blm sesuai<br><br>9. Labeling di kode komponen 010202020800000000 blm sesuai<br><br>10. Labeling di kode komponen 010202020900000000 blm sesuai<br><br>11. Label di kode komponen 010202021100000000 blm sesuai<br><br>12. Label di kode komponen 010202030000000000 blm sesuai<br><br>13. pesan error terkait karakter redunden untuk semua kode komponen",Mayor
"M5:<br>Judul label berbeda dengan mockup. pada mockup ""BILATERAL"", sedangkan di web ""PALN""",Kosmetik
"M5:<br>Judul label tabel di tabel ke-4, kurang kata ""PALN""",Kosmetik
"pada hasil log error muncul keterangan hanya header, tetapi pada strukdat terdapat penyesuaian panjang max pada stuktur detail",Mayor
"muncul 2 pesan error pada kolom yang bernilai positif, harusnya hanya 1 seperti baris yang bisa positif dan negatif, untuk menjadi pembeda",Mayor
Laporan Transaksi Harian Page 5 (grafik)<br><br>1. Hasil Export excel pada setiap grafik tidak terlihat periode bulannya seperti pada aplikasi<br><br>2. Pada setiap grafik hasil export excel untuk garis vertikal atau sumbu Y tidak mencerminkan data sesungguhnya sesuai dengan yang ada pada aplikasi / web (angkanya tidak sama dengan aplikasi)<br><br>3. Pada Aplikasi jika data kosong menampilkan grafik datar (tanpa data) sedangkan pada hasil export hanya kosong saja tanpa grafik.<br><br>4. Penamaan Chart atau grafik untuk Grafik BBJ - Movement Indicator  dan ICDX - Movement Indicator antara hasil export excel dan Aplikasi berbeda,Mayor
notifikasi validasi mandatory untuk opsi keputusan belum muncul,Mayor
"1) nama kolom 3 dan 5 pada client tidak sesuai strukdat<br>2) panjang max pada persentase tidak sesuai strukdat<br>3) kolom negara kategorinya hanya angka tapi saat dites angka&amp;huruf tetap lolos validasi, tidak ada pesan error ""hanya angka""<br>4) kolom nama kategorinya angka huruf, tapi dites isi karakter saja tetap lolos validasi<br>5) di txt ada kolom ""keterangan"" sedangkan di strukdat tidak ada kolom keterangan dan saat dites panjang max muncul log errornya<br>6) keterangannya tidak sesuai referensi",Mayor
tanggal permohonan bisa di set melewati tanggal permohonan diterima,Mayor
tanggal keputusan bisa di set melewati tanggal tanggapan,Mayor
ketika klik simpan data langsung tersimpan tanpa ada pop up konfirmasi,Minor
persetujuan keputusan keberatan tidak masuk ke audit trail,Mayor
"Untuk Grafik/chart Laporan transaksi mingguan pada aplikasi /web (Persentase Transaksi Indeks, Persentase Transaksi single Stock &amp; Persentase Transaksi Paln) tidak ada simbol persentase-nya (%) seperti Mockup",Minor
"ketika login menggunakan akun yang sudah disetting melalui CAM, tampil error <strong>Aplikasi Error Maaf</strong>, terjadi hal-hal yang tidak terduga pada Server sehingga permintaan Anda tidak dapat kami penuhi.<br>Anda bisa kembali ke halaman utama:<br><br>akun:<br>apolo.sit008@gmail.com|020104-PPRDMI99<br><br>apolo.sit009@gmail.com|020305-PPE01<br><br>apolo.sit010@gmail.com|020701-1000099999<br><br>apolo.sit011@gmail.com|020105-PEBASP99<br>",Mayor
"1) Panjang Maximum belum sesuai<br><br>2) Pada nama pos tidak ada spasi<br><br>3) Pada penulisan bulan masih digabung<br><br>4) Perbedaan penulisan pada hasil log error ""Mudharabah""sedangkan pada strukdat ""Mudarabah""<br><br>5) Pada penambahan nama pos ""Piutang Lainnya"" dan ""Ijarah"" belum ada pada hasil log error<br><br>6) Perbedaan penulisan pada hasil log error "" Pembiayaan Sewa"" sedangkan pada strukdat ""Piutang Sewa"" <br><br>7) Pada penambahan nama pos ""Lainnya""<br>belum ada pada hasil log error<br><br>8) Pada penulisan jenis pengimpunan/penyaluran dana berbeda pada hasil log error dan strukdat<br><br>9) Pada pesan validasinya untuk nama pos masih ke detect kolom yang berwarna merah, sedangkan isi txt nya sudah sesuai sama strukdatnya<br>",Mayor
"Page 1 analisis transaksi mingguan, pada hasil export excel untuk chart persentase transaksi indeks (category BBJ) dan transaksi paln (catagogy icdx) datanya masih kosong",Mayor
"1. Harap konsisten untuk memunculkan pesan error <br><br>2. terdapat = double di semua kode komponen, tolong konsisten hasil yg benarnya<br><br>3. pada rumus blm ada spasi sehingga semua kata masih gabung <br><br>4. kode komponen 020201010101020000 blm sesuai karena seharusnya yg benar Mudarabah<br><br>5. rumus pada kode komponen 020201010200000000 blm sesuai strukdat<br><br>6. rumus pada kode komponen 020201010300000000 blm sesuai strukdat<br><br>7. rumus pada kode komponen 020201020300000000 blm sesuai strukdat + kata2 di rumus blm ada spasi<br><br>8. rumus pada kode komponen 020206020000000000 blm sesuai strukdat<br><br>9. rumus pada kode komponen 020206030000000000 blm sesuai strukdat",Mayor
"1. Transaksi mingguan, pada aplikasi hanya tertulis chart ""Perbandingan Volume Transaksi Indeks dan Single Stock Per Hari"" seharusnya ""Perbandingan Volume Transaksi Indeks, Single dan Paln Stock Per Hari""<br><br>2. Untuk Keterangan chart pada aplikasi belum ada Indeks<br><br>3. Pada hasil export excel untuk judul chart kurang tanda koma ( , )",Minor
M1: Data web/aplikasi pada beberapa tabel di Analisis transaksi harian dengan kolom yang memiliki keterangan di-ringkas (Rp Juta) dan frekuensi (kali) belum sesuai dengan data real data atau export excel.,Kosmetik
Pada web / aplikasi chart format angka untuk isi / datanya bisa disamakan dengan hasil export excel,Minor
"M1: pada chart burger, datanya belum ringkas/sederhana.<br>lalu pada hasill export di sumbu x memakai persen, sedangkan di web tidak memakai persen.",Kosmetik
"pada riwayat konseptor, tanggal penunjukan belum ada spasi",Kosmetik
"M1:pada volume (bagian kanan) nilainya berbeda dengan export dan web.<br>pada total frekuensi indeks, single stock. pada web, ada (.00) sedangkan pada export tidak ada",Kosmetik
"M1: <br>1. pada export hasil Frekuensi belum sesuai dengan web.<br><br>2. Nilai NV di table PALN belum rata kanan.<br><br>3. total frekuensi di table PALN, belum sama dengan web",Kosmetik
M1:<br>1. penulisan frekuensi pada hasil export masih berupa bahasa inggris.<br><br>2. angka dalam bar chart saling tumpang tindih.,Minor
M1:<br>1. penulisan frekuensi pada hasil export masih berupa bahasa inggris.<br><br>2. data ICDX di presentase PALN tidak terlihat di hasil export,Minor
Placeholder tidak ada di semua kolom,Kosmetik
Analisis Laporan Mingguan page 1 untuk chart Volume dan Frekuensi antara aplikasi dan export excel tidak sama format / bentuknya (tidak ada tanggal pada garis horizontal) dan data pada excel hanya menyajikan data tanggal 11 dan 12 tidak ada tanggal 09 februari.,Mayor
M1:<br>1. nilai pada hasil export berbeda dengan di web<br><br>2. pada rata rata volume single stock tidak terlihat di hasil export<br><br>3. ada nilai tambahan pada hasil export,Minor
"Log eror baris 4 kolom 12 NIK/NPWP pengetesan karakter huruf lolos seharusnya hanya angka . , - sesuai dengan strukdat tetapi pada log eror baris 5",Minor
"1. Analisis Laporan Mingguan Page 1 data pada aplikasi pada tabel Indeks untuk kolom frekuensi total ada simbol ( % ) seharusnya tidak ada.<br><br>2. Pada export excel kolom Bursa seharusnya \""ICDX\"" bukan \""Total\""<br><br>3. Pada kolom Nv export excel untuk nilai angkanya bisa disederhanakan seperti pada web / aplikasi",Minor
"M1: <br>1. pada hasil export ada hari weekend. pada web hanya weekdays.<br><br>2. pada tanggal 16 februari ada datanya, namun tidak ada hovernya",Minor
"Pada hasil export excel untuk data pada tabel Detail Transaksi Indeks, Single Stock dan Paln tidak sesuai dengan aplikasi atau web.",Mayor
Pada hasil export excel untuk data tabel Transaksi Berdasarkan Jenis Underlying pada kolom total belum terisi,Mayor
"M1: <br>1. Hasil Frekuensi Transaksi di hasil export belum sesuai dengan yang di web<br><br>2. data di bursa BBJ belum sesuai urutannya.<br><br>3. pada list table frekuensi di web, ada nilai (,00).",Mayor
pesan validasi tidak muncul saat melakukan test menggunakan tambah huruf,Mayor
"M1: hasil export pada Perbandingan Volume Transaksi Indeks Single Stock dan
PALN per Hari pada chart single stock dan indeksnya angkanya bertumpuk",Kosmetik
1. nama kolom blm sesuai strukdat<br><br>2. rumus pada kode komponen 060201010202020000 blm sesuai srtukdat<br><br>3.blm ada rumus yg sesuai strukdat pada kode komponen 060202000000000000<br>,Mayor
"Hasil download pdf, untuk <b>isi </b>kolom  <b>periode </b>dan judul kolom sebaiknya dibuat center",Kosmetik
"typo pada kodifikasi, kurang huruf i",Kosmetik
"pada hasil log error muncul keterangan hanya header, tetapi pada strukdat terdapat penyesuaian",Mayor
"Pada page 1 analisis laporan mingguan, untuk data chart antara web dan hasil export excel datanya tidak sama",Mayor
"M5: pada table ke-2 di list %Bobot NV* (Rp), di hasil export, nilainya 0,00% semua. sedangkan pada web ada nilainya",Kosmetik
"Pada baris 15 (010201140000000000), baris 27 (010202230000000000), dan baris 28 (010202240000000000)  tidak ada rumus ""pos penambahan jika ada""<br>",Mayor
"ketika melakukan tambah data lalu klik simpan, pop up konfirmasi simpan tidak muncul, tampilan langsung pop up sukses simpan",Minor
"M2: pada table Kontribusi Top 10 Indeks di BBJ Berdasarkan NV Transaksi<br><br>1. pada hasil export, list ke-10, pada kolom NV, kurang ke kanan.<br><br>2. pada bobot excel lebih kompleks dari web<br><br>3. list pada hasil export Volume, tidak sama persis seperti di web.",Kosmetik
"M2: Kontribusi Top 10 Indeks di ICDX Berdasarkan NV Transaksi<br>1. pada hasil export, di kolom NV, ada data yang kurang ke kanan.<br><br>2. pada bobot excel lebih kompleks dari web<br><br>3. list pada hasil export Volume, tidak sama persis seperti di web.",Kosmetik
"Pada strukdat data kolom NIK yang diperbolehkan adalah angka . - Tetapi pada log error data yang di perbolehkan adalah huruf,angka .-",Minor
data di strukdat dengan txt beda,Fatal
"M2: semua hasil export pada list NV, belum rata kanan semua",Kosmetik
Opsi Data blank sebaiknya di hidden / dihapus saja.<br><br>(SS),Minor
Laporan Analisis Mingguan page 2 untuk setiap tabel pada kolom % Bobot NV nilainya bisa disamakan antara aplikasi dengan hasil export excel (pembulatan nilai),Minor
"M3:<br>1. hasil di excel, list volume belum sesuai dengan di web<br><br>2. hasil excel, pada list NV, nilai belum rata kanan",Kosmetik
"Jika Judul diisi character sangat panjang, pop up tambah data <strong>menyatakan berhasil</strong>, namun data tersebut <strong>tidak tersimpan</strong> &amp; <strong>tidak muncul</strong> pada list data.<br><br>(SS)<br>",Mayor
"1. Analisis Laporan Mingguan, Page 2 pada aplikasi tertulis \""SINGLE STOCK FUTURES\"" namun pada hasil export excel hanya \""SINGLE STOCK\"" bisa disamakan<br><br>2. pada kolom nilai tabel Single stock hasil export untuk nilainya mohon di ubah dengan format sama dengan aplikasi",Minor
"Pesan error kurang informatif, mohon tambahkan penyebab 'fail'.<br><br>(SS)",Kosmetik
"Pesan error pada Deskripsi belum informatif, mohon ditambahkan alasan 'fail'.<br><br>(SS)",Kosmetik
Data pada strukdat dengan txt belum sesuai,Fatal
'Detail Peraturan' yang tidak relevan dengan 'Peraturan' masih bisa dipilih (bug). Mohon ditambahkan validasi<br><br>(SS),Mayor
data di strukdat dengan txt beda<br>,Fatal
"1. Analisis Laporan Mingguan Page 2 pada aplikasi data tabel \""Kontribusi Top 10 Indeks di ICDX Berdasarkan NV Transaksi\"" untuk kolom kode kontrak tertulis \""Kode Kontrak (BBJ)\"" seharusnya \""Kode Kontrak (ICDX)\""  - SS1<br><br>2. Pada hasil export excel Tabel \""Kontribusi Top 10 Indeks di BBJ Berdasarkan NV Transaksi\"" kolom \""Frekuensi\"" dan \""Volume\"" nilainya bisa menggunakan format angka yang sama dengan aplikasi / web. - SS2",Minor
"M5:<br>1.hasil pada excel, pada table ke-2. bagian list frekuensi, belum sesuai dengan di web.<br><br>2. hasil pada excel, pada tab ke-4. ada data yang tidak ada pada web, namun muncul di excel",Mayor
Form LE001 Kolom 14 baris 5 validasi Referensi Jenis Produk dan/atau aktivitas tidak muncul pada log eror,Mayor
data di strukdat dengan txt beda,Fatal
dapat memilih <b>Checker</b> dan <b>Approver</b> dengan pilihan yang sama,Mayor
kode komponen tidak sesuai,Fatal
"Judul Excel typo \""Tabe\""",Kosmetik
tidak ada kolom 11 dan 12 pada strukdat,Mayor
"Ketika tambah data harusnya memasukkan \""Jenis\"" tidak bisa kosong sedangkan ada data yang Jenisnya kosong.",Mayor
Pada Jumlah kolom strukdat dengan txt belum sesuai,Mayor
"<em>Audit trail</em> <strong>Keputusan keberatan </strong>hanya menampilkan \""Review\"" dan \""Tambah\"", tanpa menampilkan \""Disetujui\""",Mayor
error saat <strong>Disetujui </strong>tapi berhasil saat <strong>Ditolak</strong>,Mayor
Pada kode komponen dan nama pos belum sesuai dengan strukdat dan tamplate,Mayor
saat melakukan pencarian data implementasi peraturan data tidak ditemukan<br>,Minor
"Pada analisis laporan mingguan page 1, angka pada kolom \""Rata-rata volume indeks Per hari\"" terdaoat perbedaan nilai antara web/aplikasi dengan excel",Mayor
"Analisis Transaksi Mingguan Page 2, pada aplikasi / web untuk setiap tabel pada kolom \""%Bobot NV* tidak ada tambahan simbol (Rp) seperti pada excel,  jika mengaju pa mockup itu sama dengan excel",Kosmetik
Form LE003 Kolom 14 baris 17&amp;18 validasi Referensi Jenis Produk dan/atau aktivitas tidak muncul pada log eror,Mayor
terdapat  2 button pilihan opsi yang sama atas dan bawah,Minor
"Laporan Analisis transaksi mingguan pada page 2, hasil export excel pada tabel tertulis \""Kontribusi Top 10 Single Stock di <strong>BBJ</strong> Berdasarkan NV Transaksi\"" namun pada kolom kontrak tertulis (<strong>BEI</strong>ï»¿)",Kosmetik
"Laporan Transaksi Mingguan Page 4, untuk setiap tabel pada kolom Member Type, Jumlah Kontrak &amp; Frekuensi (Kali) isi/datanya bisa dibuat rata tengah",Kosmetik
"Pada stuktur data yang terdaftar untuk refrensi adalah (1,1,4,5,6,9), namun pada saatu pengujian dan di isi dengan angka (2,3) tetapi file tersebut masih lolos, seharusnya tidak lolos<br>Baris 3 dan 4 Kolom 20<br><br>dan pada Form PE016 baris 11,12 kolom 20",Mayor
"Laporan transaksi mingguan page 5 pada aplikasi tabel \""Kontribusi Top 10 PALN di BBJ Berdasarkan NV Transaksi\"" untuk nilai persentase tidak sama dengan export excel, aplikasi 50.18% excel 48.51%",Mayor
Ketika berhasil Setujui transaksi Konfirmasi Nilai Emisi jurnal belum tampil,Mayor
"1. pada form 07B ada 1 baris yang ga muncul pada txt bagian ""ASET TERTIMBANG MENURUT RISIKO (ATMR)/ kode 070210000000000000""<br>karena di strukdat diisi angka 0 tapi di template tidak ada isi dan keterangan teks di strukdat itu ""ya"" sedangkan di template ""tidak"" (ss)<br><br>2. strukdat form 07B ada kode komponen yang kosong sedangkan di template terisi (ss1)",Mayor
strukdat form 09B ada kode komponen yang kosong sedangkan di template terisi,Mayor
"pada strukdat kolom include dalam file teks berisi Ya, namun pada template kolom teks berisi T",Mayor
"form 10B dan 11B lolos ketika di sisakan f01 dan header, yang mana seharusnya KCBLN hanya form 06B yang kosong",Mayor
"Laporan Analisis Mingguan, pada page 3 dan 4 tabel TOP 10 namun data dibawah 10, setelah dijumlah hasilnya tidak sesuai.",Mayor
"Laporan analisis transaksi harian, pada page 4 tabel Single Stock, untuk nilai (Rp Juta) belum rata kanan",Kosmetik
form 01B baris 70 kolom 9&amp;10 tidak muncul saat pengetesan input menjadi bilangan desimal,Mayor
opsi wajib bayar tidak tampil pada dropdown filter,Mayor
Page 3 dan 4 Analisis Laporan Mingguan pada aplikasi dan hasil export excel Tabel Kontribusi TOP 10 ada yang di atas 100.00 % (100.01 % dan 100.02%),Kosmetik
Form LE002 Kolom 14 tidak termasuk ke dalam kolom yang wajib diisi tetapi muncul log error seharusnya lolos validasi,Minor
"ketika input data kosong, bisa tersimpan. juga hasil export muncul data yang kosong yang sudah terinput",Mayor
"1. Nama pelaporan pada email pembuatan surat tidak sesuai seharusnya Laporan Insidental Pasar Modal, Keuangan Derivatif, dan Bursa Karbon (PMDK)<br><br>2. Email belum masuk setelah pengiriman Koreksi (Skenario 4)<br>",Mayor
1. Redaksi email tidak sesuai (seharusnya penanaman modal dan keuangan derifatik dan bursa karbon)<br>2. email belum masuk setelah pengiriman koreksi,Mayor
Nama pelaporan sebelumnya hanya Laporan Insidental,Kosmetik
"Ada Typo Pada Judul Dokumen Export Excel seharusnya \""Harian\""",Kosmetik
"Nama surat sama dengan kanal berbeda saat menyimpan muncul notifikasi \""Sudah terdapat nomor surat tersebut\""",Minor
"ketika melakukan tambah data, kolom penjamin emisi efeknya tidak muncul",Mayor
"saat melakukan Upload Rutin LJK KCBLN dengan menggunakan Non KCBLN hasil yang diharapkan itu gagal, tetapi flag pada version upload aktif, yang seharusnya kalau baru pertama kali kirim dan hasilnya gagal flag versionnya tidak aktif",Mayor
saat melakukan pengirimin koreksi meskipun tanggal emiten sudah disesuaikan melalui server tetapi masih terkena validasi,Fatal
audit trail ketika ubah data Transaksi Dasar Pengenaan Kumulatif belum tampil,Mayor
muncul 2 kali log error panjang maksimal pada baris 34-39,Mayor
"Pada form LL01 (PG001) ada perbedaan nama file, pada strukdat ""Laporan Perubahan ..."" sedangkan pada bukti kirim ""Laporan Penyesuaian ...""",Minor
"Pada hasil generate tidak ada \"".\"" dibelakang titik dan angka berbeda dengan template",Mayor
Email belum masuk untuk tes web Koreksi form LE001 lebih dari 30 menit,Mayor
"1. Label kolom tidak sesuai dengan strukdat<br><br>2. Nama kolom tidak sesuai dengan strukdat<br><br>3 panjang kolom tidak sesuai dengan strukdat<br><br>4. nama komponen masih banyak yg typo ga sesuai, make sure ke template<br><br>5. pesan error pada kode komponen 090203110000000000 blm ada <br><br>6. rumus pada kode komponen 090202050000000000 blm sesuai<br><br>7. label pada kode komponen 090204060000000000 blm sesuai<br><br>8. panjang maksimal &amp; nama kolom &amp; label kolom blm sesuai strukdat",Mayor
"Pada hasil generate tidak ada \"".\"" dibelakang titik dan jumlah total berbeda dengan tamplate",Mayor
"1. hasil generate tidak sesuai (pada template value berupa nilai decimal)<br>2. terdapat kata ""Catatan:"" didalam Kolom Catatan<br>3.bagian judul kolom ""Pos-Pos"" harus di merge dengan row dibawahnya<br style=""font-size: 11.36px;"">4. terdapat simbol-simbol yang tidak relevan pada penamaan kolom<br>5. nama pos tidak sesuai dengan template<br>6. nama pos tidak sesuai dengan template<br>7. nama pos tidak sesuai dengan template<br>8. pada field dropdown masih berbeda dengan judul Form 02B<br>9. pada hasil download excel, kolom isi catatan tidak sejajar<br>10. pada hasil download pdf, label dengan tabel terlalu nempel di hal. 2-4",Mayor
Temuan form 01B :<br>1. Pembiayaan syariah Â¹) pada aplikasi sedangkan pada template Pembiayaan syariah<br>2. Aset antarkantorÂ²) pada aplikasi sedangkan pada template Aset antarkantor<br>3. Liabilitas antarkantor Â²) pada aplikasi sedangkan pada template Liabilitas antarkantor <br>4. Tahun berjalan Â³) pada aplikasi sedangkan pada template Tahun berjalan,Minor
"1. typo kalimat row<br>-. typo seharusnya ""Pos-Pos""<br>-. typo seharusnya ""Nilai Notional""<br>-. typo seharusnya ""Trading""<br>-. tambahkan kata ""Triwulan"" pada judul dokumen hasil generate<br>2. terdapat kata ""Catatan:"" didalam Kolom Catatan<br>3.  bagian kolom ""Transaksi"" harus di merge dengan row diatas dan dibawahnya<br>4. judul hasil generate berbeda dengan judul Form 04B<br>5. pada hasil download excel, kolom isi catatan tidak sejajar",Minor
"Temuan Form 02B : <br>1. Di aplikasi \""Pendapatan (beban) non operasional lainnya\"" sedangkan di template \""Pendapatan nonoperasional\""<br>2.  TRANSFER LABA (RUGI) KE KANTOR PUSAT Â¹) pada aplikasi sedangkan pada template TRANSFER LABA (RUGI) KE KANTOR PUSAT<br>3.   LABA BERSIH PER SAHAM (dalam satuan rupiah) Â²) pada aplikasi sedangkan pada template  LABA BERSIH PER SAHAM (dalam satuan rupiah) <br>4. Pajak Penghasilan pada aplikasi (1) sedangkan pada template -1",Mayor
Temuan form 03B :<br>1. angka pada tagihan komitmen berbeda dengan template<br>2. \'Posisi valas yang akan diterima dari transaksi spot dan derivatif/forward\' angkanya berbeda dengan template,Mayor
"1. hasil generate tidak sesuai (pada template ""Pembiayaan bagi hasil"")<br>2. bagian kolom ""Pos-Pos"" harus di merge dengan row dibawahnya<br>3. warna abu pada preview web belum sesuai<br>4. tidak ada tanda titik dua "":"" pada kata dijaminkan dan kolom catatan tidak ada isinya",Kosmetik
Temuan form 04B :<br>1. bagian A. Terkait nilai tukar angkanya berbeda dengan template<br>2. Forward bagian A angkanya berbeda degan template<br>3. Angka pada Jumlah berbeda dengan template,Mayor
Temuan form 05B : <br>1. terdapat tanda *(  pada penempatan bank lain<br>2. **) pada tagihan lainnya<br>3. terdapat simbol ***) pada pihak lain,Kosmetik
pada saat pengetesan bernilai negatif baris ke 47 tidak muncul padahal di strukdat nilainya harus positif,Mayor
1. Label nama kolom blm sesuai strukdat <br><br>2.label seharunya jumlah pihak terkait <br><br>make sure client sudah sesuai dengan strukdat sehingga minimalisir perbedaan rumus yg terlalu signifikan,Mayor
"1. bagian kolom ""Pos-Pos"" harus di merge dengan row dibawahnya<br>2. pada field dropdown masih berbeda dengan judul Form 01B<br>3. pada hasil download excel, isi pada label tidak sejajar",Mayor
"1. hasil setelah generate tampilan tidak rapi<br>- pada downlaod excel terdapat row yang <i>value</i>-nya tidak <i>visible</i><br>- pada pdf dan <i>preview</i> terdapat <i>space </i>sebelum teks pada nama pos-pos (halaman 1&amp;2)<br>2. bagian judul kolom ""Pos-Pos"" harus di merge dengan row dibawahnya<br>3. terdapat simbol-simbol yang tidak relevan pada penamaan kolom<br>4. nama pos belum sesuai template<br>5. nama pos tidak muncul pada preview dan tidak sesuai template<br>6. pada preview nama ""CET 1"" seharusnya tidak ada spasi dan ""AT-1"" seharusnya tidak menggunakan tanda strip (-), isi data pada angka tidak sesuai template<br>7. kolom catatan tidak ada isinya dan pada hasil preview muncul keterangan<br>8. pada hasil download pdf, ada kelebihan halaman",Mayor
"1. typo seharusnya ""PPKA"" bukan ""PPA""<br>2. nama kolom yang ditandai harus disamakan dengan template<br>3. bagian judul kolom ""Pos-Pos"" harus di merge dengan row diatas dan dibawahnya<br>4. judul form pada field dropdown dan hasil preview masih berbeda dengan judul pada template Form 07B<br>5. penomoran tidak sesuai dan kata ""mudharabah"" seharusnya 'mudarabah'<br>6. kolom catatan tidak ada isinya<br>7. pada hasil download excel kolom catatan tidak sejajar",Minor
"1.bagian judul kolom ""Pos-Pos"" harus di merge dengan row  dibawahnya dan rata tengah<br>2. terdapat simbol-simbol yang tidak relevan pada penamaan kolom<br>3. pada hasil download excel, kolom isi catatan tidak sejajar",Minor
data tidak ditemukan pada form 01B baik rutin maupun koreksi,Fatal
data 01B tidak ditemukan,Fatal
data rutin dan koreksi pada form 02B tidak ditemukan,Fatal
"1.poin 3 ditempatkan sebelum poin 2 selesai<br>2. typo kata ""Pihak Tidak Terkait""<br>3. judul form belum sesuai<br>4. nama pos belum sesuai<br>5. nama pos poin 1b tidak muncul di preview<br>6. kolom catatan tidak ada isinya<br>7. pada hasil download excel, kolom isi catatan tidak sejajar<br>8. pada rasio GWM Rupiah tidak berwarna",Mayor
pada pesan validasi \'KCBLN\' sedangkan pada struktur data \'Status KCBLN\',Kosmetik
Temuan Form 06B :<br>1. Pada aplikasi 'Komponen modal' sedangkan pada template POS-POS<br>2. pada template CET 1 sedangkan pada aplikasi modal inti utama/common equity tier 1 (CET 1)<br>3. pada aplikasi Cadangan Tambahan Modal *)<br>4. pada aplikasi faktor Pengurang Modal Inti Utama *)<br>5. Modal Inti Tambahan/Additional Tier 1 (AT 1) *)<br>6. Faktor Pengurang Modal Inti Tambahan *)<br>7. Faktor Pengurang Modal Pelengkap *)<br>8. Semua nilai ASET TERTIMBANG MENURUT RISIKO tidak sesuai dengan template<br>9. Semua nilai RASIO KPMM (Aktual) tidak sesuai dengan template<br>10.  Dari Tier 2 - Rasio modal inti tambahan yang dialokasikan (%) pada aplikasi tidak sesuai dengan template<br>11. Countercyclical Buffer (%) pada aplikasi letaknya tidak sesuai dengan yang ada di template<br>12. Nilai CET 1 UNTUK  BUFFER (%) tidak sesuai dengan template,Mayor
Email tidak masuk pada laporan rutin insidental PEBASP99 form LL003 lebih dari 1 jam<br>,Mayor
"1. terdapat row yang memuat A/B/C/D/E pada judul kolom (perlu dihapus), bentuk dan nama kolom tidak sesuai template<br>2. bagian judul kolom yang diberi tanda harus di merge dengan row diatas dan dibawahnya<br>3. pada sub tabel <i>profit sharing </i>hasil generate terdapat row berisi ""5. Surat Berharga yang Diterbitkan"" perlu dihapus karena tidak relevan dengan tabel<br>4. allignment tidak sesuai dan pada preview web data di kolom nisbah tidak ada persen '%' (ss no.3 &amp; 7)<br>5. nama pos dan isi data tidak sesuai<br>6. data tidak menggunakan desimal<br>7. kolom tidak sesuai dan pada kolom ""jumlah bagi hasil "" seharusnya tidak disingkat<br>8. nama kolom tidak sesuai, angka di data tidak menggunakan desimal, dan pada nama pos 'mudharabah' seharusnya 'mudarabah'<br>9. pada hasil download excel, kolom isi catatan tidak sejajar",Mayor
"1. pada field dropdown masih berbeda dengan judul Form 10B<br>2. penamaan pada isi belum sesuai dengan penamaan berdasarkan kode pada template<br>3. pada hasil download excel, kolom isi catatan tidak sejajar",Minor
"1. penamaan kolom berbeda<br>2. terdapat tabel tambahan diluar template<br>3. pada field dropdown masih berbeda dengan judul Form 11B<br>4. isi data jenis pemegang saham tidak sesuai dan isi data pada kolom persentase tidak menggunakan persen '%'<br>5. pada hasil download excel, kolom isi catatan tidak sejajar",Mayor
"Pada Log Antigratifikasi, judul kolom pada tabel mohon dibuat center",Kosmetik
"Pada Log Antigratifikasi, saat mengubah pertama kali redaksinya tidak berubah<br><br>setelah kedua kali baru tersimpan redaksi terbaru pada log antigratifikasi",Mayor
data 03B tidak ditemukan,Fatal
"1. pada hasil preview poin urut a-v tidak muncul dan pada kolom catatan isinya tidak muncul<br>2. isi uraian tidak sesuai template<br>3. pada hasil preview di bawah kolom catatan muncul keterangan<br>4. pada hasil download excel, kolom isi catatan tidak sejajar",Mayor
saat melakukan pencarian form tabel pelaporan tidak berubah walaupun sudah berganti form<br>defaultnya tampilan tabel pelaporan sesuai dengan form yang dipilih,Minor
muncul 2 kali log error panjang maksimal pada baris 65-79 form 06B,Mayor
"Area pembubuhan Antigratifikasi dihapus, sebaiknya checkbox spt saat ini ttp bisa dipilih, menghindari kemungkinan adanya kehapus",Minor
Pada field dropdown masih berbeda dengan judul,Minor
Pada data Form 01B tidak ditemukan,Fatal
"1. include text tertulis ""tidak"" tetapi ada pada txt<br>2. pesan validasi berbeda antara kolom 3 (dibentuk) dan kolom 4 (dihitung), pada strukdat ""wajib dibentuk""<br>3.  pesan validasi kurang lengkap",Minor
"1. pada nama kolom pos - pos tanda ""-"" belum di spasi<br><br>2. Pada hasil preview penulisan dalam jutaan rupiah menggunakan tanda "".""<br><br>3. Pada kolom sept 2025 terdapat tanda ""*)""<br><br>4. Pada penulisan jenis nama pos berbeda<br><br>5. Terdapat penulisan ""catatan"" pada kolom catatan dan terdapat keterangan catatan <br><br>6. Pada hasil preview terdapat penulisan "" Tabel 02. B""<br><br>7. Pada hasil download excel kolom catatan tidak sejajar<br>Rutin &amp; Koreksi",Mayor
"1. pada kolom 8 &amp; 9 di baris 5 &amp; 33, kolom 9&amp;10 baris 34, kolom 7&amp;10 baris 51, terdapat 2 validasi eror yang seharusnya pesannya ""harus kosong"" saja <br><br>2. terdapat kata yang tidak sesuai pada strukdat, pada strukdat ""Selain Pihak Terkait"" sedangkan pada log eror ""pihak tidak terkait"" <br><br>3. pada log eror kata yang keluar tidak sesuai yang di strukdat pada strukdat ""Aset Keuangan Lainnya"" pada log eror hanya ""lainnya""<br><br>4. saat di tes di beri titik (.) muncul log eror pada setiap kolom<br><br>5. terdapat typo pada penulisan log eror harusnya ""minoritas"" pada aplikasi munculnya ""minortitas""",Mayor
"1. Pada hasil preview terdapat penulisan "" Tabel 03. B""<br><br>2. Pada penulisan nama pos tanda ""-"" belum di spasi <br><br>3. Pada hasil preview penulisan dalam jutaan rupiah menggunakan tanda "".""<br><br>4. Pada nama kolom des 2025 terdapat tanda ""*)""<br><br>5. Pada penulisan jenis nama pos berbeda<br><br>6. Terdapat penulisan ""catatan"" pada kolom catatan dan terdapat keterangan catatan<br><br>7. Pada hasil download excel kolom catatan tidak sejajar<br>Rutin &amp; Koreksi",Mayor
1. terdapat log eror muncul double pada baris 51 dan 55<br><br>,Mayor
1. pada baris 9 log eror yang keluar tidak sesuai dengan strukdat<br><br>2.pada baris 26 log eror yang keluar tidak sesuai dengan strukdat<br><br>3. pesan pada baris 36 pesan dalam kolom 7 dan 10 berbeda<br>,Mayor
"1. Pada hasil preview terdapat penulisan ""Tabel 04. B""<br><br>2. Pada hasil preview nama kolom ""Rasio"" berbeda dengan tamplate<br><br>3. Pada penulisan jenis nama pos berbeda<br><br>4. Terdapat penulisan ""catatan""  pada kolom catatan<br><br>5. Pada hasil download excel kolom catatan tidak sejajar<br>Rutin &amp; Koreksi",Minor
judul form masih belum sesuai,Minor
judul form masih belum sesuai,Minor
Pada hasil preview data berbeda dengan tamplate,Mayor
judul form masih belum sesuai,Minor
limitasi karakter masih belum ada,Mayor
Form 0200 Dokumen Pendukung Laporan Insidental tetapi pada web namanya pelaporan Dokumen Laporan Insidental,Minor
Penamaan form 0100 Data Laporan Insidental berbeda dengan tampilan pada web report basic,Minor
Teks baris kedua pada setiap row untuk excel terdownload setelah generate tidak visible<br>,Kosmetik
judul form masih belum sesuai,Minor
logo ojk terpotong pada preview pada beberapa form,Minor
pada log temuan baris 5 tidak sesuai dengan strukdat,Mayor
"Pada penulisan kolom des menggunakan simbol ""**)""",Kosmetik
"1. Pada hasil preview nama jenis pos ""liabilitas dan dana investasi"" tidak sesuai dengan baris di tamplate<br><br>2. Terdapat simbol - simbol yang tidak relevan pada penulisan <br>- Ijarah 1)<br>- Aset tetap dan inventaris 1)<br>- Akad mudarabah)<br>-Akad lainnya <br>-Total dana investasi)<br>-Total liabilitas dan dana investasi)<br><br>3. Pada hasil download excel kolom catatan tidak sejajar<br>Rutin &amp; Koreksi<br><br>4. Pada hasil download pdf terdapat kelebihan halaman<br>Rutin &amp; Koreksi",Mayor
"1. terdapat simbol-simbol yang tidak relevan seperti "")"" dan ""1)""<br>2. untuk angka ""1)"" pada poin ""10. Aset tetap dan inventaris 1)""  dijadikan bentuk pangkat<br>3. terdapat row yang perlu dihapus dan ditambahkan sesuai template<br>4. judul pada hasil generate berbeda dengan judul pada field dropdown<br>5. pada penamaan column masih terdapat simbol yang tidak relevan ""**)""<br>",Kosmetik
saat download pdf muncul halaman tambahan kosong,Kosmetik
"1. Pada hasil preview penempatan nama kolom berbeda antara web dan template, mohon disesuaikan<br><br>2. Pada hasil preview data pada nama kolom ""nisbah"" tidak sesuai dengan tamplate, mohon disesuaikan<br><br>3. Pada data di hasil preview tidak sesuai karena menggunakan "",00"" pada nama kolom ""jumlah bagi hasil"", ""saldo rata-rata"", ""pendapatan yang diterima, mohon disesuaikan dengan tamplate untuk semua data form 5b <br><br>4. Pada penempatan nama kolom tidak sesuai <br><br>5. Pada nama kolom ""jumlah bagi hasil"" belum sesuai, mohon disesuaikan <br><br>6. Pada nama kolom belum sesuai <br><br>7. Pada nama kolom ""pendapatan yang diterima"" belum sesuai, mohon disesuaikan<br><br>8. Terdapat penulisan nama kolom ""A-E"", mohon disesuaikan <br><br>9. Pada hasil download excel kolom catatan tidak sejajar<br>Rutin dan Koreksi<br><br>10. Pada hasil download PDF terdapat kelebihan halaman<br>Rutin &amp; Koreksi",Mayor
"1. judul pada hasil generate dan field dropdown berbeda dengan judul pada template<br>2. terdapat perbedaan value untuk nilai. <br>&gt; setiap value yang bernilai ""-"" seharusnya ditulis simbol ""-"" juga dalam bentuk tipe data string<br>&gt; apabila value bernilai ""0"" maka ditulis ""0"" juga<br>4. pada penamaan column masih terdapat simbol yang tidak relevan ""*)""<br>5. terdapat perbedaan penamaan row dengan TW3",Minor
"1. judul pada hasil generate berbeda dengan judul pada template maupun field dropdown<br>2. pada penamaan column masih terdapat simbol yang tidak relevan ""*)""<br>3. terdapat perbedaan penamaan row dengan TW3<br>",Minor
"1. terdapat kata ""Catatan:"" didalam Kolom Catatan<br>2. allignment tidak sesuai template<br>3. pada hasil preview kata penurunan menggunakan tanda kurung '()' tidak sesuai dengan template<br>4. pada hasil download excel, kolom isi catatan tidak sejajar",Minor
1. judul pada hasil generate berbeda dengan judul pada template maupun field dropdown<br>2. terdapat perbedaan penamaan row dengan TW3<br>3. judul column berbeda dengan template,Minor
"1. judul pada hasil generate berbeda dengan judul pada template maupun field dropdown<br>2. pada hasil generate <i>lampiran 2 </i>terdapat : <br>- perbedaan tipe data pada kolom ""Jml Bagi Hasil"" (seharusnya int bukan float/decimal)<br>- judul kolom yang diberi tanda 1/2/3 harus di merge dengan kolom diatas/dibawahnya<br>- judul kolom yang diberi tanda 4 dihilangkan<br>3.  pada hasil generate <i>lampiran 3 </i>terdapat :<br>- row diatas setelah judul kolom (berisi A,B) yang perlu dihilangkan<br>- terdapat penamaan row yang salah<br>4.  pada hasil generate <i>lampiran 4 </i>terdapat :<br>- perbedaan tipe data pada kolom ""Jml Bagi Hasil"" (seharusnya int bukan float/decimal)<br>- judul kolom yang diberi tanda 1/2/3 harus di merge dengan kolom diatas/dibawahnya<br>- judul kolom yang diberi tanda 4 dihilangkan<br>5. pada hasil generate <i>lampiran 5 </i>terdapat :<br>- row diatas setelah judul kolom (berisi A,B) yang perlu dihilangkan",Minor
"1. data yang ada di template dan strukdat form 06B belum sesuai,<br><br>2. pada baris 5 Pesan log eror yang keluar tidak sesuai dengan yang ada di strukdat<br><br>3. pada baris 10 log eror yang keluar tidak sesuai dengan strukdat<br><br>4. pada baris 40 terdapat kalimat pada log eror yang tidak ada pada rumus di strukdat<br><br>5. pesan yang keluar pada baris 44 tidak sesuai dengan strukdat<br><br>6. pesan yang keluar pada log eror baris ke 51 tidak sesuai dengan rumus pada strukdat<br><br>7. pada baris ke 76 penulisan pada log eror tidak sesuai dengan strukdat",Mayor
Tidak bisa melakukan cetak data,Mayor
"1. judul pada field dropdown berbeda dengan judul pada template dan hasil generate<br>2. pada subpoin ""2. Penyaluran dana wakaf kepada entitas pengelola wakaf"" tidak ada penamaan poin a/b/c seperti pada template TW2<br>",Minor
Tidak bisa melakukan cetak data,Mayor
Tidak bisa melakukan cetak data,Mayor
"1. Pada hasil download excel kolom catatan tidak sejajar<br>Rutin &amp; Koreksi<br>2. Pada hasil preview nama judul seharusnya tidak menggunakan penulisan ""triwulan uus""",Mayor
"ketika dokumen dengan status perlu di setujui, pada form masih terdapat opsi diajukan approval kepada",Mayor
"pada form PP001 (0100) Rutin dan koreksi , tanggal kejadian download pdf  terpotong",Kosmetik
1. pada hasil preview poin urut a-v tidak muncul<br><br>2. Isi uraian tidak sesuai tamplate<br><br>3. Pada hasil download excel kolom catatan tidak sejajar<br>Rutin &amp; Koreksi<br><br>4. Pada hasil download PDF terdapat kelebihan halaman<br>Rutin &amp; Koreksi<br>,Minor
judul form masih belum sesuai,Minor
judul form masih belum sesuai,Minor
1. penamaan form pada strukdat belum sesuai<br>2. nama laporan pada strukdat belum sesuai dengan halaman login,Minor
Perhatikan perbedaan antara penjumlahan rumus antar kolom dan baris. Tolong lebih teliti dalam memahami temuannya<br><br>1. Labeling di kode komponen 050201060303000000 blm sesuai<br><br>2. Labeling di kode komponen 050201070000000000blm sesuai<br><br>3. Labeling di kode komponen 050201090000000000 blm sesuai<br><br>4. label dan rumus di kode komponen 050202000000000000 blm sesuai<br><br>5. Labeling di kode komponen 050202010000000000 blm sesuai<br><br>6. Labeling di kode komponen 050202101000000000 blm sesuai<br><br>7. Labeling di kode komponen 050202102000000000 blm sesuai<br><br>8. Labeling di kode komponen 050202040000000000 blm sesuai<br><br>9. Labeling di kode komponen 050202050000000000 blm sesuai<br><br>10. Labeling di kode komponen 050202060000000000 blm sesuai<br><br>11. Labeling di kode komponen 050202070000000000 blm sesuai<br><br>12. Labeling di kode komponen 050202080000000000 blm sesuai<br><br>13. Labeling di kode komponen 050202090000000000 blm sesuai<br><br>14. Rumus di kode komponen 050203010000000000 blm sesuai,Mayor
pada preview PE002 tabel disingkat sedangkan pada template tidak disingkat,Kosmetik
footnote dan isi keterangan belum sesuai,Mayor
"1. Selisih kurang antara PPKA dan cadangan kerugian penurunan nilai  atas aset produktif pada template sedangkan pada aplikasi Selisih kurang antara PPA dan cadangan kerugian penurunan nilai (CKPN) atas aset produktif<br>2. terdapat keterangan 2) pada kolom yang tidak ada di template<br>3. JUMLAH BUFFER YANG WAJIB DIBENTUK pada template sedangkan pada aplikasi PERSENTASE BUFFER YANG WAJIB DIPENUHI OLEH BANK (%)<br>4. ATMR UNTUK RISIKO PASAR, ATMR UNTUK RISIKO OPERASIONAL, RASIO KPMM (AKTUAL) (%) nilainya tidak sesuai template<br>5. Kolom Komponen modal pada aplikasi sedangkan pada template POS-POS",Mayor
1. posisi baris tertukar<br>2. pada aplikasi masih ada yg belum di highlight abu-abu,Mayor
"preview, hasil download PDF dan EXCEL pada kolom tanggal berbeda, ada yang menggunakan ""-"" dan ada yang menggunakan ""/""",Kosmetik
Belum adanya limitasi karakter,Minor
form tidak sesuai,Mayor
"Pada form PE014 (0100) hasil download PDF Rutin &amp;Koreksi, Tanggal kejadian terpotong",Kosmetik
Judul kolom pada tabel mohon dibuat center,Kosmetik
Judul kolom pada tabel mohon dibuat center,Kosmetik
Judul kolom pada tabel mohon dibuat center,Kosmetik
Judul kolom pada tabel mohon dibuat center,Kosmetik
Pada kolom hasil log error belum sesuai dengan strukdat,Mayor
"Sandi Laporan PE015 form 0100 Rutin dan Koreksi, hasil download PDF tanggal kejadian terpotong",Kosmetik
Pada kolom dan urutan hasil log error belum sesuai dengan strukdat,Mayor
untuk justify mohon ditambahkan,Mayor
Judul kolom pada tabel mohon dibuat center,Kosmetik
keterangan tabel form belum sesuai,Mayor
Judul kolom pada tabel mohon dibuat center,Kosmetik
Judul kolom pada tabel mohon dibuat center,Kosmetik
1. pada baris 25 ada pesan log eror yang belum sesuai denga strukdat<br><br>2. pada baris 31 terdapat kata pada log eror yang tidak sesuai dengan strukdat,Mayor
belum dapat melakukan export PDF,Mayor
hasil log error belum sesuai dengan strukdat,Mayor
log aktivitas ubah role belum tercatat,Mayor
log aktivitas pelacakan siapa saja yang sudah mengakses sistem dan melakukan perbaharuan data pada modul aplikasi belum ada,Mayor
1. Pada baris 70 pada strukdat +/- tapi pada log eror keluar pesan harus positif<br>2. Pesan validasi rumus kode 010202020700000000 belum sesuai struktur data<br>3. Pesan validasi rumus kode 010202020300000000 belum sesuai struktur data,Mayor
Nomor sanksi belum tampil,Mayor
1. Belum ada kolom yang memiliki keterangan <br>2. Nilai ATMR dan Rasio belum sesuai<br>3. Nilai CET 1 untuk BUFFER belum sesuai,Mayor
"Nama form tidak sesuai, pada T.1.1 Form 0100 - Laporan Informasi Utama (txt) dan Form 0200 - Dokumen Pendukung Laporan Insidental (pdf) sedangkan pada web Form 0100 - Informasi Utama (txt) dan Form 0200 - Dokumen Pendukung (pdf)",Minor
Logo OJK terpotong,Minor
"Pada preview web, kolom nama nadzir tidak muncul",Mayor
"Pada hasil preview, kolom ""nama nadzir"" tidak muncul",Mayor
kolom status: â€œditerima/ ditolakâ€ â€œdokumen lengkap/ tidak lengkapâ€. belum muncul,Mayor
PDF kepotong dan terdapat 2 halaman kosong,Minor
judul kolom pada tabel belum rata tengah,Kosmetik
"pada master telah dibuat center, namun pada konsep naskah dinas tidak center",Mayor
Gagal request bulk download,Mayor
pada baris ke 10 log eros yang keluar belum sesuai dengan strukdat,Mayor
1. form 02B nama kolom pada log eror belum sesuai dengan yang ada pada struktur data<br>,Minor
pdf terpotong,Minor
Error saat klik download client,Fatal
"1. nama kolom form 05B pada log eror belum sesuai dengan struktur data<br><br>2. terdapat pengulangan log eror pada baris ke 67, 68, dan 69<br><br>3. pada strukur data terdapat keterangan yang berisi  kode komponen yang ""diisi dengan menggunakan format 2 angka di belakang . (titik)"" sedangkan kode komponennya tidak ada pada form 05B nya",Mayor
1. Pesan validasi karakter kolom 3 dan 6 pada baris 47 belum muncul<br>2. Komponen 060207040000000000 dan 060207050000000000 belum ada keterangan harus desimal 3 angka dibelakang titik pada struktur data,Mayor
1. Judul kolom Pipeline Code mohon ditambahkan spasi<br>2. Judul kolom pada tabel mohon dibuat center,Kosmetik
"Pada hasil bulk download, form 9B datanya tidak muncul",Mayor
Pada kolom Pipeline Code mohon ditambahkan spasi,Kosmetik
log eror yang keluar belum sesuai dengan struktur data,Minor
"1. pada hasil preview, kolom catatan masih kosong<br>2. allignment tidak ditengah",Minor
"Saat klik tombol reset, data / hasil pencarian sebelumnya tidak terhapus",Mayor
Tidak terdapat tombol Preview untuk melihat Data Indeks,Mayor
isi keterangan masih belum sesuai dengan template,Kosmetik
"nilai masih belum sesuai, terdapat ,00 pada web",Kosmetik
masih ada nama pos yang belum sesuai dengan template,Minor
penomoran tidak sesuai,Minor
Telah memilih/memfilter data provinsi namun data tidak muncul pada hasil pencarian,Mayor
"Pada aplikasi untuk kolom filter tertulis Satuan Kerja / Unit Kerja (Satker/Uker) namun pada hasil export pdf tertulis \""Sektor PUJK\""",Mayor
"Pada Data Filter tidak terdapat Filter untuk Bentuk Kegiatan namun pada hasil filter terdapat Bentuk Kegiatan pada Tab Menu \""Jenis dan Bentuk Kegiatan\""",Mayor
"Pada Aplikasi Data Bentuk Kegiatan, namun pada hasil export Pdf Data Klasifikasi Kegiatan",Mayor
"Pada saat mengisi data di Tab Bulan Januari dan Tahun 2026 data tidak terinput dan muncul pop up \""Kesalahan Mengambil Data\""",Mayor
Setelah mengisi data pada Tab Provinsi namun data tersebut tidak terinput pada kolom hasil pencarian,Mayor
judul pada dropdown masih berbeda dengan template dan hasil generate,Kosmetik
masih ada nama pos yang belum sesuai dengan template,Minor
1. Nama pos belum sesuai<br>2. angkanya belum sesuai dengan template,Mayor
Untuk Item Data pada Filter bisa disamakan dengan hasil dari Data Filter tersebut setiap kolomnya pada PEPK 11 s.d PEPK 16,Kosmetik
"Pada field dropdown form 1,2, dan 3 masih berbeda dengan template",Mayor
1. baris 75 log eror yang keluar belum sesuai Struktur data<br><br>2. baris 68 log eror yang keluar belum sesuai dengan struktur data<br><br>3.  baris 67 log eror yang keluar belum sesuai struktur data,Mayor
"1. pada strukdat terdapat rumus ke baris 90, namun belum muncul validasi jika isinya salah<br><br>2. pada strukdat terdapat rumus ke baris 102 pada baris 54 kolom 9 dan 10 nya tidak muncul<br><br>3. baris 31 log eror yang keluar belum sesuai strukdat",Mayor
1. Nama Kolom dan komponen baris 6 belum sesuai struktur data (mohon dicek seluruh pesan di baris ini)<br>2. Nama Komponen CET 1 pada pesan rumus baris 65 belum sesuai struktur data,Mayor
"1. Pesan validasi rumus baris 5 kolom 8 dan 14 belum sesuai struktur data, namun hasilnya sama.",Mayor
nama bulan pada kolom individual dan konsolidasian belum sesuai,Minor
"Bisa menambahkan Kolom Nomor karena data yang ditampilkan cukup banyak, untuk memudahkan dalam membaca data, untuk siap kolom PEPK 11 s.d PEPK 16",Kosmetik
"Judul form pada web, dropdown, template, dan strukdat masih ada yang belum sesuai",Mayor
angkanya belum sesuai dengan template,Mayor
"Setelah memfilter data, namun hasil / data tidak dapat ditampilkan (Error) dengan keterangan The \'<strong><em>carryover_unresolved_days_bin\' property on \'usp_EPK_GetDataComplaintsHandling_Result\' could not be set to a \'System.String\' value. You must set this property to a non-null value of type \'System.Int32</em></strong>\'.",Mayor
"Pada kolom catatan belum sesuai, seharusnya kolom catatan tidak dihilangkan <br>",Mayor
Pada Hasil Download / Export Excel &amp; TXT PEPK13 dan PEPK15  antara Judul Dokumen dan isi Dokumen tidak sesuai,Minor
"Pada saat melakukan Preview Dataset, hasilnya tidak muncul melainkan muncul pop-up error Invalid",Mayor
"Pada saat mengisi data di Tab Bulan Juni dan Juli untuk Tahun 2025 dan 2026 data tidak tampil dan muncul pop up \\\""Kesalahan Mengambil Data\\\""",Mayor
pada skenario terdapat tombol export pdf dan export excel tapi pada applikasi tidak ada,Mayor
"Pada saat melakukan Refresh untuk menampilkan Log Proses terbaru, terjadi error dan muncul pop-up error",Mayor
Pada hasil export excel untuk data Filter Periode awal dan Periode akhir tidak muncul seperti data filter lainnya,Mayor
"Ketika di klik menu ""Pengumuman"" nya, muncul error (SS1)",Mayor
Tanggal dan Jam tidak berubah (tidak sama dengan data di internal SY00800) tetapi data <i>content </i>lainnya sudah berubah (sama dengan data di internal SY00800),Mayor
Seluruh <i>hyperlink </i>pada <i>field </i>terlampir tidak berfungsi,Mayor
Format laporan masih  tidak tervalidasi saat mengupload dokumen meski jenis usaha telah disesuaikan,Mayor
data yang ditambahkan pada Laporan Bulanan Internal belum tampil pada Laporan Bulanan di Eksternal,Mayor
1. Kode Komponen 010002 harusnya tidak lolos<br>2. Validasi rumus kolom 8 belum ada,Mayor
1. Nama Kolom 4 belum sesuai struktur data,Minor
1. Pesan error yg muncul blm urut<br>,Minor
"Pada saat melakukan Refresh untuk menampilkan Log Proses terbaru, terjadi error dan muncul pop-up error",Mayor
"Notifikasi <i>error </i>tidak sesuai. <i>error </i>yang ditampilkan seharusnya mengindikasikan <i>password </i>tidak sesuai, bukan mengindikasikan <i>unprotection file</i>, karena file template xlsx sudah diproteksi melalui <i>encrypt password </i>di aplikasi <i>excel</i>",Minor
1. Pesan error yg muncul blm urut,Minor
tidak bisa mengakses menu Permintaan Penyesuaian,Fatal
Email belum masuk lebih dari 15 menit,Mayor
"1. Pesan error yg muncul blm urut<br><br>2. Kolom 12 blm sesuai, krn ada typo !=0",Mayor
"Setelah sebelumnya mengunggah data pada metadata dan ingin menambahkan / update data baru, data sebelumnya tidak otomatis hilang tergantikan dengan update data yang di upload terbaru tetapi menjadi double",Mayor
"1. Kode Status Laporan Koreksi pada struktur data 2, namun pada pesan kesalahan 1",Mayor
"1. Muncul pesan kesalahan panjang maksimal 5, saat pengujian sebelumnya muncul panjang maksimal 6<br>2. Jika Faktor Pengurang 0, muncul pesan validasi rumus untuk kolom 8 belum sesuai struktur data",Mayor
"Format penomorannya kurang tepat, mohon disesuaikan menjadi <br>""1."" atau ""1)"" agar lebih konsisten",Kosmetik
"ketika melakukan cetak, tidak ada audit trailnya",Mayor
nama kolom belum tergenerate ke hasil download excel,Mayor
blm ada pesan error terkait max file pdf &gt; 100MB,Mayor
blm ada pesan error terkait max file pdf &gt; 100MB,Mayor
blm ada pesan error terkait max file pdf &gt; 100MB,Mayor
Judul kolom pada tabel yg tampil mohon dibuat center,Kosmetik
Judul kolom pada tabel yg tampil mohon dibuat center,Kosmetik
"standar yang keluar belum sesuai pada saat di ubah periode data pada nama file, pada LKKATK langsung muncul file tidak valid saat baca directory, namun pada LKKAKA lolos baca directory dan keluar eror nya ditahap selanjutnya",Minor
"ketika melakukan cetak, tidak ada audit trailnya",Mayor
"Tambah Laporan muncul akses ditolak, mohon tambahkan error handling jika harus membuat rencana dulu",Mayor
Judul  Kolom belum center,Kosmetik
"Huruf \""N\"" yang ada di kolom ke 4 awal kata belum kapital",Kosmetik
belum ada ticklist untuk penghapusan beberapa kolom sekaligus,Mayor
"1. jika checked di checkbox dan klik button remove row, tidak ada yang terjadi.<br><br>2. ketika pilih 1 data dan cheked 2 data, data yang terhapus hanya data yang dipilih (berwarna abu)",Mayor
header edit row tumpang tindih,Minor
Untuk tampilan tabel mohon disesuaikan dengan ukuran yang ada,Minor
Untuk tampilan tabel mohon disesuaikan dengan ukuran yang ada,Minor
email pengawas belum masuk lebih dari 15 menit,Mayor
"ketika klik ""Kembalikan"" berhasil tetapi tidak masuk di <i>audit trail</i>",Mayor
"ketika klik ""Tolak"" muncul <i>error</i>",Fatal
Tidak lolos validasi,Mayor
Tidak lolos validasi,Mayor
DSIN seharusnya tertulis SKPA sesuai T11,Mayor
data monitoring kosong sedangkan email sukses sudah dimasuk,Mayor
kode status laporan masih belum sesuai antara template dan client,Mayor
Kantor/Kota (Satker/ Uker) &amp; Persentase Realisasi Penerimaan OJK belum tampil di output laporan,Mayor
Persentase Realisasi Penerimaan SanksiOJK belum tampil di output laporan,Mayor
"1. saat melakukan pengujian terkait kolom 13, muncul pop up kesalahan<br><br>2. Panjang maksimal kolom suku bunga belum sesuai struktur data<br><br>3. Saat diisi tab pada semua kolom muncul popup kesalahan",Mayor
Muncul notifikasi update padahal sudah menggunakan client terbaru,Minor
Mohon tambahkan simbol - di kolom tabel khususnya untuk kata (rata-rata),Kosmetik
kirim data KP dengan nomor surat tidak terdaftar tetapi keterangan version uploadnya Koreksi inisiatif sendiri,Mayor
1. Saat kolom tanggal diisi huruf muncul popup kesalahan2. Saat diisi tab pada semua kolom muncul pop up kesalahan,Mayor
jenis penerimaan dan status pelimpahan belum tampil,Mayor
1. Saat kolom tanggal diisi huruf muncul popup kesalahan<br><br>2. Saat semua kolom diisi tab muncul pop up kesalahan,Mayor
Email pengawas tidak masuk padahal status laporan gagal,Mayor
1. Saat kolom tanggal diisi huruf muncul popup kesalahan<br><br>2. Saat semua kolom diisi tab muncul pop up kesalahan,Mayor
1. pada awalan kata belum huruf besar<br><br>2. nama kolom belum ada spasi,Kosmetik
Pada saat download installer muncul error download,Fatal
1. Saat kolom tanggal diisi huruf muncul popup kesalahan2. Saat semua kolom diisi tab muncul pop up kesalahan,Mayor
"Ketika buka Menu ""Pelaku Industri"" (IJ00200)=&gt; Pilih Pelaku Industri=&gt; Klik Ubah Jenis Industri=&gt; Input data License Termination=&gt; Simpan perubahan dan berhasil tersimpan (SS1), status nya belum berubah, masih sama statusnya tetap ""Aktif"" (SS2)<br><br>SS terlampir",Mayor
Pada hasil download error,Mayor
1. Panjang maksimal kolom suku bunga belum sesuai struktur data,Mayor
"1. Template belum generate txt dengan data<br>2. Kolom tanggal ditambah dan dkurangi 1 digit, 1 digit terakhir diganti angka, diubah jadi angka desimal dijadikan negatif, dijadikan format ddmmyyyy muncul popup kesalahan<br>3. Jika diisi tab akan muncul popup kesalahan<br>4. Kolom 10 sudah diisi sesuai A0100 masih muncul pesan kesalahan",Mayor
1. pada skenario diminta untuk Klik menu Absensi Pelindungan Konsumen<br>2. namun pada akun internal tidak ada Absensi Pelindungan Konsumen<br>3. pada akun eksternal tidak ada menu Absensi Pelindungan Konsumen ataupun menu Absensi Laporan Penilaian Sendiri,Mayor
nama laporan pada sheet tidak sesuai dengan nama laporan yang di download,Mayor
"saat remove rows berhasil dilakukan, nama kolom berubah menjadi bahasa inggris. mohon diubah ke bahasa indonesia agar konsisten",Minor
"di kata \""NilaiInvestasi\"" mohon tambahkan spasi di setiap kata yang ada di grafik tersebut.",Kosmetik
"Pada saat kirim data muncul notifikasi kesalahan, padahal administrasi absensi sudah tergenerate",Fatal
"ketika klik \"" link summary\"" muncuk pop up dan form seperti pada gambar \""1\""",Mayor
"ketika klik \"" klik detail\"" muncuk pop up dan form seperti pada gambar \""1\""",Mayor
Panjang karakter pada form 0101 dan 0102,Mayor
Pada menu Pengawasan DINFRA muncul tampilan error,Mayor
"pada T11 terdapat Sub Menu Generate Analisis Laporan Keuangan MI, sedangkan di Aplikasi tidak ada Sub Menu tersebut.",Fatal
Judul yang ada di kolom belum center,Kosmetik
Tidak ada kolom penggunaan untuk kode komponen,Mayor
"Tes validasi MCO baris-8 kolom 2 dikosongkan tetapi redaksi error tidak ada keterangan ""wajib diisi"" dan muncul panjang minimum 16",Minor
Detail data untuk kolom Flag Detail dan Kode Komponen belum tersedia,Minor
Data tidak muncul saat di filter,Mayor
Pada saat pengecekan kolom 2 menggunakan case kode komponen yang sama muncul hasil log error kolom 3,Minor
"Saat pengetesan panjang karakter maksimal dan minimal kode komponen 0101010000000000, 0101020000000000, muncul 2 log error dan pada kode komponen bernilai positif lainnya",Minor
"Validasi panjang karakter maksimum dan minimum pada kode komponen 0101060000000000, 0101070000000000, 0101080000000000, 0101090000000000 muncul 2 log eror dan pada kode komponen bernilai negatif lainnya",Minor
"Pada bagian upload dokumentasi, ukuran file maksimal 1MB dengan format : .pdf, .docx, .doc, .xls, .xlsx, .jpg, .jpeg. Tapi saat upload menggunakan format .jpg dengan ukuran file 51KB, ada alert Unggahan tidak berhasil. Saat klik Muat Ulang File ada alert \""Unauthorized\"" serta saat mencoba untuk simpan, muncul alert \""Oops... Nilai melebihi batas\"".",Mayor
"Validasi panjang karakter maksimum pada kode komponen 0101010000000000,  0101060000000000, 0101100000000000 pada hasil log error berbeda",Minor
Validasi panjang karakter maksimum dan minimum pada kode komponen bernilai +/- lainnya muncul 2 log eror,Minor
Mohon diberi validasi mandatory karena jika tidak memilih jenis efek data tidak muncul,Minor
mohon lebih disesuaikan header nama kolom dengan parameter,Minor
Mohon diberi validasi mandatory karena jika tidak memilih jenis efek data tidak muncul,Minor
Nama kolom tidak ada spasi,Kosmetik
Redaksi error validasi nama file untuk Periode Data Laporan seharusnya yyyymmdd,Mayor
muncul pop up data tidak tersedia namun jika di proses data muncul,Minor
mohon sesuaikan judul kolom dengan parameter,Minor
"Redaksi error validasi nama file untuk Ekstensi yang Tidak Sesuai seharusnya hanya mengizinkan file "".txt"" tidak termasuk "".pdf""",Mayor
Redaksi error penamaan Header Tidak Sesuai dengan penamaan Header di Struktur Data,Minor
Tidak bisa melakukan kirim data melalui web,Fatal
data tidak muncul saat di proses,Mayor
1. pesan error blm urut,Kosmetik
1. pesan error blm urut,Kosmetik
Nama kolom tidak ada spasi,Kosmetik
hasil tidak muncul / error,Mayor
Nama kolom tidak ada spasi,Kosmetik
1. pesan error blm urut,Kosmetik
1. pesan error blm urut,Kosmetik
1. pesan error blm urut,Kosmetik
Form 0102 saat tes validasi kode komponen berhasil lolos tidak muncul log error,Mayor
Pada baris 12 saat tes kode komponen (kolom 2) pada kolom 3 &amp; 4 ikut muncul log error,Minor
mohon diberi validasi mandatory karena jika tidak dipilih tidak dapat di proses,Minor
Muncul Page Error pada hasil Preview Data,Mayor
1. pesan error blm urut,Kosmetik
mohon diberi validasi mandatory karena jika tidak dipilih tidak dapat di proses,Minor
Huruf N di awal kata belum kapital,Kosmetik
data yang ada di nama efek belum ditampilkan,Mayor
hasil export excel berbeda dengan applikasi ( di excel koma di applikasi titik),Kosmetik
1. pesan error blm urut,Kosmetik
1. pada kode komponen 0102060100000000 dan kode komponen 0102010300000000 <br>pada hasil log error panjang maksimum berbeda<br>2. pada kode komponen 0102060200000000 dan kode komponen 0102060300000000 pada hasil log eror panjang maksimum berbeda <br>3. Pada strukdat belum ada keterangan +/-,Minor
Mohon dirapikan hasil download Excel dan PDF,Kosmetik
export excel angka pada pada applikasi menggunakan titik sedangkan di excel menggunakan koma,Kosmetik
mohon diberi validasi mandatory  untuk periode dikarenakan jika tidak dipilih tidak dapat di proses,Mayor
saat melakukan kirim data muncul eror tersebut,Mayor
in konsisten  penulisan pada export excel dan export pdf serta di applikasi<br><br>,Kosmetik
1. pesan error blm urut,Kosmetik
1. pesan error blm urut,Kosmetik
"tulisan \""periodelaporan\"" pada applikasi tidak ada spasi",Kosmetik
kode jenis usaha apapun lolos validasi,Mayor
"Sandi bank tidak sesuai, seharusnya 506",Fatal
"pada skenario \""Upload Koreksi Pengawas Setelah Periode Koreksi (sudah lapor rutin)\"" hasil pengetesan gagal tetapi pada skenario nya sukses. dan pada versi upload masih tertera \""0\""",Minor
Nama kolom belum ada spasi,Kosmetik
Belum berhasil kirim data,Fatal
Tidak bisa kirim data,Fatal
Tidak bisa kirim data,Fatal
"proses sinkronisasi PUJK, selesai proses sinkronisasi, lalu klik lihat,  pada error message terdapat gagal sinkronisasi",Mayor
Tidak bisa kirim data,Fatal
Client belum tersedia,Fatal
Client belum tersedia,Fatal
Tidak bisa kirim data,Fatal
Tidak bisa kirim data,Fatal
Tidak bisa kirim data,Fatal
Tidak bisa kirim data,Fatal
Muncul error pada hasil preview data,Mayor
Client belum tersedia,Fatal
Client belum tersedia,Fatal
Client belum tersedia,Fatal
Client belum tersedia,Fatal
Belum huruf besar pada nama kolom,Kosmetik
Belum ada spasi pada nama kolom,Kosmetik
Laporan yang sudah dibuat pada periode 2026 tidak tampil/muncul.,Mayor
Laporan yang sudah dibuat pada periode 2026 tidak tampil/muncul.,Mayor
"Belum terdapat keterangan \""kolom\"" pada pesan kesalahan",Kosmetik
"pada skenario web \""Upload Rutin Pada Periode Rutin (Eksternal Sudah Laporan Rutin)\"" ketika di test hasilnya lolos validasi",Mayor
Nama kolom tidak ada spasi,Kosmetik
1. pesan error blm urut,Kosmetik
1. pesan error blm urut,Kosmetik
1. pesan error blm urut,Kosmetik
1. pesan error blm urut,Kosmetik
1. pesan error blm urut,Kosmetik
"kata pada applikasi \""detil\"" seharusnya detail",Kosmetik
"pada strukdat jumlah angka \""0\"" dalam kode komponen berbeda, pada strukdat 10 sedangkan pada hasil generate 8",Mayor
Mohon di hilangkan underscore pada nama field,Kosmetik
"Pada strudat form 0101 untuk jumlah kode komponen berbeda, pada strukdat 12 sedangkan pada hasil generate 10",Mayor
LOG error yang keluar tidak sama denga strukdat yang ada,Mayor
mohon diberi validasi mandatory untuk bagian periode karena jika tidak dipilih tidak dapat diproses,Mayor
"mohon di beri validasi mandatory untuk bagian pilih grup, karena jika tidak dipilih tidak muncul tampilan selanjutnya",Minor
"Pada kode komponen 0102010800000000, 0102020400000000, 0102030100000000, 0102040400000000, 0102050200000000, 0102070100000000, 0102070200000000, 0102070300000000, 0102070400000000 belum ada +/-, seharusnya sesuai dengan yang terlampir",Mayor
1. pesan error blm urut,Kosmetik
1. pesan error blm urut,Kosmetik
1. pesan error blm urut,Kosmetik
jumlah kode komponen antara strukdat dan template tidak sama,Minor
Data tidak muncul,Fatal
Mohon di hilangkan underscore pada nama kolom,Kosmetik
Terdapat Pengulangan pada nama field,Minor
Pada panjang maksimal kolom 3 tidak muncul pada log error baris 17 dan 18,Minor
Mohon di hilangkan underscore pada nama kolom,Kosmetik
Mohon di hilangkan underscore pada nama kolom,Kosmetik
"Pop-up yang keluar tidak sama dengan hasil yang diharapkan yaitu ""Persiapan data sukses dan pengiriman data gagal"" saat terjadi gangguan jaringan",Minor
Mohon di hilangkan underscore pada nama kolom,Kosmetik
Mohon di hilangkan underscore dan belum ada spasi pada nama kolom,Kosmetik
Mohon di hilangkan underscore dan belum ada spasi pada nama kolom,Kosmetik
Mohon diberi validasi mandatory karena jika tidak memilih Manajer Investasi dan jenis laporan data tidak muncul,Minor
ketika melakukan logout mpks05 terjadi error,Fatal
Pengulangan Kolom nomor,Minor
Jenis Kelamin Debitur belum sesuai. Perempuan dan Wanita satu jenis,Minor
Gagal kirim,Fatal
"Pada nama kolom yang terdapat \"" Pre Allocation\"" belum ada spasi",Kosmetik
"pada laporan insidental, tidak bisa kirim laporan dengan tanggal contoh \""2026-08-12\""",Mayor
tidak muncul pop up setelah klik tombol simpan,Mayor
"Pada bagian Pengawasan RDPT, setelah memilih grup ketika klik proses muncul tampilan error",Mayor
Tidak tampilnya icon aksi pada kedua laporan.,Mayor
"saat klik Verifikasi Dukcapil, pop up gagal belum ada keterangan kenapa verifikasi gagal dilakukan",Minor
file analisis laporan keuangan MI mohon tambahkan spasi di kata kode MI dan nama MI setiap tabel yang ada,Kosmetik
"saat melakukan kirim data melalui web untuk gagal web, tetapi log errornya tidak tersedia untuk tahun 2028 sedangkan kondisi sudah kirim rutin",Mayor
"saat melakukan kirim data melalui web hasilnya gagal, harusnya berhasil karena belum kirim rutin (periode 2029)",Fatal
"sudah melakukan pengiriman data insidental BUK dengan periode \""2026-08-12\"",  tapi belum masuk datanya baik di email atau di monitoring",Mayor
opsi jenis kelamin belum sesuai,Mayor
"Pada skenario kirim data, hasil check file signature dan kirim masih terjadi kesalahan",Mayor
mohon tambahkan simbol - di kata lain-lain di dalam table,Kosmetik
mohon tambahkan simbol - di header pendapatan lain-lain,Kosmetik
Redaksi error penamaan Header Tidak Sesuai dengan penamaan Header di Struktur Data,Minor
gagal menuju halaman selanjutnya setelah mengisi biodata layanan permintaan laporan keuangan,Mayor
Redaksi error validasi nama file untuk Periode Data Laporan seharusnya mengandung periode triwulanan (tidak hanya yyyymmdd),Minor
Form pendaftaran yang sudah di input public belum masuk ke akun mpks tester 1,Mayor
terdapat kolom kosong diantara kolom nomor dan kolom no. pendaftaran,Minor
Mohon di hilangkan underscore pada nama kolom,Kosmetik
Pada saat drafter memasukkan data Hasil Utama data tidak masuk di akun drafter maupun akun reviewer,Mayor
"setelah berhasil melakukan proses verifikasi dokumen, dokumen tidak masuk ke menu proses ideb",Mayor
"Preview Data<br>Belum terdapat Analisis Keuangan, langsung pada tab Neraca, dan Laba/Rugi",Minor
Gagal mengaktif dan non aktifkan status pegawai,Mayor
"Pada saat berhasil simpan draft, tidak menampilkan button pilihan Lihat/Refresh Data/Edit/Hapus secara langsung, harus Refresh manual terlebih dahulu agar button tampil pada tabel data",Minor
Redaksi error apabila <i>tidak ada header </i>dan <i>header lebih dari satu </i>seharusnya memberikan error yang relevan dengan kondisi tersebut (error ditampilkan saat ini masih mengacu pada kesalahan jumlah kolom pada header),Minor
nama kolom belum sesuai dengan struktur data,Mayor
kode jenis usaha apapun lolos validasi,Mayor
"kode jenis usaha BUS menggunakan \""02\"" namun saat dimasukan kode jenis usaha yang lain masih lolos",Mayor
Tidak bisa login,Mayor
nama kolom belum sesuai dengan struktur data<br>,Mayor
Pada Menu Approver diluar harusnya ada button setujui.,Mayor
"ketika melakukan filter dengan format tanggal awal pendaftaran sesuai dengan pesan pada alert gagal, tetap tidak bisa klik button",Mayor
"Tabel Neraca dan Laba/Rugi terdapat typo pada judul kolom ""Selesih 2025 - Des 2025""",Kosmetik
"Pada Hasil Export Excel terdapat judul kolom yang belum sesuai. ""Analisis Perkembangan Neraca""",Minor
"keterangan seharusnya tidak perlu menggunakan koma(,)",Kosmetik
"Hasil Export Excel Grafik ""Lampiran Grafik Pendapatan Operasional dan Beban Operasional"" belum sesuai dengan web",Mayor
Password untuk External dibuat expired selama 60 hari sesuai ketentuan MPSI terbaru,Mayor
"Hasil Export Excel Grafik ""Unsur Beban Operasional"" belum sesuai dengan web",Mayor
Jenis Layanan ketika tidak di isi lalu klik button tampilkan muncul alert,Mayor
Pada saat melakukan Export PDF muncul pop up kesalahan tidak bisa dibuka.,Mayor
"Pada Hasil Export Excel belum terdapat Konseptor, dan Riwayat Konseptor",Mayor
Pada Menu FER saat export data grafik pada aplikasi dan export excel berbeda,Mayor
terdapat kolom kosong pada tabel,Minor
"pada sub menu Self Assessment, di skenario tertulis \""Self Assessment Edukasi dan Perlindungan Konsumen\""",Kosmetik
"ketika difilter dengan isian, tahun 2026, nama surver test self assessment, kertas kerja kertas kerja pelaksanaan edukasi. jadi ke landing page",Mayor
"ketika memilih nama PUJK PT BANK NEGARA INDONESIA. dan klik lihat, terjadi akses ditolak",Mayor
"filter tanggal sangat rinci, jika tidak tahu jam, menit dan detik, data tidak tampil",Minor
Pada Menu Approver diluar harusnya ada button setujui.,Mayor
email belum masuk lebih dari 30 menit,Mayor
email laporan triwulan sudah masuk tetapi monitoring masih kosong,Mayor
Pada data PT Alami Fintek Syariah 2024 Garis grafik tidak muncul,Minor
"Pilih salah satu PUJK (PT BANK NEGARA INDONESIA (PERSERO), Tbk), provinsi dan kota tidak masuk<br><br>Pada log services CAM, data provinsi dan kota tersedia",Mayor
pesan pada alert mandatory belum sesuai,Mayor
Data tidak muncul ketika di filter,Minor
Hasil Export PDF pada grafik belum sesuai dengan web,Mayor
"ketika memilih opsi satuan kerja Direktorat Pengawasan Terintegrasi 2 dan Kantor Regional 2 Jawa Barat, tidak bisa melakukan simpan data, tetapi ketika memilih opsi *semua* berhasil tersimpan, dan 2 kantor yang gagal sebelumnya jadi berhasil tersimpan",Mayor
Pilihan data tidak muncul saat klik button list,Mayor
"ketika memilih satuan kerja Direktorat Pengawasan Terintegrasi 2 dan Kantor Regional 2 Jawa Barat untuk dilakukan perubahan, berhasil masuk kedalam form perubahan tetapi ketika klik button simpan muncul pop up gagal karena satuan kerja tidak ditemukan",Mayor
1. Panjang maks kolom 7 strukdat blm sesuai<br><br>2. Referensi kolom 6 blm muncul pesan error di baris 3 dan 4<br>,Mayor
"saat pengisian Kabupaten/Kota Debitur, seharusnya tidak ada pilihan Provinsi",Minor
"Saat menjalankan skenario 9, Gagal Lapor Rutin, Email pengawas tidak masuk",Mayor
"saat tambah evaluasi dampak kegiatan, blm ada pop up ketika berhasil tersimpan. mohon ditambahkan pop up berhasil simpan",Minor
"kolom keterangan error untuk tanggal mulai dan berakhir belum spesifik menjelaskan untuk format tanggal yang digunakan seperti apa, apakah dd/mm/yyyy, dd.mm.yyyy, yyyy/mm/dd atau format lain<br><br>kode satker dan kode ideb tidak di isi, tidak mucul di keterangan error",Mayor
belum ada keterangan mandatory dan notif harus checklist sebelum klik Ajukan Permohonan,Minor
"saat hapus hasil copy kegiatan, blm ada <b>pop up berhasil dihapus</b>",Minor
Tidak ada nya konfirmasi nomor Laporan Rencana Inklusi dan Laporan Pelaksanaan Inklusi ke email eksternal.,Mayor
"pilih icon Cetak:<br>1. pada aplikasi <b>cakupan kegiatan </b>namun saaat dicetak menjadi<b> ruang lingkup kegiatan</b>, mohon disamakan antara cetak dengan aplikasi<br><br>2. pada aplikasi hanya isi sektor perbankan, namun pada cetak ada materi sektor industri keuangan non-bank walaupun tidak ada isinya, padahal di aplikasi materi sektor industri keuangan non-bank tidak ada",Mayor
"Tidak ada kolom YoY (%), tidak sesuai dengan mockup<br>",Mayor
"saat berhasil tolak data, popup berhasil tolak data sama dengan popup berhasil verif data",Kosmetik
"Expected : Terdapat kolum YoY(%) pada bagian AP, KAP dan OpiniActual : Kolum YoY(%) pada bagian AP, KAP dan Opini tidak muncul dan tidak bisa discroll kesamping",Mayor
sudah lapor namun status pelaporan ditulis <b>belum lapor</b>,Mayor
Format bold sub bagian pada tampilan tidak sesuai dengan mockup,Kosmetik
jumlah form pada bukti kirim masih belum sesuai dengan form yang dikirim,Mayor
"Tidak ditemukan baris Current Ratio, dan seharusnya <strong>Current </strong>not Curent",Kosmetik
"Saat menjalankan skenario 14, berhasil kirim client tetapi email dan monitoring tidak terupdate",Fatal
Data di filter menggunakan kode tidak muncul,Minor
mohon untuk tulisan Walkin diubah menjadi Walk In agar konsisten,Kosmetik
"Tidak ada baris \""Current Ratio\"" pada kolum informasi (sama dengan temuan 18)",Mayor
Hasil data yang keluar dan data yang di filter berbeda,Mayor
Pada data PT Ammana Fintek Syariah 2025 data export dan PDF title pada tabelnya baiknya disesuaikan dengan aplikasi,Kosmetik
Data tidak muncul pada tabel link detail,Mayor
"mohon hilangkan simbol \"" - \"" sebelum kata rata-rata di header",Kosmetik
Email gagal dan redaksi tidak sesuai,Mayor
1. Panjang maks kolom 8 strukdat blm sesuai. Strukdat perlu disesuaikan<br>,Mayor
"berhasil kekirim, namun no laporan tidak muncul pada list tabel<br><br>tambahkan kolom nomor laporan semester 1 dan nomor laporan semester 2",Mayor
Redaksi error penamaan Header Tidak Sesuai dengan penamaan Header di Struktur Data,Minor
Urutan perusahaan pada aplikasi dan spreadsheets berbeda,Kosmetik
data di kolom Hasil Verifikasi Dukcapil kosong,Mayor
"Pada saat cetak, salah satu kegiatan/laporan. Data \""Indikator Evaluasi Kesesuaian\"" tidak terisi data yang sudah di input.<br data-mce-bogus=""\&quot;1\&quot;"">",Mayor
label tanggal pendaftaran pada filter belum sesuai dengan label kolom tabel data,Minor
"ketika melakukan filter dengan format tanggal awal pendaftaran sesuai dengan pesan pada alert gagal, tetap tidak bisa klik button",Mayor
tanggal verifikasi belum ada pada kolom data proses data laporan keuangan,Minor
"dibagian parameter saat filter tipe investor hanya muncul 2, mohon tambahkan tipe investor di parameter sesuai yang ada di kolom table",Minor
Jenis Layanan Walkin mohon diubah menjadi Walk In agar konsisten,Kosmetik
mohon untuk kata walkin diubah menjadi Walk In agar konsisten,Kosmetik
masih ada data yang belum ada pada detail data permintaan laporan keuangan,Minor
data yang verifikasinya berhasil ditolak tidak muncul pada halaman Verifikasi Dokumen &gt; Layanan Walk in,Mayor
data PDF pada grafik PT Ammana Fintek Syariah 2025 harusnya disamain dengan tempaltenya.,Minor
version upload laporan semesteran tidak bisa dibuka dan hasil download pdf hasilnya error,Fatal
Sandi berbeda dengan data,Mayor
"pada pop up detail, untuk kolom NPWP belum tampil",Mayor
tidak bisa memproses penarikan permintaan laporan keuangan,Mayor
"1. Kolom 5,6,7,8,9,10,11,12,13,14 seharusnya diisi karena kolom 3 diisi 1 (individu) (SS2)<br><br>2. kolom 4 harus dikosongkan apabila kolom 3 diisi 1 (SS1)<br>",Mayor
"alert kesalahannya seperti tidak ada absensi, sedangkan untuk absensinya sudah terbuat, dan settingan absensi adalah sebelum periode rutin",Mayor
ketika mencari permintaan laporan keuangan dengan nomor pendaftaran yang sudah ada hasilnya tidak terdaftar,Mayor
"1. judul kolom posisinya tertukar tidak sesuai dengan yang ada di tamplate<br><br>2. nama form belum sesuai dengan tamplate<br><br>3. terdapat kolom yang tidak muncul seperti tamplate<br><br>4. terdapat  kolom ""golongan"" pada report basic sedangkan pada tamplate tidak ada<br><br>5. terdapat kolom yang ada pada report basic, sedangkan pada tamplate tidak ada<br><br>6. terdapat kolom ""jumlah kantor pusat dan kantor wilayah/regional"" pada tamplate tetapi pada report basic tidak ada",Mayor
Report Basic Tidak Muncul,Fatal
sudah menyampaikan lewat 49 hari dari batas pelaporan namun status nya blank,Mayor
Sandi perusahaan berbeda,Mayor
Beberapa daftar PT belum sesuai,Mayor
Pada Filter Data Periode untuk data yang tidak ada (tahun tidak ada) memunculkan data periode lain yang ada datanya.,Mayor
1.button sinkronasi belum berfungsi<br><br>2. mohon nama button disamakan menjadi bahasa indonesia agar konsisten,Mayor
"Pada Dokumen T.1.1 untuk unduh file / export dokumen dalam bentuk Excel dan CSV, namun pada aplikasi Excel, PDF dan word",Mayor
Pada saat melakukan filter periode bulan Agustus tahun 2025 muncul pop error di bawah grafik,Mayor
"Pada saat melakukan ekspor PDF di periode bulan Agustus tahun 2025 file tidak dapat terkespor, hanya muncul tampilan Exporting file tetapi file tersebut tidak terekspor",Mayor
Periode validasi laporan masih salah (seharusnya bulanan tapi saat ini sistem menganggap tahunan),Fatal
"Pada saat melakukan ekspor Excel di periode bulan Agustus tahun 2025 file tidak dapat terkespor, hanya muncul tampilan Exporting file tetapi file tersebut tidak terekspor",Mayor
1. nama form belum sesuai dengan tamplate<br><br>2. pada report basic terdapat kolom yang tidak ada pada tamplate,Mayor
"1. nama form belum sesuai dengan tamplate<br><br>2. pada report basic terdapat kolom yang tidak ada pada tamplate <br><br>3. pada tamplate terdapat kolom ""Kewarganegaraan"" namun pada report basic tidak ada",Mayor
Pada saat ingin melakukan ekspor PDF dengan klik Print data tidak terekspor,Mayor
"Laporan yang sudah dibuat dan sudah mendapat nomor surat, tetapi tidak muncul Status Laporan nya.",Mayor
"Data bisa dikirim di Client, tapi tidak masuk ke email dan Monitoring Absensi<br>",Fatal
"ketika mencari filter PUJK, tidak bisa mencari \""BPR BKK Purwodadi\"" ataupun \""purwodadi\""",Mayor
belum ada email reminder otomatis,Fatal
"pada list isi Tanggal kirim, belum ada",Mayor
"Hasil export pdf pada menu report BPJSKES_03 , BPJSKES_04 (Laporan Arus Kas) &amp; BPJSKES_05 (Aset Investasi) tampilan Potrait bisa disamakan dengan hasil export pdf lain dengan tampilan landscape",Minor
"pada status \""tepat waktu\"" ada isi \""Keterlambatan (Hr)\""",Kosmetik
Pada saat filter Segmen Peserta di bagian tab Bukan Pekerja (BP) Investor data yang tampil sama dengan tab Penerima Bantuan Iuran seharusnya berbeda sesuai dengan data yang ada pada Lampiran Metadata,Mayor
Tidak bisa kirim data,Fatal
Pada Menu report BPJSKES_04 (Laporan Arus Kas) jenis data Dana Jaminan Sosial jumlah Akun tidak sesuai atau sama dengan Mockup,Mayor
"skenario 7, ketika sudah melakukan laporan rutin dan sedang melakukan koreksi pada periode rutin (diluar periode koreksi) notifikasi tertulis \""laporan koreksi diperbolehkan jika sudah lapor rutin\""",Kosmetik
Pada menu report BPJSKES_05 (Aset Investasi) jumlah akun pada jenis data badan tidak sesuai dengan mockup,Mayor
"upload client gagal dengan alert error : \""Versi metadata sudah kadaluarsa, lakukan update metadata aplikasi client terlebih dahulu.\"" sedangkan sudah menggunakan client terbaru",Mayor
"Pada Profil Perusahaan mohon untuk tanda \"":\"" disesuaikan kembali",Kosmetik
belum ada spasi pada  transaksi MI,Kosmetik
Update Offline berhasil lolos dengan menggunakan extention selain .dat,Mayor
nama identitas pada web sedangkan seharusnya nama badan usaha,Kosmetik
"pada tamplate judul menggunakan kata ""form"" tetapi pada report basic menggunakan kata ""tabel"", mohon di cek pada semua form",Mayor
decimal value pada template tidak sesuai dengan strukdat,Mayor
"Pada saat memilih tab Piutang Iuran, namun judul yang muncul pada tab tersebut Portofolio Investasi Badan",Minor
"terdapat 2 baris yang muncul pada report basic,  tetapi pada tamplate tidak ada",Mayor
Pada menu report BPJSKES_06 (Hasil Aset Investasi) Jenis data Badan untuk jumlah akun tidak sesuai dengan mockup,Mayor
tidak bisa melakukan simpan perubahan kuota layanan,Mayor
Pada saat Export Excel dan PDF muncul page error,Mayor
data yang telah di proses belum muncul di halaman menu,Mayor
data yang telah ditambahkan belum tampil,Mayor
"Penamaan menu belum sesuai dengan mockup. Seharusnya BPJS Kesehatan, bukan BPJS",Kosmetik
Kode Report sebaiknya secara default sudah langsung terurut secara ascending,Kosmetik
"Untuk penulisan tempo masih menggunakan t kecil, seharusnya T besar (Tempo) menyamakan dengan kolom lainnya. --&gt; Jatuh tempo &lt; 1 Tahun(Non Rupiah(d))",Kosmetik
"ada pesan terkait baris yang terus muncul, sedangkan baris sudah sesuai",Mayor
tidak bisa melakukan ubah pengguna,Mayor
"Pada menu report BPJSKES_07 (Rasio Keuangan) dengan jenis data Badan dan Dana Jaminan Sosial , untuk akun tidak sesuai dengan mockup",Mayor
"Menambahkan <br>1. Hasil Analisis Utama,<br>2. Analisis Perkembangan Neraca - 1<br>3. Analisis Perkembangan Neraca - 2<br>3. Analisis Laba/Rugi<br><br>Ketika menambahkan manual menampilkan notifikasi Data Berhasil Disimpan, namun ketika berhasil Simpan Draft atau Submit. Tambahan catatan tersebut tidak muncul/tampil",Mayor
Urutan kolom di bagian Uraian belum sesuai dengan Lampiran Metadata,Mayor
tidak bisa lakukan sinkronasi,Mayor
"Pada saat memilih tab Iuran, Hasil Investasi dan Manfaat namun judul yang muncul Pendapatan Iuran, Beban Jaminan, Hasil Investasi sehingga judul yang ada tidak sesuai dengan Lampiran Metadata",Minor
Data tidak muncul,Fatal
"ketika melakukan distribusi, muncul pop up gagal melakukan distribusi",Mayor
"log eror yang keluar harusnya \""Header hanya boleh 1\"" nya saja",Mayor
Email tidak masuk,Fatal
tidak mengakses form tambah namun muncul di aktivitas audit trail,Mayor
"Pada Tab Menu Rasio Keuangan Badan BPJS Kesehatan untuk legenda chart \""Rasio Beban Terhadap Pendapatan Operasional\"" dan \""Rasio Aset Neto Liabilitas\"" bisa ditambahkan simbol % seperti \""Rasio Likuiditas (%)\""",Kosmetik
"Ketika melakukan proses ideb, lalu klik button kirim Ideb, muncul pop up gagal, tetapi setelah keluar dari form proses, status pendaftaran berubah menjadi proses pengiriman",Mayor
Akun yang terdapat pada SBN BPJS Kesehatan tidak sesuai dengan Lampiran Metadata EDW BPJS Kesehatan,Mayor
"1. panjang maks seharusnya 16<br><br>2. kalo formatnya harus kosong, seharusnya tidak perlu muncul pesan error terkait format datanya<br><br>3. data di strukdat dengan txt berbeda (SS1)<br>",Mayor
Pana Menu Report BPJSKES_09 (Investasi) jenis data badan dan Dana Jaminan Sosial kolom pada tabel terdapat  perbedaan 1 kolom (Kolom Tujuan Kepemilikan) antara aplikasi dengan mockup,Mayor
Pada kolom haircut decimal value pada template tidak sesuai dengan strukdat,Minor
"ketika ubah salah satu pertanyaan template survey dan kik save, terjadi akses ditolak",Mayor
1. Alert lupa password terpotong dan tidak bisa diperjelas informasinya<br><br>2. Alert saat lupa password dengan karakter yang tidak sesuai,Minor
"Pada Menu Report BPJSKES_10, untuk kolom \""Luas\"" jika yang dimaksud Square meter bisa ditambahkan simbol (m2) dan format angkanya disesuaikan",Kosmetik
1. Alert lupa password terpotong dan tidak bisa diperjelas informasinya<br><br>2. Alert saat lupa password dengan karakter yang tidak sesuai,Minor
Alert lupa password terpotong dan tidak bisa diperjelas informasinya<br>,Minor
mohon jenis layanan Walkin diubah menjadi Walk In agar konsisten,Kosmetik
Pada kolom tabel untuk data terkait dengan uang bisa disesuaikan format angkanya,Kosmetik
"akun tester 1 sudah dengan role verifikator, namun belum masuk ke pilihan agent",Mayor
Data tidak muncul ketika di filter,Mayor
Data tidak muncul,Fatal
"Pada tes negatif strudat dan hasil log berbeda, seharusnya pada hasil log muncul redaksi \""titik\"" karena pada strukdat tes negatif bisa untuk +/-",Minor
Pilihan data pada list tidak terlihat,Minor
"1. Data tidak muncul (Rutin)<br><br>2. Data tidak muncul (Koreksi)<br><br>3. Tulisan ""LCR"" pada judul hasil klik preview tidak kapital",Fatal
"Satuannya harusnya bulan, tapi digrafik %",Kosmetik
"Titik point di setiap periode bulan tertutup dan tidak jelas saat labels,harus di hide labels dulu baru keliatan titik point setiap periode bulanya",Kosmetik
Terdapat kesalahan penulisan (Typo)<br>(SS1),Kosmetik
value yang berupa persentase seharusnya berupa decimal sesuai struktur data<br>,Mayor
Judul Pop up tidak sesuai dengan menu,Mayor
"Saat memilih sub menu â€œDaftar Pengawasâ€ pada menu Administrasi Forum Panel, sistem mengarahkan kembali ke halaman login.",Mayor
Data tidak muncul ketika di filter,Mayor
"Pada saat klik Cancel pada konfirmasi dalam proses Copy kegiatan, yang tampil bukan Input Jumlah Copy Kegiatan nya kembali seperti pada hasil yang diharapkan dari dokumen T.3.1",Mayor
"saat maksimal tiket diisi x, tiket yang terdistribusi 2x",Mayor
"Pada action ""Export"" di aplikasinya belum sesuai dengan skenarionya (SS1)",Minor
Header/judul tidak sama dengan nama sub menu,Kosmetik
Pilihan data pada list tidak terlihat,Minor
"1. Data tidak muncul (Rutin)<br><br>2. Data tidak muncul (Koreksi)<br><br>3. Tulisan ""NSFR"" pada judul hasil klik preview tidak kapital",Fatal
"1. Data tidak muncul (Rutin)<br><br>2. Data tidak muncul (Koreksi)<br><br>3. Tulisan ""LCR"" pada judul hasil klik preview tidak kapital",Fatal
"Saat melakukan penambahan data baru, data baru yang tampil pada urutan paling akhir.",Minor
"Belum ada penulisan ,00 pada nominal Rupiah.",Kosmetik
"saat pengiriman data sukses, email pengawas juga ikut masuk ke dalam sistem, seharusnya yang masuk hanya email LJK. Mohon dicek kembali agar email pengawas tidak ikut terproses dan hanya email LJK yang diterima sesuai dengan ketentuan",Mayor
"Data pada kolom Luas menggunakan format angka dgn dua digit desimal. Apakah nilai tsb sudah benar menggambarkan nilai harga (Rupiah<strong>) </strong>sehingga  menggunakan ,00 , atau ukuran luas (m2)?",Kosmetik
"Pada kolom 2 pada hasil log error muncul redaksi \""format data harus angka bilangan bulat dan bernilai positif\"" mohon disesuaikan pada semua form kolom 2",Minor
"Pada saat Label tidak ditampilkan Hover pada chart Segmen Peserta tidak menampilkan angka pada Chart tersebut, berbeda dengan Tab lainnya seperti Posisi Keuangan ataupun Portofolio Investasi",Minor
1. Saat tes kode komponen Single tetapi muncul redaksi yang berbeda dengan aplikasi apolo lainnya seperti terlampir<br>2. Apakah kode komponen memiliki nilai positif sehingga muncul log eror seperti terlampir karena diketerangan strukdat tidak ada penjelasan tsb<br>3. pada baris 11 muncul eror kolom 3 format data belum sesuai padahal yg diubah hanya kolom 2<br>,Minor
Untuk Nama-nama akun pada BPJSKES_01 dan BPJSKES_02 dengan jenis data Dana Jaminan Sosial untuk disesuaikan nama akunnya tidak semua jenis akun menggunakan font Bold,Kosmetik
Header/judul tidak sama dengan nama sub menu,Kosmetik
"pada absensi, sudah diubah waktu batas pelaporannya. namun untuk Status  Pelaporan  setelah PUJK dinyatakan â€œTidak Laporâ€ nya belum berubah",Mayor
"Terdapat kalimat Typo pada \""manajer investrasi\""<br><br>",Kosmetik
"tulisan \""LCR\' tidak kapital",Kosmetik
"Pada kolom 2 pada hasil log error muncul redaksi \\\""format data harus angka bilangan bulat dan bernilai positif\\\"" mohon disesuaikan pada semua form kolom 2",Minor
saat melakukan view detail daftar dokumen forum panel  field  <br>urutan dokumen belum muncul,Mayor
Untuk penulisan isi data pada pie chart pada mokup dinyatakan dalam bentuk persentase,Kosmetik
"Saat melakukan penambahan data baru dengan jenis usaha â€œEmiten dan Perusahaan Publikâ€, data tersebut tidak muncul pada halaman Daftar Dokumen Forum Panel.",Mayor
"1. pada template terdapat Kata ""LJK-1"" dan pada report basic hanya LJK saja, harusnya LJK-1 belum sesuai tamplate<br><br>2. terdapat baris yang belum ada pada report basic, belum sesuai tamplate<br><br>3. terdapat baris yang belum ada sesuai tamplate dan pada tamplate LJK-N sedangkan pada web hanya LJK<br><br>4. penomoran belum sesuai dengan tamplate",Mayor
"Saat melakukan penambahan data baru, data baru yang tampil pada urutan paling akhir.",Minor
"Pada saat melakukan ekspor PDF dengan tipe Layout Portrait pada Halaman 3 yang seharusnya isinya hanya Portofolio Investasi Dana Jaminan, namun bagian dari Jumlah Peserta (982.440.000 Peserta) yang seharusnya ada di Tab Segmen Peserta tetap ikut terkspor dalam PDF (Portofolio Investasi Dana) tersebut.",Kosmetik
"saat pilih provinsi, pilihan JAWA BARAT ada 2 pilihan",Minor
data tidak ditemukan pada form A0700,Fatal
data tidak ditemukan pada form A0900,Fatal
data tidak ditemukan pada form A1000,Fatal
"1. Untuk letak chart Pendapatan Iuran, Beban Jaminan, Hasil Investasi pada mockup berada disebelah kiri, pada aplikasi berada disebelah kanan.<br><br>2. Pada aplikasi chart  Pendapatan Iuran, Beban Jaminan, Hasil Investasi tertulis \""Beban Jaminan\"" pada mockup \""Beban Jaminan Kesehatan\""<br><br>3. Pada aplikasi chart Pendapatan Iuran, Beban Jaminan, Hasil Investasi, pada aplikasi legenda hanya tertulis \""iuran\"" sedangkan pada mockup \""Pendapatan iuran\""",Minor
"label waktu penyampaian pada preview belum sesuai, mohon di cek pada semua form",Mayor
"tidak ada spasi pada kolom \""sandi entitas Penerima dana\""",Kosmetik
ketika proses data di parameter muncul error,Mayor
1. Pada saat tes desimal baris 33 muncul rumus<br>2. Pada saat tes negatif baris 33 muncul rumus,Minor
Pada rumus tidak sesuai,Minor
"Saat melakukan penambahan data baru, data baru yang tampil pada urutan paling akhir.",Minor
"Pada saat klik Cancel pada konfirmasi dalam proses Copy kegiatan, yang tampil bukan Input Jumlah Copy Kegiatan nya kembali seperti pada hasil yang diharapkan dari dokumen T.3.1",Mayor
Pada saat klik centang setuju dan klik Kirim Laporan muncul alert seperti pada lampiran gambar.,Fatal
Salin Kode Pendaftaran yang datanya ditambahkan dari public belum berfungsi,Mayor
di csv tidak ada textbox nya dari admin&amp;jamnya,Minor
1. kode sektor tidak sesuai pada saat generate dari template<br>2. isi data form 0201 dari hasil generate tidak sesuai,Mayor
pada kolom  field tahun dan semester masih dapat di input karakter,Minor
1. Belum ada spasi pada field nama<br>2. Mohon di hilangkan underscore,Kosmetik
saat melakukan view detail dokumen forum panel lainnya    field  <br>urutan belum muncul,Mayor
ETL skenario 7 LCRUM hasilnya lolos client tapi gagal di email berbeda dengan pelaporan lainnya yang gagal di client sesuai dengan hasil yg diharapkan,Minor
saat melakukan view detail terdapat  judul pop up  belum sesuai <br><br>,Kosmetik
saat melakukan view detail terdapat  judul pop up  belum sesuai <br><br>,Kosmetik
"pergantian password ketika kadaluarsa, dan sudah sesuai misal menjadi \""P@ssw0rd.123\"" tetapi tidak bisa dan muncul kesalahan seperti pada gambar",Mayor
saat melakukan view detail terdapat  judul pop up  belum sesuai <br><br>,Kosmetik
saat melakukan view detail terdapat  judul pop up  belum sesuai <br><br>,Kosmetik
Grafik tidak berubah walaupun data sudah di filter,Minor
"1. tidak terhubung ke aplikasi client, tapi saat melakukan skenario pelaporan dan menceklis 2 kotak hijau sukses <br><br>2. namun saat melakukan skenario kirim data pada aplikasi tidak berhasil karena muncul log error gagal terhubung ke server<br><br>",Fatal
Saat menjalankan skenario sukses email masuk ke pengawas seharusnya hanya skenario Gagal saja<br>,Minor
menu Laporan Statistik seharusnya tidak muncul pada role selain Administrator/Supervisor,Minor
"Saat menjalankan skenario 10 hasil yang diharapkan Sukses tetapi email gagal dengan redaksi ""No surat tidak boleh kosong"" padahal apolo ini tidak ada nomor surat",Fatal
"ketika melakukan export PDF dan TXT, proses berhasil tetapi belum masuk audit trail",Mayor
Untuk penulisan semua kolom lebih baik ditambahkan spasi supaya lebih mudah dibaca dan lebih senada dgn yg lainnya. Misal: <br>Jatuh Tempo &lt; 1 Tahun(Non Rupiah(d)) menjadi<br>Jatuh Tempo &lt; 1 Tahun (Non Rupiah (d)),Kosmetik
data tidak muncul di kolom,Mayor
export PDF dan TXT belum tercatat pada audit trail,Mayor
"1. validasi kolom 2 tidak sesuai dengan karakter pada strukdat<br>2. Validasi Karakter pada kolom 3 belum sesuai strukdat<br>3. Ketika kolom 4 dibuat berbeda setiap baris belum muncul pesan kolom 3 minimal harus 2<br>4. Untuk baris pertama grup, jika kolom 5-10 diisi, belum muncul pesan wajib kosong<br>5. Untuk baris pertama grup, jika kolom 14-15 dikosongkan, belum muncul pesan wajib diisi<br>6. Untuk baris grup selain header, jika kolom 5-10 dikosongkan, belum muncul pesan wajib diisi<br>7. Untuk baris grup selain header, jika kolom 14-15 diisi, belum muncul pesan wajib kosong8. Pada baris pertama grup muncul pesan baris adalah rincian, dan pada 
baris rincian pertama muncul pesan baris adalah header grup<br>9. Jika diisi tab pada kolom 5-10 muncul pesan wajib diisi<br>10. Muncul pop up kesalahan validasi ketika kolom 11-15 diisi salah11. Kolom 15 pada struktur data seharusnya boleh negatif 12. Diisi hanya header lolos13. No identitas dan no rekening sama persis masih lolos (pada strukdat merupakan PK)",Mayor
"1. Validasi karakter pada kolom 2 belum  sesuai strukdat<br>2. Validasi Karakter pada kolom 3 belum sesuai strukdat<br>3. Jika kolom 3 diisi 11 muncul pesan wajib diisi pada kolom 4<br>4. Untuk baris pertama grup, jika kolom 5-10 diisi, belum muncul pesan wajib kosong<br>5. Untuk baris pertama grup, jika kolom 14-15 dikosongkan, belum muncul pesan wajib diisi<br>6. Untuk baris grup selain header, jika kolom 5-10 dikosongkan, belum muncul pesan wajib diisi<br>7. Untuk baris grup selain header, jika kolom 14-15 diisi, belum muncul pesan wajib kosong<br>8. Pada baris pertama grup muncul pesan baris adalah rincian, dan pada baris rincian pertama muncul pesan baris adalah header grup<br>9. Jika diisi tab pada kolom 5-10 muncul pesan wajib diisi<br>10. Muncul pop up kesalahan validasi ketika kolom 11-15 diisi salah11. Kolom 15 pada struktur data seharusnya boleh negatif 12. Diisi hanya header lolos13. No identitas dan no rekening sama persis masih lolos (pada strukdat merupakan PK)",Mayor
Nomor surat sudah diinput tetapi hasil email dan monitoring gagal dengan redaksi nomor surat belum diinput,Mayor
Muncul pop-up â€œRequest Rejectedâ€ ketika mencari keyword â€œupdateâ€ pada filter kolom,Minor
data tidak lolos validasi,Mayor
"berdasarkan penjelasan temuan no 50, maka seharusnya 31,32, dan 34 muncul error seperti baris 33",Minor
saat mengisi  daftar pengawas dan daftar panelis data yang tersimpan beda dari hasil  inputan <br><br>,Mayor
"Pada hasil log error untuk panjang maksimum belum sesuai, seharusnya pada tes +/- panjang maksimum 7, dan 20",Minor
pada baris 131 rumus pada strukdat/template tidak sesuai,Minor
tidak bisa melakukan edit kehadiran dari seketariat <br><br>,Mayor
"Pada hasil export excel, mohon untuk mengganti dengan bahasa baku pada bagian persetujuan Riviu ubah jadi Reviu",Kosmetik
"Tidak bisa mengexport excel dan pdf pada section laporan posisi keuangan,laba/rugi,lap perubahan modal(ekuitas)<br>",Fatal
Status Laporan pada data/laporan yang sudah dikirim masih Blank.,Mayor
"Mohon untuk judul pada export data tiap data nama di excel maupun PDF diperjelas atau ditambahkan sesuai data yang ada seperti Aset, Ekuitas, EMD, Laba/rugi dll karna di hasil export tidak sesuai",Minor
1. nama kolom pada hasil download pdf dan excel belum center<br><br>2. nama kolom pada hasil download pdf kurang jelas,Kosmetik
"Tidak bisa mengexport excel dan pdf pada section laporan posisi keuangan,laba/rugi,lap perubahan modal(ekuitas)",Fatal
Data tidak lolos validasi,Mayor
1. Karakter yang diperbolehkan pada kolom 2 belum sesuai struktur data<br>2. No identitas dan no rekening sama persis masih lolos (pada strukdat merupakan PK)3. Diisi hanya header lolos,Mayor
1. Karakter yang diperbolehkan pada kolom 2 belum sesuai struktur data<br>2. No identitas dan no rekening sama persis masih lolos (pada strukdat merupakan PK)3. Diisi hanya header lolos,Mayor
Penamaan hasil download Excel &amp; PDF nya belum sesuai (SS1),Minor
"saat  melakukan  tambah data baru, data baru yang tampil pada urutan paling akhir.",Minor
Report Basic Tidak Muncul,Fatal
Report basic tidak muncul,Fatal
Penulisan Jenis Data Pada data filter kurang spasi,Kosmetik
Report basic tidak muncul,Fatal
Report basic tidak muncul,Fatal
Urutan perusahaan pada aplikasi dan spreadsheets berbeda,Kosmetik
sandi perusahaan berbeda dan urutan<br><br>,Kosmetik
beberapa label kolom belum sesuai t.43,Kosmetik
"Saat klik icon Lihat di Laporan yang sudah dibuat pada menu Laporan Pelaksaan Edukasi, muncul alert seperti lampiran gambar.",Fatal
"1. Data tidak muncul (Rutin)<br><br>2. Data tidak muncul (Koreksi)<br><br>3. Tulisan \""LCR\"" pada judul hasil klik preview tidak kapital",Fatal
tabel nama panelis dan nama pengawas belum muncul,Minor
"Saat melakukan submit pengajuan ke approver, data  tidak berhasil terkirim",Mayor
"Ketika klik download, hasil download error.",Mayor
"ketika klik Login pada RO, tampil error :Aplikasi Error Maaf, terjadi hal-hal yang tidak terduga pada Server sehingga permintaan Anda tidak dapat kami penuhi.<br>Anda bisa kembali ke halaman utama:",Fatal
Sistem tidak ada mengirimkan email ke pemohon terkait detail data penarikan permintaan laporan keuangan berdasarkan status yang dipilih,Mayor
"Typo pada kolom <strong>Ururtan, </strong>seharusnya <strong>Urutan </strong>(Terjadi pada Web dan file Excel)",Kosmetik
Belum Dapat di Uji,Fatal
data tidak ditemukan pada form A1200 Koreksi,Fatal
data tidak ditemukan pada form A0901 Koreksi,Fatal
data tidak sesuai pada form A0900 Koreksi,Mayor
angka yang keluar belum sesuai dengan tamplate,Kosmetik
"ketika melakukan ubah data, proses berhasil tetapi tidak masuk log transaksi",Mayor
belum dapat melakukan hapus data,Mayor
tabel nama panelis dan nama pengawas belum muncul,Minor
"Pada kolom 5 untuk panjang maksimum tidak muncul, hanya beberapa baris saja yang muncul,  mohon disesuaikan",Minor
"ketika klik Login pada RO, tampil error :Aplikasi Error Maaf, terjadi hal-hal yang tidak terduga pada Server sehingga permintaan Anda tidak dapat kami penuhi.<br>Anda bisa kembali ke halaman utama:",Fatal
